nct_id,final_screening,decision_basis,adjudication_reason,brief_title,study_type,overall_status,start_date,study_first_post_date,registry_last_update_post_date,enrollment,lead_sponsor,interventions,countries,has_results,minimum_age,maximum_age,sex,conditions,flash_triage,flash_confidence,sol_audit
NCT00023543,exclude,legacy_recorded_adjudication,Legacy record-level exclusion preserved in ai_triage.csv human_decision_existing; retained explicitly during freeze reconciliation.,Reduction of Triglycerides in Women on Hormone Replacement Therapy,INTERVENTIONAL,COMPLETED,2001-09,2001-09-07,2013-06-19,508,University of Pittsburgh,"Diet, fat-restricted; Exercise",United States,False,52 Years,60 Years,FEMALE,Cardiovascular Diseases; Atherosclerosis; Postmenopause; Heart Diseases,obvious_exclude,high,agree_obvious_exclude
NCT00082082,exclude,legacy_recorded_adjudication,Legacy record-level exclusion preserved in ai_triage.csv human_decision_existing; retained explicitly during freeze reconciliation.,A Trial of Thymalfasin in Adult Patients With Hepatocellular Carcinoma,INTERVENTIONAL,COMPLETED,,2004-04-30,2008-01-15,,SciClone Pharmaceuticals,Thymalfasin (thymosin alpha-1); Trans arterial chemoembolization (TACE),United States,False,18 Years,,ALL,"Carcinoma, Hepatocellular",obvious_exclude,high,agree_obvious_exclude
NCT00146146,include,recorded_adjudication,Human confirmation: explicit TGD population; testosterone and its metabolites are directly manipulated and analyzed as gender-affirming hormone treatment variables.,Testosterone and Its Metabolites in GID,INTERVENTIONAL,COMPLETED,2005-05,2005-09-05,2018-03-21,15,Unita Complessa di Ostetricia e Ginecologia,testosterone undecanoate alone; testosterone undecanoate plus letrozole; testosterone undecanoate plus dutasteride,Italy,False,18 Years,45 Years,FEMALE,Transsexualism,likely_include,high,agree_likely_include
NCT00188708,exclude,legacy_recorded_adjudication,Legacy record-level exclusion preserved in ai_triage.csv human_decision_existing; retained explicitly during freeze reconciliation.,Effect of Casodex on Tumour Hypoxia - Prostate Cancer,INTERVENTIONAL,COMPLETED,2001-04,2005-09-16,2024-03-18,30,"University Health Network, Toronto",hypoxia measurement,Canada,False,18 Years,,MALE,Prostatic Neoplasms,obvious_exclude,high,agree_obvious_exclude
NCT00450749,exclude,legacy_recorded_adjudication,Legacy record-level exclusion preserved in ai_triage.csv human_decision_existing; retained explicitly during freeze reconciliation.,Lycopene in Treating Patients Undergoing Radical Prostatectomy for Prostate Cancer,INTERVENTIONAL,COMPLETED,2008-02,2007-03-22,2019-12-18,10,National Cancer Institute (NCI),placebo; therapeutic conventional surgery; laboratory biomarker analysis; lycopene,United States,True,18 Years,,MALE,Adenocarcinoma of the Prostate; Stage I Prostate Cancer; Stage II Prostate Cancer; Stage III Prostate Cancer,obvious_exclude,high,agree_obvious_exclude
NCT00544882,exclude,legacy_recorded_adjudication,Legacy record-level exclusion preserved in ai_triage.csv human_decision_existing; retained explicitly during freeze reconciliation.,A Study to Evaluate Hormone Patterns and Ovarian Follicular Activity With DR-1021,INTERVENTIONAL,COMPLETED,2007-10-31,2007-10-16,2021-11-18,61,"Teva Branded Pharmaceutical Products R&D, Inc.",DR-1021; Mircette®; Kariva®,United States,True,18 Years,35 Years,FEMALE,Healthy,obvious_exclude,high,agree_obvious_exclude
NCT00608400,exclude,legacy_recorded_adjudication,Legacy record-level exclusion preserved in ai_triage.csv human_decision_existing; retained explicitly during freeze reconciliation.,Effect of Dietary Conjugated Linoleic Acid (CLA) on Parathyroid Hormone in Men,INTERVENTIONAL,COMPLETED,2008-12,2008-02-06,2012-03-02,55,McGill University,Clarinol CLA,Canada,False,19 Years,53 Years,MALE,Healthy,obvious_exclude,high,agree_obvious_exclude
NCT00668603,exclude,validated_obvious_exclude_stratum,No individual adjudication recorded; retained as an obvious exclude after the predefined Sol audit and 25-study low-priority QC sample showed no obvious-exclude reversals.,Comparison of Vascular Findings Between Symptomatic and Asymptomatic Postmenopausal Women Before and During Hormone Therapy (HRT),INTERVENTIONAL,COMPLETED,2005-08,2008-04-29,2016-02-19,160,University of Helsinki,17-b-estradiol; 17-b-estradiol + medroxyprogeterone acetate; 17-b-estradiol hemihydrate; placebo pill + gel,Finland,False,48 Years,55 Years,FEMALE,Postmenopausal Vasomotor Symptoms; Cardiovascular Disease,obvious_exclude,high,
NCT00684606,exclude,validated_obvious_exclude_stratum,No individual adjudication recorded; retained as an obvious exclude after the predefined Sol audit and 25-study low-priority QC sample showed no obvious-exclude reversals.,Transcervical Foley Catheter With or Without Oxytocin for Induction of Labor,INTERVENTIONAL,UNKNOWN,2008-05,2008-05-26,2008-06-19,120,Sheba Medical Center,Oxytocin IV,Israel,False,15 Years,50 Years,FEMALE,Pregnancy; Induction of Labor,obvious_exclude,high,
NCT00705796,exclude,validated_obvious_exclude_stratum,No individual adjudication recorded; retained as an obvious exclude after the predefined Sol audit and 25-study low-priority QC sample showed no obvious-exclude reversals.,Influence of Administration Route of Testosterone on Male Fertility,INTERVENTIONAL,WITHDRAWN,,2008-06-26,2018-03-13,0,Acerus Pharmaceuticals Corporation,"MPP10, testosterone; Testosterone",Netherlands,False,50 Years,80 Years,MALE,Hypogonadism,obvious_exclude,high,
NCT00711607,exclude,validated_obvious_exclude_stratum,No individual adjudication recorded; retained as an obvious exclude after the predefined Sol audit and 25-study low-priority QC sample showed no obvious-exclude reversals.,"A Trial to Assess the Pharmacokinetic Profile (e.g., Uptake, Distribution and Excretion of a Substance in the Body) of Nomegestrol Acetate (NOMAC), Estradiol (E2) and Estrone (E1) After Multiple and Single Dose Administration of the Combined Oral Contraception NOMAC-E2 (COMPLETED)(P05822)",INTERVENTIONAL,COMPLETED,2007-05-01,2008-07-09,2022-02-03,25,Organon and Co,nomegestrol acetate and estradiol,,False,18 Years,50 Years,FEMALE,Healthy,obvious_exclude,high,
NCT00766857,exclude,validated_obvious_exclude_stratum,No individual adjudication recorded; retained as an obvious exclude after the predefined Sol audit and 25-study low-priority QC sample showed no obvious-exclude reversals.,Effects of Exenatide in Type 2 Diabetic Patients With Congestive Heart Failure,INTERVENTIONAL,COMPLETED,2009-05,2008-10-06,2015-12-09,27,"Amsterdam UMC, location VUmc",exenatide; Insulin glargine,Netherlands,False,18 Years,,ALL,Type 2 Diabetes Mellitus; Congestive Heart Failure,obvious_exclude,high,
NCT00789607,exclude,validated_obvious_exclude_stratum,No individual adjudication recorded; retained as an obvious exclude after the predefined Sol audit and 25-study low-priority QC sample showed no obvious-exclude reversals.,Fiducial Localization and Individualized Radiotherapy -Prostate Cancer,INTERVENTIONAL,COMPLETED,2008-06,2008-11-13,2024-03-18,17,"University Health Network, Toronto",Transrectal APT Device or Transperineal Device will be used; TRUS probe,Canada,False,18 Years,,MALE,Prostate Cancer,obvious_exclude,high,
NCT00805701,exclude,validated_obvious_exclude_stratum,No individual adjudication recorded; retained as an obvious exclude after the predefined Sol audit and 25-study low-priority QC sample showed no obvious-exclude reversals.,Study Assessing The Efficacy And Safety Of Avodart (Dutasteride) At Improving Urinary Symptoms In Men With Prostate Cancer Who Are Undergoing Seed Implantation,INTERVENTIONAL,COMPLETED,2009-01,2008-12-10,2014-05-14,40,"Bay State Clinical Trials, Inc.",avodart; Placebo,United States,False,35 Years,90 Years,MALE,Prostate Cancer,obvious_exclude,high,
NCT00831233,exclude,validated_obvious_exclude_stratum,No individual adjudication recorded; retained as an obvious exclude after the predefined Sol audit and 25-study low-priority QC sample showed no obvious-exclude reversals.,Symptomatic Study Investigating Degarelix in Patients Suffering From Prostate Cancer,INTERVENTIONAL,TERMINATED,2009-04,2009-01-28,2013-11-11,42,Ferring Pharmaceuticals,Degarelix; Goserelin; Bicalutamide,Germany; Spain; United Kingdom,True,18 Years,,MALE,Prostate Cancer,obvious_exclude,high,
NCT00833248,exclude,validated_obvious_exclude_stratum,No individual adjudication recorded; retained as an obvious exclude after the predefined Sol audit and 25-study low-priority QC sample showed no obvious-exclude reversals.,Neoadjuvant Study Investigating Degarelix in Patients Suffering From Prostate Cancer,INTERVENTIONAL,COMPLETED,2009-04,2009-02-02,2012-10-04,246,Ferring Pharmaceuticals,Degarelix; Goserelin; Bicalutamide,France; Germany; Greece; Netherlands; Spain; United Kingdom; United States,True,18 Years,,MALE,Prostate Cancer,obvious_exclude,high,
NCT00866554,exclude,validated_obvious_exclude_stratum,No individual adjudication recorded; retained as an obvious exclude after the predefined Sol audit and 25-study low-priority QC sample showed no obvious-exclude reversals.,Efficacy and Toxicity of Bicalutamide and Dutasteride vs. Standard Care for Prostate Cytoreduction for Brachytherapy,INTERVENTIONAL,COMPLETED,2009-03,2009-03-20,2023-06-02,60,CHU de Quebec-Universite Laval,"administration of a LHRH agonist and Bicalutamide; administration of Bicalutamide, Dutasteride and Tamoxifen",Canada,False,18 Years,,MALE,Prostate Cancer; Erectile Dysfunction; Lower Urinary Tract Symptoms,obvious_exclude,high,
NCT00884273,exclude,validated_obvious_exclude_stratum,No individual adjudication recorded; retained as an obvious exclude after the predefined Sol audit and 25-study low-priority QC sample showed no obvious-exclude reversals.,Investigation of the Effect of Degarelix in Terms of Prostate Volume Reduction in Prostate Cancer Patients,INTERVENTIONAL,COMPLETED,2009-08,2009-04-20,2013-11-13,182,Ferring Pharmaceuticals,Degarelix; Goserelin; Bicalutamide,Belgium; Denmark; Finland; Italy; Norway; Portugal; Sweden; Turkey (Türkiye),True,18 Years,,MALE,Prostate Cancer,obvious_exclude,high,
NCT00887380,exclude,validated_obvious_exclude_stratum,No individual adjudication recorded; retained as an obvious exclude after the predefined Sol audit and 25-study low-priority QC sample showed no obvious-exclude reversals.,STARS Breast Trial (Study of Anastrozole and Radiotherapy Sequencing),INTERVENTIONAL,UNKNOWN,2009-09-16,2009-04-24,2022-11-18,2023,Trans Tasman Radiation Oncology Group,Pre-radiotherapy commencement of anastrozole; Radiotherapy; Post radiotherapy commencement of anastrozole,Australia; New Zealand,False,18 Years,,FEMALE,Breast Cancer,obvious_exclude,high,
NCT00962637,exclude,recorded_adjudication,"Human confirmation: the study evaluates enclomiphene and AndroGel for secondary hypogonadism in men, not a TGD population and not GAHT.",Study to Evaluate the Safety and Efficacy of Androxal™ Treatment in Men With Secondary Hypogonadism,INTERVENTIONAL,COMPLETED,2006-03,2009-08-20,2010-02-11,194,Repros Therapeutics Inc.,Androxal; Androxal; AndroGel; Placebo,United States,False,18 Years,68 Years,MALE,Secondary Hypogonadism,obvious_exclude,high,agree_obvious_exclude
NCT00985738,exclude,validated_obvious_exclude_stratum,No individual adjudication recorded; retained as an obvious exclude after the predefined Sol audit and 25-study low-priority QC sample showed no obvious-exclude reversals.,Role of Dutasteride in Patients Undergoing 3D Mapping Biopsy in Early Stage Prostate Cancer,INTERVENTIONAL,TERMINATED,,,2016-05-17,16,,Dutasteride; Placebo,,False,40 Years,85 Years,MALE,Prostate Cancer,obvious_exclude,high,
NCT01065220,include,recorded_adjudication,Human confirmation: explicit TGD population; brain serotonin-transporter binding is measured before and after sex-steroid hormone therapy.,Sex Steroids and the Serotonin Transporter,INTERVENTIONAL,COMPLETED,2010-02,2010-02-09,2014-01-03,32,Medical University of Vienna,Testolactone undecanoate; Lynestrenol; Cyproterone Acetate; Estradiol; 5-alpha reductase inhibitor,Austria,False,18 Years,55 Years,ALL,Transsexualism,likely_include,high,agree_likely_include
NCT01072825,include,recorded_adjudication,Human confirmation: explicit TGD population; participants are prospectively followed through cross-sex hormone treatment with treatment-related outcomes measured.,A European Network for the Investigation of Gender Incongruence,OBSERVATIONAL,RECRUITING,2010-02-15,2010-02-22,2023-12-11,125,"University Hospital, Ghent",questionnaires; blood sampling; clinical evaluation; Dermatology evaluation; Bone evaluation,Belgium; Italy; Netherlands; Norway,False,18 Years,,ALL,Physical and Psychological Evaluation of Hormonal Therapy in Transsexual Persons,likely_include,high,agree_likely_include
NCT01171911,exclude,validated_obvious_exclude_stratum,No individual adjudication recorded; retained as an obvious exclude after the predefined Sol audit and 25-study low-priority QC sample showed no obvious-exclude reversals.,Comparison of Intravenous Injection of Calcium Antagonist and Beta-blockade on Endothelial Shear Stress of Coronary Artery,INTERVENTIONAL,UNKNOWN,2010-10,2010-07-29,2010-07-29,200,Nanjing Medical University,"Nicardipine , Esmolol",China,False,18 Years,75 Years,ALL,Acute Coronary Syndrome; Coronary Artery Disease,obvious_exclude,high,
NCT01292785,include,recorded_adjudication,Human confirmation: explicit TGD population; hormone-induced brain changes are measured before and after testosterone/estradiol treatment.,"Effects of Sex Steroid Hormones on Human Brain Function, Structure and Connectivity",OBSERVATIONAL,COMPLETED,2011-01,2011-02-10,2015-04-09,80,Medical University of Vienna,Hormones,Austria,False,18 Years,55 Years,ALL,Gender Identity Disorder,likely_include,high,agree_likely_include
NCT01354977,exclude,validated_obvious_exclude_stratum,No individual adjudication recorded; retained as an obvious exclude after the predefined Sol audit and 25-study low-priority QC sample showed no obvious-exclude reversals.,Effect of Resveratrol on Age-related Insulin Resistance and Inflammation in Humans,INTERVENTIONAL,COMPLETED,2008-03,2011-05-17,2022-03-08,20,Albert Einstein College of Medicine,Resveratrol,United States,True,45 Years,65 Years,ALL,Type 2 Diabetes Mellitus; Insulin Resistance,obvious_exclude,high,
NCT01523483,exclude,validated_obvious_exclude_stratum,No individual adjudication recorded; retained as an obvious exclude after the predefined Sol audit and 25-study low-priority QC sample showed no obvious-exclude reversals.,Vaginal Progesterone for Prevention of Preterm Birth After an Episode of Preterm Labor,INTERVENTIONAL,COMPLETED,2012-03,2012-02-01,2015-04-22,30,University Medical Centre Ljubljana,Progesterone; placebo vaginal capsules,Slovenia,False,18 Years,48 Years,FEMALE,Preterm Birth,obvious_exclude,high,
NCT01534351,exclude,validated_obvious_exclude_stratum,No individual adjudication recorded; retained as an obvious exclude after the predefined Sol audit and 25-study low-priority QC sample showed no obvious-exclude reversals.,Comparison of Finasteride and Tamsulosin for Treatment of Benign Prostatic Hyperplasia (BPH) (MK-0906A-149 AM2),INTERVENTIONAL,TERMINATED,,,2018-08-29,1,,Finasteride; Tamsulosin; Finasteride-matching placebo; Tamsulosin-matching placebo,,False,50 Years,,MALE,Benign Prostatic Hyperplasia,obvious_exclude,high,
NCT01653925,exclude,validated_obvious_exclude_stratum,No individual adjudication recorded; retained as an obvious exclude after the predefined Sol audit and 25-study low-priority QC sample showed no obvious-exclude reversals.,Molecular Mechanisms of Dutasteride and Dietary Interventions to Prevent Prostate Cancer and Reduce Its Progression,INTERVENTIONAL,ACTIVE_NOT_RECRUITING,2010-10-28,2012-07-31,2025-11-24,120,CHU de Quebec-Universite Laval,Dietary intervention first; Drug (Dutasteride) intervention first,Canada,False,35 Years,75 Years,MALE,Prostatic Neoplasms; Low Grade Prostate Cancer,obvious_exclude,high,
NCT01662466,exclude,recorded_adjudication,"Human confirmation: testosterone is administered to women with diminished ovarian reserve to improve IVF-related ovarian and embryo outcomes; this is a fertility indication, not GAHT, and no TGD population is defined.",Effect of Testosterone Treatment on Embryo Quality,INTERVENTIONAL,UNKNOWN,2012-07-01,2012-08-10,2020-11-12,180,Center for Human Reproduction,Testosterone cream (0.5mg per gram); DHEA; Placebo,United States,False,38 Years,44 Years,FEMALE,Primary Ovarian Insufficiency; Female Infertility Due to Diminished Ovarian Reserve,obvious_exclude,high,agree_obvious_exclude
NCT01720459,exclude,validated_obvious_exclude_stratum,No individual adjudication recorded; retained as an obvious exclude after the predefined Sol audit and 25-study low-priority QC sample showed no obvious-exclude reversals.,Effects of Micronized Trans-resveratrol Treatment on Polycystic Ovary Syndrome (PCOS) Patients,INTERVENTIONAL,UNKNOWN,2012-12,2012-11-02,2012-11-02,40,Poznan University of Medical Sciences,Micronized trans-resveratrol; Placebo,Poland,False,18 Years,40 Years,FEMALE,Polycystic Ovary Syndrome (PCOS),obvious_exclude,high,
NCT01755182,exclude,validated_obvious_exclude_stratum,No individual adjudication recorded; retained as an obvious exclude after the predefined Sol audit and 25-study low-priority QC sample showed no obvious-exclude reversals.,Systemic Therapy With or Without Upfront Transarterial Embolization for Inoperable Liver Metastasis of Neuroendocrine Tumors,INTERVENTIONAL,TERMINATED,2013-07,2012-12-24,2016-05-06,1,"National Cancer Institute, Naples",approved pharmacologic therapy; TAE,Italy,False,18 Years,80 Years,ALL,Neuroendocrine Tumors,obvious_exclude,high,
NCT01812161,exclude,validated_obvious_exclude_stratum,No individual adjudication recorded; retained as an obvious exclude after the predefined Sol audit and 25-study low-priority QC sample showed no obvious-exclude reversals.,Effect of Low-frequency Electroacupuncture (EA) on Polycystic Ovary Syndrome,INTERVENTIONAL,COMPLETED,2012-11,2013-03-18,2018-02-26,54,Huazhong University of Science and Technology,acupuncture protocol 1; Acupuncture protocol 2,China,False,18 Years,28 Years,FEMALE,Polycystic Ovary Syndrome,obvious_exclude,high,
NCT01828320,exclude,validated_obvious_exclude_stratum,No individual adjudication recorded; retained as an obvious exclude after the predefined Sol audit and 25-study low-priority QC sample showed no obvious-exclude reversals.,"Triple Vulnerability? Circadian Tendency, Sleep Deprivation and Adolescence",INTERVENTIONAL,COMPLETED,2013-03,2013-04-10,2025-09-02,176,"University of California, Berkeley","Cognitive Behavior Therapy for Insomnia, Interpersonal and Social Rhythms Therapy, Chronotherapy; Psychoeducation",United States,True,10 Years,18 Years,ALL,Eveningness/Sleep,obvious_exclude,high,
NCT01858194,exclude,validated_obvious_exclude_stratum,No individual adjudication recorded; retained as an obvious exclude after the predefined Sol audit and 25-study low-priority QC sample showed no obvious-exclude reversals.,REnal Sympathetic dEnervaTion as an a Adjunct to Catheter-based VT Ablation,INTERVENTIONAL,COMPLETED,2013-03,2013-05-21,2020-04-17,21,Vivek Reddy,Renal sympathetic denervation; VT ablation alone,Czechia; United States,True,18 Years,,ALL,Ventricular Tachycardia,obvious_exclude,high,
NCT01880489,exclude,recorded_adjudication,Human confirmation: explicit transgender-women population; behavioral sexual-risk/substance-use intervention with no GAHT research role.,Multicomponent Intervention to Reduce Sexual Risk and Substance Use,INTERVENTIONAL,COMPLETED,2013-06,2013-06-19,2018-08-07,143,Hunter College of City University of New York,MI + CBST Intervention,United States,False,18 Years,,FEMALE,HIV; Sexually Transmitted Infections; Substance Use,human_review,medium,likely_exclude
NCT01882985,exclude,validated_obvious_exclude_stratum,No individual adjudication recorded; retained as an obvious exclude after the predefined Sol audit and 25-study low-priority QC sample showed no obvious-exclude reversals.,"Docetaxel Plus Lycopene in Castration Resistant, Chemotherapy-Naïve Prostate Cancer Patients",INTERVENTIONAL,COMPLETED,2010-12,2013-06-21,2021-01-05,14,"University of California, Irvine",Docetaxel; Lycopene,United States,True,21 Years,,MALE,Adenocarcinoma of the Prostate; Recurrent Prostate Cancer; Stage I Prostate Cancer; Stage IIA Prostate Cancer; Stage IIB Prostate Cancer; Stage III Prostate Cancer,obvious_exclude,high,
NCT01897324,exclude,validated_obvious_exclude_stratum,No individual adjudication recorded; retained as an obvious exclude after the predefined Sol audit and 25-study low-priority QC sample showed no obvious-exclude reversals.,IVF/ICSI Protocols in Poor Responders With Growth Hormone,INTERVENTIONAL,COMPLETED,2013-07,2013-07-11,2015-10-20,287,"Woman's Health University Hospital, Egypt","Growth hormone (Norditropin, Novo nordisk)",Egypt,False,20 Years,45 Years,FEMALE,Female Infertility Due to Diminished Ovarian Reserve,obvious_exclude,high,
NCT01931982,exclude,validated_obvious_exclude_stratum,No individual adjudication recorded; retained as an obvious exclude after the predefined Sol audit and 25-study low-priority QC sample showed no obvious-exclude reversals.,Effect of Glucagon-like Peptide 1 (GLP-1) on Microvascular Myocardial Function in Patients With Type 2 Diabetes.,INTERVENTIONAL,COMPLETED,2013-05,2013-08-30,2014-06-25,20,Bispebjerg Hospital,Victoza,Denmark,False,25 Years,75 Years,ALL,Type 2 Diabetes; Microvascular Dysfunction,obvious_exclude,high,
NCT01999686,exclude,validated_obvious_exclude_stratum,No individual adjudication recorded; retained as an obvious exclude after the predefined Sol audit and 25-study low-priority QC sample showed no obvious-exclude reversals.,"PCOS Treatment Using DLBS3233, Metformin, and Combination of Both",INTERVENTIONAL,COMPLETED,2014-10,2013-12-03,2019-05-28,186,Dexa Medica Group,DLBS3233; Metformin XR; Placebo metformin; Placebo DLBS3233,Indonesia,False,18 Years,40 Years,FEMALE,Polycystic Ovary Syndrome (PCOS); Insulin Resistance,obvious_exclude,high,
NCT02018497,exclude,validated_obvious_exclude_stratum,No individual adjudication recorded; retained as an obvious exclude after the predefined Sol audit and 25-study low-priority QC sample showed no obvious-exclude reversals.,Essential Hypotension and Allostasis Registry,OBSERVATIONAL,UNKNOWN,1995-01,2013-12-23,2023-09-21,5000,CES University,,Colombia,False,,,ALL,Blood Pressure; Depression; Panic Attack; Fibromyalgia; POTS; Inappropriate Sinus Tachycardia; Coronary Heart Disease; Acute Coronary Syndrome (ACS); Acute Myocardial Infarction (AMI); Cerebrovascular Disease (CVD); Transient Ischemic Attack (TIA); Atrial Fibrillation; Diabetes Mellitus; Cancer; Systolic Heart Failure; Diastolic Heart Failure; Chronic Fatigue Syndrome; Syncope; Vasovagal Syncope,obvious_exclude,high,
NCT02060474,exclude,recorded_adjudication,Human confirmation: the trial evaluates the thyroid-hormone analog Triac for MCT8 deficiency/Allan-Herndon-Dudley syndrome; there is no TGD population or GAHT research role.,Thyroid Hormone Analog Therapy in MCT8 Deficiency: Triac Trial Patients,INTERVENTIONAL,COMPLETED,2014-10,2014-02-12,2019-04-16,46,Erasmus Medical Center,Triac,Netherlands,False,1 Day,99 Years,MALE,Allan-Herndon-Dudley Syndrome,obvious_exclude,high,agree_obvious_exclude
NCT02119377,include,recorded_adjudication,"Human confirmation: explicit TGD population; hormone-therapy use, desire, and uptake are registered study outcomes.",First Australian National Trans Mental Health Study,OBSERVATIONAL,COMPLETED,2013-08,2014-04-21,2014-05-06,946,Curtin University,questionnaire,Australia,False,18 Years,,ALL,Transsexualism,human_review,medium,likely_include
NCT02185274,include,recorded_adjudication,Human confirmation: explicit TGD population; cross-sex hormone treatment effects on metabolic and psychological outcomes are explicit study aims.,Observational Study on Metabolism and Psychopathology in Transsexual Patients,OBSERVATIONAL,COMPLETED,2013-10,2014-07-09,2020-02-25,100,Max-Planck-Institute of Psychiatry,,Germany,False,18 Years,70 Years,ALL,Transsexualism,likely_include,high,agree_likely_include
NCT02229617,include,recorded_adjudication,"Human confirmation: explicit transgender male population; testosterone route, pharmacokinetics, and tolerability are directly compared.",Subcutaneous Testosterone Project,INTERVENTIONAL,COMPLETED,2015-07,2014-09-01,2016-06-06,14,University of British Columbia,Subcutaneous testosterone,Canada,False,19 Years,59 Years,MALE,Gender Dysphoria,likely_include,high,agree_likely_include
NCT02264743,exclude,validated_obvious_exclude_stratum,No individual adjudication recorded; retained as an obvious exclude after the predefined Sol audit and 25-study low-priority QC sample showed no obvious-exclude reversals.,Oral Verses Patch Trial In Menopausal Women - Individualisation of Oestrogen Therapy,INTERVENTIONAL,UNKNOWN,2013-11,2014-10-15,2014-10-15,60,Royal Brompton & Harefield NHS Foundation Trust,Femoston Conti; EVOREL® CONTI,United Kingdom,False,40 Years,60 Years,FEMALE,Venous Thrombosis; Insulin Resistance,obvious_exclude,high,
NCT02378246,exclude,validated_obvious_exclude_stratum,No individual adjudication recorded; retained as an obvious exclude after the predefined Sol audit and 25-study low-priority QC sample showed no obvious-exclude reversals.,Swedish Iodine in Pregnancy and Development in Children (SWIDDICH) Study,INTERVENTIONAL,ACTIVE_NOT_RECRUITING,2012-11,2015-03-04,2025-08-26,1337,Göteborg University,Iodine; Placebo,Sweden,False,18 Years,40 Years,FEMALE,Thyroid Gland; Node; Pregnancy; Cognitive Developmental Delay,obvious_exclude,high,
NCT02380027,exclude,validated_obvious_exclude_stratum,No individual adjudication recorded; retained as an obvious exclude after the predefined Sol audit and 25-study low-priority QC sample showed no obvious-exclude reversals.,PRostate Evaluation for Clinically Important Disease: Sampling Using Image-guidance Or Not?,INTERVENTIONAL,COMPLETED,2016-01,2015-03-05,2018-05-01,500,"University College, London",MRI; MRI-targeted biopsy; TRUS-biopsy,United Kingdom,False,18 Years,,MALE,Prostate Neoplasm,obvious_exclude,high,
NCT02381340,exclude,validated_obvious_exclude_stratum,No individual adjudication recorded; retained as an obvious exclude after the predefined Sol audit and 25-study low-priority QC sample showed no obvious-exclude reversals.,ACE Stapler Sub Study,OBSERVATIONAL,COMPLETED,2012-06,2015-03-06,2018-01-12,10,Maastricht University Medical Center,ACE stapling procedure,Netherlands,False,18 Years,50 Years,ALL,Obesity,obvious_exclude,high,
NCT02381821,exclude,recorded_adjudication,"Human confirmation: the study evaluates endometrial imaging and ICSI outcomes in infertile women, with GnRH agonist use for ovarian stimulation rather than gender-affirming care; no TGD population or GAHT research role is defined.",Endometrial Volume and Sub-endometrial Vascularity as Predictors of In-vitro Fertilization Success,OBSERVATIONAL,COMPLETED,2016-01-01,2015-03-06,2018-01-03,82,Cairo University,3 D ultrasound and Doppler examination; GnRH agonist,,False,19 Years,39 Years,FEMALE,"Reproductive Techniques, Assisted",obvious_exclude,high,agree_obvious_exclude
NCT02396459,exclude,validated_obvious_exclude_stratum,No individual adjudication recorded; retained as an obvious exclude after the predefined Sol audit and 25-study low-priority QC sample showed no obvious-exclude reversals.,Triac Trial II in MCT8 Deficiency Patients,INTERVENTIONAL,ACTIVE_NOT_RECRUITING,2020-12-07,2015-03-24,2026-02-20,22,Rare Thyroid Therapeutics International AB,Tiratricol,Czechia; Germany; Netherlands; United States,False,,30 Months,MALE,Allan-Herndon-Dudley Syndrome,obvious_exclude,high,
NCT02434562,exclude,recorded_adjudication,Human confirmation: generic endocrine bioassay/biobank record without an explicitly defined TGD GAHT research population or GAHT analytic role.,Development and Validation of in Vitro Cell-based Bioassays for Nuclear Receptor Activation,OBSERVATIONAL,COMPLETED,2012-04,2015-05-05,2017-01-25,73,Universitaire Ziekenhuizen KU Leuven,Serum (with or without urine) samples,,False,,,ALL,Hypogonadism; Estrogens; Testosterone; Androgens,human_review,medium,likely_exclude
NCT02518009,include,recorded_adjudication,Human confirmation: explicit TGD population; participants are followed through testosterone/estrogen treatment with treatment-related physiologic outcomes measured.,GEnder Dysphoria Treatment in Sweden,OBSERVATIONAL,COMPLETED,2015-04,2015-08-07,2022-06-10,40,Karolinska Institutet,Genetic men treated with estrogen; Genetic women treated with androgen,Sweden,False,20 Years,40 Years,ALL,Transsexualism,likely_include,high,agree_likely_include
NCT02524041,exclude,validated_obvious_exclude_stratum,No individual adjudication recorded; retained as an obvious exclude after the predefined Sol audit and 25-study low-priority QC sample showed no obvious-exclude reversals.,Association Between Serum Periostin Levels and Cortical Porosity in Patients With Secondary Hyperparathyroidism,INTERVENTIONAL,COMPLETED,2014-03,2015-08-14,2016-05-25,22,Centre Hospitalier Universitaire de Saint Etienne,HR-pQCT; blood specimen,France,False,18 Years,,ALL,Hyperparathyroidism,obvious_exclude,high,
NCT02550431,include,recorded_adjudication,Human confirmation: explicit transgender youth population; cardiometabolic and body-composition outcomes are evaluated in relation to GAHT.,Trans Health: Evaluation of Markers of Cardio-metabolic Health and Well-being in Transgender Youth,OBSERVATIONAL,COMPLETED,2016-03,2015-09-15,2018-02-05,58,"University of Colorado, Denver",,United States,False,9 Years,21 Years,ALL,Transgendered Persons,likely_include,high,agree_likely_include
NCT02551367,exclude,recorded_adjudication,Human confirmation: the trial compares letrozole with clomiphene for ovulation induction in women with PCOS-related infertility; there is no TGD population or GAHT research component.,Letrozole Versus Clomiphene Citrate for Ovulation Induction in Women With Poly Cystic Ovary Syndrome ( PCOS ),INTERVENTIONAL,UNKNOWN,2015-10,2015-09-16,2015-09-16,110,mostafa gomaa hamid halawa,Letrozole; Clomiphene citrate; hcg hormone,,False,20 Years,35 Years,FEMALE,Anovulation; Polycystic Ovary Syndrome,obvious_exclude,high,agree_obvious_exclude
NCT02715232,include,recorded_adjudication,Human confirmation: explicit TGD population; brain serotonin outcomes are measured before and after testosterone/feminizing hormone treatment.,Effects of Sex Steroids on the Serotonin System,INTERVENTIONAL,UNKNOWN,2017-02-06,2016-03-22,2018-10-15,92,Medical University of Vienna,Testosterone; Lynestrenol; Cyproterone Acetate; Estradiol; Triptorelin acetate,Austria,False,18 Years,50 Years,ALL,Gender Dysphoria,likely_include,high,agree_likely_include
NCT02741154,exclude,recorded_adjudication,"Human confirmation: the trial evaluates letrozole, gonadotropins, GnRH antagonist, and hCG for ovarian stimulation in infertility/ICSI; no TGD population or GAHT research role is defined.",Role of Aromatase Inhibitor to Enhance Ovulation in Poor Responder During Induction With Short Antagonist Protocol in Cases of ICSI,INTERVENTIONAL,COMPLETED,2016-08-12,2016-04-18,2017-09-06,50,Minia University,induction with aromataze inhibitor; HMG; GnRh a; HCG,Egypt,False,18 Years,44 Years,FEMALE,Infertility Indicated for ICSI,obvious_exclude,high,agree_obvious_exclude
NCT02766764,exclude,validated_obvious_exclude_stratum,No individual adjudication recorded; retained as an obvious exclude after the predefined Sol audit and 25-study low-priority QC sample showed no obvious-exclude reversals.,Combined Dehydropeiandrosterone and Growth Hormone in Women With Expected Poor Ovarian Response Undergoing ICSI,INTERVENTIONAL,UNKNOWN,2016-06,2016-05-10,2018-01-03,230,Cairo University,DHEA; Growth hormone; Placebo 1; Placebo 2,Egypt,False,20 Years,43 Years,FEMALE,Subfertility,obvious_exclude,high,
NCT02766803,exclude,recorded_adjudication,"Human confirmation: the study evaluates simvastatin and resveratrol effects on androgen and metabolic measures in women with PCOS; endogenous testosterone is an outcome, not GAHT, and no TGD population is defined.",Effects of Simvastatin and Micronized Trans-resveratrol Treatment on Polycystic Ovary Syndrome (PCOS) Patients,INTERVENTIONAL,UNKNOWN,2016-05,2016-05-10,2016-09-08,60,Poznan University of Medical Sciences,Simvastatin and micronized trans-resveratrol,Poland,False,18 Years,45 Years,FEMALE,"PCOS, Insulin Resistance",obvious_exclude,high,agree_obvious_exclude
NCT02936258,exclude,validated_obvious_exclude_stratum,No individual adjudication recorded; retained as an obvious exclude after the predefined Sol audit and 25-study low-priority QC sample showed no obvious-exclude reversals.,PRostate Evaluation for Clinically Important Disease: MRI vs Standard Evaluation Procedures,INTERVENTIONAL,UNKNOWN,2016-11,2016-10-18,2018-02-22,450,Canadian Urology Research Consortium,Standard of Care; MRI; MRI Targeted Biopsy,Canada,False,18 Years,,MALE,Prostate Cancer,obvious_exclude,high,
NCT02936505,exclude,validated_obvious_exclude_stratum,No individual adjudication recorded; retained as an obvious exclude after the predefined Sol audit and 25-study low-priority QC sample showed no obvious-exclude reversals.,Clinical Study Evaluating Two Treatment Protocols for Immunosuppressive Drugs. Looking at 3-year Incidence of CLAD.,INTERVENTIONAL,ACTIVE_NOT_RECRUITING,2016-10-12,2016-10-18,2023-04-26,249,Vastra Gotaland Region,Cyclosporine; Mycophenolate mofetil (MMF); Rabbit Anti thymocyte globulin; Corticosteroids; Tacrolimus,Denmark; Finland; Norway; Sweden,False,18 Years,70 Years,ALL,Lung Transplantation; Allografts,obvious_exclude,high,
NCT02983110,include,recorded_adjudication,Human confirmation: explicit transgender population; sex-hormone therapy is an explicit pharmacologic exposure and hormone concentrations are measured.,Sex Hormone Therapy and Mucosal Tissues,OBSERVATIONAL,COMPLETED,2016-11,2016-12-06,2018-12-06,12,"University of North Carolina, Chapel Hill",Anoscopy with Rectal Tissue Sampling; Phlebotomy; Female Genital Tract Sampling,United States,False,18 Years,65 Years,ALL,Hiv,likely_include,high,agree_likely_include
NCT02985996,exclude,recorded_adjudication,"Human confirmation: PrEP pharmacokinetic study; transgender women are required not to use hormones during participation, so GAHT is not studied.",Body Compartment PK for New HIV Pre-exposure Prophylaxis Modalities,INTERVENTIONAL,COMPLETED,2017-02-06,2016-12-07,2019-09-17,48,Emory University,Truvada; Genvoya,United States,True,18 Years,49 Years,MALE,HIV Infections,human_review,medium,likely_exclude
NCT03060785,include,recorded_adjudication,Human confirmation: explicit transgender population; PrEP pharmacokinetics are compared by feminizing-hormone exposure.,Finding the Right Tenofovir/Emtricitabine Regimen for Pre-Exposure Prophylaxis (PrEP) in Transgender Women,INTERVENTIONAL,COMPLETED,2016-03-08,2017-02-23,2018-07-18,16,Johns Hopkins University,Tenofovir Disoproxil Fumarate/Emtricitabine,United States,False,18 Years,65 Years,ALL,HIV Prevention,human_review,medium,likely_include
NCT03078829,exclude,recorded_adjudication,"Human confirmation: study specifically evaluates GnRH agonist puberty suppression and QTc, without an explicit estradiol/testosterone GAHT research component.",The Relation of GnRH Treatment to QTc Interval in Transgender Females,OBSERVATIONAL,TERMINATED,2017-05-01,2017-03-13,2018-12-26,3,"University of California, San Francisco",Treatment with a GnRh agonists,United States,False,10 Years,,MALE,Gender Dysphoria,human_review,medium,likely_exclude
NCT03081559,exclude,recorded_adjudication,"Human confirmation: HIV-care engagement intervention; hormone concerns motivate the intervention but GAHT is not a registered intervention, exposure, comparison, monitoring target, or outcome.",Improving Engagement in HIV Care for High-risk Women,INTERVENTIONAL,COMPLETED,2016-11-09,2017-03-16,2020-11-16,278,"University of California, San Francisco",Healthy Divas,United States,False,18 Years,,MALE,"HIV/AIDS; Adherence, Medication",human_review,medium,likely_exclude
NCT03088631,exclude,validated_obvious_exclude_stratum,No individual adjudication recorded; retained as an obvious exclude after the predefined Sol audit and 25-study low-priority QC sample showed no obvious-exclude reversals.,Metformin in Intracytoplasmic Sperm Injection Cycles,INTERVENTIONAL,COMPLETED,2017-03-01,2017-03-23,2019-09-17,320,Assiut University,Metformin; Placebo,Egypt,False,18 Years,38 Years,FEMALE,Intracytoplasmatic Sperm Injection,obvious_exclude,high,
NCT03120936,include,recorded_adjudication,Human confirmation: explicit transgender population; registered outcomes directly assess effects of PrEP on hormone levels and hormone use on PrEP concentrations.,The Stay Study: A Demonstration Project Advancing PrEP Delivery in the San Francisco Bay Area Transgender Community,INTERVENTIONAL,COMPLETED,2017-08-08,2017-04-19,2021-04-21,158,"Public Health Foundation Enterprises, Inc.",Emtricitabine / Tenofovir Disoproxil Oral Tablet; PrEP support,United States,False,18 Years,,ALL,Transgender Persons; Pre-Exposure Prophylaxis,human_review,medium,likely_include
NCT03191474,exclude,recorded_adjudication,Human confirmation: PrEP-linkage study; hormone access is a service/referral variable rather than a GAHT research target.,Linkage of Transgender Individuals to PrEP,INTERVENTIONAL,COMPLETED,2017-07-28,2017-06-19,2021-09-13,202,"University of California, San Diego",T-POWr Intervention,United States,False,18 Years,,ALL,HIV Seronegativity; Linkage,human_review,medium,likely_exclude
NCT03220152,include,recorded_adjudication,Human confirmation: explicit transgender population; FTC/TDF pharmacokinetics are compared between participants using and not using hormones.,Implementation of PrEP to HIV in Brazilian Transgender Women,INTERVENTIONAL,UNKNOWN,2017-07-10,2017-07-18,2018-07-31,120,Oswaldo Cruz Foundation,emtricitabine / tenofovir 200/300 mg,Brazil,False,18 Years,,MALE,"HIV, Prevention",human_review,medium,likely_include
NCT03230084,exclude,recorded_adjudication,"Human confirmation: the study evaluates a urinary progesterone-metabolite test to confirm ovulation in women; there is no TGD population and no GAHT intervention, exposure, comparison, or outcome.",Use of a Home-based PDG Urine Test to Confirm Ovulation,INTERVENTIONAL,COMPLETED,2017-08-23,2017-07-26,2018-03-20,25,Bruyère Health Research Institute.,Urine PDG test,Canada,False,18 Years,42 Years,FEMALE,"Infertility, Female",obvious_exclude,high,agree_obvious_exclude
NCT03259516,exclude,validated_obvious_exclude_stratum,No individual adjudication recorded; retained as an obvious exclude after the predefined Sol audit and 25-study low-priority QC sample showed no obvious-exclude reversals.,Nivolumab With Chemotherapy in Refractory MDS,INTERVENTIONAL,TERMINATED,2017-05-25,2017-08-23,2019-04-05,2,St. Petersburg State Pavlov Medical University,Nivolumab; Azacitidine; Fludarabine; Cyclophosphamide; Cytarabine; all trans retinoic acid; Sildenafil; Melphalan,Russia,False,18 Years,80 Years,ALL,Myelodysplastic Syndromes,obvious_exclude,high,
NCT03270969,include,recorded_adjudication,Human confirmation: explicit transgender women population; PrEP and feminizing hormone therapy interactions are directly evaluated.,A Pharmacokinetic Evaluation of Tenofovir/Emtricitabine as HIV Pre-Exposure Prophylaxis in Transgender Women,INTERVENTIONAL,COMPLETED,2018-01-05,2017-09-01,2023-09-15,15,University of Nebraska,Tenofovir Disoproxil Fumarate/Emtricitabine,United States,False,19 Years,,ALL,HIV Prevention,likely_include,high,agree_likely_include
NCT03293771,include,recorded_adjudication,Human confirmation: explicit TGD population; postoperative symptoms are explicitly analyzed in relation to hormone-therapy use.,Transgender Post-reassignment Urogynecologic Measures and Perceptions,OBSERVATIONAL,UNKNOWN,,,2019-04-23,200,,Focus group interviews; Questionnaire packet,,False,18 Years,,MALE,Gender Identity Disorder of Adult; Voiding Disorders; Sexual Dysfunction,human_review,medium,likely_include
NCT03395574,exclude,validated_obvious_exclude_stratum,No individual adjudication recorded; retained as an obvious exclude after the predefined Sol audit and 25-study low-priority QC sample showed no obvious-exclude reversals.,Effect of Terlipressin on Cerebral Oxygen Saturation During Liver Transplantation,INTERVENTIONAL,COMPLETED,2018-01-25,2018-01-10,2018-12-24,30,Kasr El Aini Hospital,Terlipressin; Normal saline,Egypt,False,18 Years,,ALL,Terlipressin Adverse Reaction; Liver Transplantation,obvious_exclude,high,
NCT03436992,exclude,validated_obvious_exclude_stratum,No individual adjudication recorded; retained as an obvious exclude after the predefined Sol audit and 25-study low-priority QC sample showed no obvious-exclude reversals.,Estrogen and Diabetes,INTERVENTIONAL,COMPLETED,2018-04-17,2018-02-19,2025-02-17,143,Augusta University,Antioxidant Cocktail; Resveratrol; Placebo,United States,True,18 Years,40 Years,ALL,"Diabetes Mellitus, Type 1",obvious_exclude,high,
NCT03445910,exclude,validated_obvious_exclude_stratum,No individual adjudication recorded; retained as an obvious exclude after the predefined Sol audit and 25-study low-priority QC sample showed no obvious-exclude reversals.,Intrauterine Injection of Human Chorionic Gonadotrophin and Pregnancy Rate in ICSI,INTERVENTIONAL,COMPLETED,2018-02-20,2018-02-26,2018-08-14,100,Ain Shams University,Human chorionic gonadotropin,Egypt,False,20 Years,35 Years,FEMALE,Repeated Implantation Failure,obvious_exclude,high,
NCT03457233,exclude,validated_obvious_exclude_stratum,No individual adjudication recorded; retained as an obvious exclude after the predefined Sol audit and 25-study low-priority QC sample showed no obvious-exclude reversals.,The Impact of Body Weight on Reproductive Outcomes in Poor Ovarian Responders in ICSI Cycles,INTERVENTIONAL,UNKNOWN,2015-01-03,2018-03-07,2018-03-07,185,Cairo University,Gonadotropins; GNRH antagonist; Human chorionic gonadotropin Chorimon; Natural progesterone,Egypt,False,20 Years,44 Years,FEMALE,Invitro Fertilization,obvious_exclude,high,
NCT03465852,include,recorded_adjudication,Human confirmation: explicit transgender population; medically supervised hormone-therapy uptake is an explicit intervention target/outcome.,HIV Prevention Among Latina Transgender Women Who Have Sex With Men: Evaluation of a Locally Developed Intervention,INTERVENTIONAL,COMPLETED,2019-07-15,2018-03-14,2023-02-28,144,Centers for Disease Control and Prevention,ChiCAS,United States,False,18 Years,,MALE,HIV Infections,human_review,medium,likely_include
NCT03476356,exclude,validated_obvious_exclude_stratum,No individual adjudication recorded; retained as an obvious exclude after the predefined Sol audit and 25-study low-priority QC sample showed no obvious-exclude reversals.,L-Carnitine and Clomiphene Citrate for Induction of Ovulation in Women With Polycystic Ovary Syndrome,INTERVENTIONAL,COMPLETED,2017-11-01,2018-03-26,2018-03-26,106,Ain Shams University,oral clomiphene citrate; oral carnitine supplementation,Egypt,False,18 Years,35 Years,FEMALE,Polycystic Ovary Syndrome,obvious_exclude,high,
NCT03484611,exclude,validated_obvious_exclude_stratum,No individual adjudication recorded; retained as an obvious exclude after the predefined Sol audit and 25-study low-priority QC sample showed no obvious-exclude reversals.,Prediction of Metaphase II Oocytes According to Different Levels of Serum AMH in Poor Responders Using the Antagonist Protocol,INTERVENTIONAL,UNKNOWN,2013-01,2018-04-02,2018-04-02,179,Cairo University,GnRH antagonist; Gonadotropins; Human chorionic gonadotropin; Embryo transfer; Progesterone,Egypt,False,20 Years,45 Years,FEMALE,Invitro Fertilizaion,obvious_exclude,high,
NCT03516747,exclude,recorded_adjudication,Human confirmation: the study concerns parathyroid hormone measurement for localization of pathological parathyroid glands before surgery; PTH is unrelated to GAHT and no TGD population is defined.,Preoperational Fine Needle Aspiration of Pathological Parathyroid Gland,INTERVENTIONAL,WITHDRAWN,2018-06-09,2018-05-04,2022-04-11,0,"HaEmek Medical Center, Israel",pre operative parathyroid hormone level measurement; pre operative parathyroid cytology; parathyroid hormone level measurement; parathyroid cytology,Israel,False,18 Years,99 Years,ALL,Parathyroid Adenoma; Hypercalcemia,obvious_exclude,high,agree_obvious_exclude
NCT03528135,exclude,recorded_adjudication,"Human confirmation: the registered population is young sexual-minority men and the intervention targets HIV risk, minority stress, substance use, and sexual behavior; there is no explicitly defined TGD population or GAHT research component.",Project PRIDE (Promoting Resilience In Discriminatory Environments),INTERVENTIONAL,COMPLETED,,,2022-05-25,17,,Project PRIDE,,False,18 Years,25 Years,ALL,Human Immunodeficiency Virus; Sexually Transmitted Infections; Anxiety; Depression; Substance Use Disorders,obvious_exclude,high,agree_obvious_exclude
NCT03557268,include,recorded_adjudication,Human confirmation: explicit transgender youth population; cardiometabolic outcomes are measured after initiation of testosterone GAHT.,Pubertal Blockade and Hormone Therapy in Transgender Youth,OBSERVATIONAL,COMPLETED,2018-06-19,2018-06-14,2020-09-29,19,"University of Colorado, Denver",,United States,False,13 Years,16 Years,FEMALE,Gender Identity; Gender Dysphoria; Gender Identity Disorder in Adolescence and Adulthood,likely_include,high,agree_likely_include
NCT03572387,exclude,validated_obvious_exclude_stratum,No individual adjudication recorded; retained as an obvious exclude after the predefined Sol audit and 25-study low-priority QC sample showed no obvious-exclude reversals.,A Pilot Study of 5-AZA and ATRA for Prostate Cancer With PSA-only Recurrence After Local Treatment,INTERVENTIONAL,COMPLETED,2018-08-20,2018-06-28,2024-04-30,14,Icahn School of Medicine at Mount Sinai,5-Azacitidine; all trans retinoic acid; Lupron,United States,True,18 Years,,MALE,Prostatic Neoplasms; Prostate Neoplasms; Prostate Cancer,obvious_exclude,high,
NCT03593317,exclude,recorded_adjudication,Human confirmation: spironolactone is being studied as an antifibrotic/cardiac treatment for arrhythmogenic right ventricular dysplasia; no TGD population or GAHT research role is defined.,Blockade of the Renin-angiotensin-aldosterone System in Patients With ARVD,INTERVENTIONAL,RECRUITING,2024-12-20,2018-07-20,2026-02-09,120,Hospices Civils de Lyon,Spironolactone; Placebo,France,False,18 Years,,ALL,Arrhythmogenic Right Ventricular Dysplasia,obvious_exclude,high,agree_obvious_exclude
NCT03595956,include,recorded_adjudication,Human confirmation: explicit transgender cohort; hormone-based medical gender affirmation is an explicit exposure linked to health outcomes.,Transgender Cohort Study of Gender Affirmation and HIV-related Health,OBSERVATIONAL,UNKNOWN,2019-02-11,2018-07-23,2020-11-18,4500,Fenway Community Health,Medical gender affirmation,United States,False,18 Years,,ALL,"HIV/AIDS; STI; Gender Dysphoria; Transsexualism; Gender Identity; Depression, Anxiety",human_review,medium,likely_include
NCT03602222,exclude,recorded_adjudication,"Human confirmation: participants are mental-health professionals receiving LGBT-competency training, not a TGD study population; no GAHT research component.",An LGBT-Competency Program for Mental Health Professionals in Romania,INTERVENTIONAL,COMPLETED,,,2020-02-05,120,,Mobile web training LGBT mental health; In-person training LGBT mental health,,False,18 Years,,ALL,"Stigma, Social; Gays; Lesbians; Bisexuals; Gender Dysphoria",human_review,medium,likely_exclude
NCT03620734,include,recorded_adjudication,Human confirmation: explicit transgender women population; drug-drug interactions between feminizing hormone therapy and antiretroviral agents are directly studied.,Study to Determine Interaction Between the Use of Feminizing Hormone Therapy and Antiretroviral Agents Concomitantly Among Transgender Women,OBSERVATIONAL,COMPLETED,2017-11-30,2018-08-08,2019-10-09,40,Thai Red Cross AIDS Research Centre,,Thailand,False,18 Years,40 Years,MALE,PrEP and ART,likely_include,high,agree_likely_include
NCT03637920,include,recorded_adjudication,Human confirmation: explicit transgender male population; sexuality outcomes are measured during hormone treatment.,Sexuality in Transmen During Hormone and Operative Treatment,OBSERVATIONAL,UNKNOWN,2018-07-30,2018-08-20,2018-08-20,160,Medical University of Graz,,Austria,False,18 Years,50 Years,ALL,Gender Dysphoria; Gender Identity Disorder; Transsexualism; Body Image; Sexuality,likely_include,high,agree_likely_include
NCT03643120,exclude,recorded_adjudication,Human confirmation: qualitative gender-dysphoria interviews; hormone treatment is background care context and is not studied as a research variable.,Gender Dysphoria Among Adolescents (Norwegian Title: Kjønnsdysfori Blant Ungdom),INTERVENTIONAL,UNKNOWN,,,2018-08-22,20,,Qualitative interview,,False,13 Years,18 Years,ALL,Gender Dysphoria,human_review,medium,likely_exclude
NCT03651427,include,recorded_adjudication,Human confirmation: explicit TGD population; neuronal and cognitive changes are measured before and after restarting cross-sex hormone therapy.,Cross-sex Hormone Therapy and Neuronal Plasticity,INTERVENTIONAL,UNKNOWN,2017-02-13,2018-08-29,2018-08-29,30,Hospital de Clinicas de Porto Alegre,Estradiol,Brazil,False,18 Years,60 Years,MALE,Gender Dysphoria,likely_include,high,agree_likely_include
NCT03652623,include,recorded_adjudication,Human confirmation: explicit transgender youth population; PrEP and GAHT pharmacokinetics are directly measured.,"Transgender Youth and PrEP: PK, Safety, Uptake & Adherence - PK Study",INTERVENTIONAL,COMPLETED,2018-07-23,2018-08-29,2024-04-01,49,Hektoen Institute for Medical Research,TDF/FTC,United States,False,15 Years,24 Years,ALL,HIV/AIDS; Gender; Behavior and Behavior Mechanisms,likely_include,high,agree_likely_include
NCT03683043,exclude,validated_obvious_exclude_stratum,No individual adjudication recorded; retained as an obvious exclude after the predefined Sol audit and 25-study low-priority QC sample showed no obvious-exclude reversals.,Comparative Study Between ICSI Results in Transvaginal Ultrasound Guided Embryo Transfer and Transabdominal Ultrasound Guided Embryo Transfer,INTERVENTIONAL,UNKNOWN,2018-09,2018-09-25,2018-09-25,120,Cairo University,Long GnRH agonist protocol; Embryo transfer,Egypt,False,19 Years,37 Years,FEMALE,Invitro Fertilization,obvious_exclude,high,
NCT03725280,include,recorded_adjudication,Human confirmation: explicit transgender male population; ovarian biology is compared before versus after testosterone GAHT exposure.,Micro RNA Profile in the Ovarian Follicle Fluid of Transgender Men,OBSERVATIONAL,UNKNOWN,2018-11-01,2018-10-31,2018-10-31,40,Tel-Aviv Sourasky Medical Center,IVF,,False,18 Years,45 Years,FEMALE,IVF; Fertility Preservation; Infertility,likely_include,high,agree_likely_include
NCT03757117,include,recorded_adjudication,Human confirmation: explicit transgender population; feminizing hormone therapy is a study intervention with hormone levels and adherence monitored.,Gender-Affirmative Transgender Care to Improve the HIV Treatment Cascade,INTERVENTIONAL,COMPLETED,2016-10-01,2018-11-28,2018-11-28,220,"Asociación Civil Impacta Salud y Educación, Peru",Feminizing hormone therapy; Peer navigation,Peru,False,18 Years,,MALE,HIV-1-infection,likely_include,high,agree_likely_include
NCT03784404,exclude,validated_obvious_exclude_stratum,No individual adjudication recorded; retained as an obvious exclude after the predefined Sol audit and 25-study low-priority QC sample showed no obvious-exclude reversals.,Trans-vaginal Aspiration of Small Ovarian Endometrioma. Comparison of Two Different Techniques Before ICSI,INTERVENTIONAL,UNKNOWN,2018-12,2018-12-21,2018-12-21,100,Cairo University,Transvaginal aspiration; transvaginal aspiration and surgicel injection; Intracytoplasmic sperm injection,Egypt,False,20 Years,40 Years,FEMALE,Ovarian Endometrioma,obvious_exclude,high,
NCT03789331,exclude,recorded_adjudication,"Human confirmation: study examines anogenital distance and endogenous hormones in relation to prenatal androgen exposure, not GAHT.",Anogenital Distance Differences Between Transgender Males and Female Individuals,OBSERVATIONAL,UNKNOWN,2019-04-01,2018-12-28,2019-04-02,150,Uludag University,Anogenital distance measurement,Turkey (Türkiye),False,18 Years,50 Years,FEMALE,Sexual Orientation Conflict Disorder,human_review,medium,likely_exclude
NCT03826563,exclude,validated_obvious_exclude_stratum,No individual adjudication recorded; retained as an obvious exclude after the predefined Sol audit and 25-study low-priority QC sample showed no obvious-exclude reversals.,Melatonin Effects on Sleep and Circadian Rhythm in Youth and Young Adults With At-risk Symptoms,INTERVENTIONAL,COMPLETED,2019-01-18,2019-02-01,2023-05-09,21,Children's Hospital of Philadelphia,oral melatonin tablets (NatureMade brand); Placebo,United States,False,11 Years,30 Years,ALL,Psychosis; Sleep,obvious_exclude,high,
NCT03836027,exclude,recorded_adjudication,"Human adjudication: GAHT is fertility-related clinical context; the study measures fertility desires and knowledge and does not explicitly analyze GAHT as an intervention, exposure, comparison, monitoring target, pharmacologic variable, or outcome.",Fertility Desires and Reproductive Needs of Transgender People,OBSERVATIONAL,COMPLETED,2019-04-11,2019-02-11,2022-02-09,100,"Central Hospital, Nancy, France",No intervention,France,False,18 Years,,ALL,Fertility Preservation; Parenting; Gender Dysphoria,likely_include,high,likely_exclude
NCT03848234,exclude,validated_obvious_exclude_stratum,No individual adjudication recorded; retained as an obvious exclude after the predefined Sol audit and 25-study low-priority QC sample showed no obvious-exclude reversals.,"Estradiol Patch as add-on to Antipsychotics in Patients With Schizophrenia, Schizoaffective or Schizophreniform Disorder",INTERVENTIONAL,COMPLETED,2015-12-04,2019-02-20,2020-05-22,209,Tangent Data,Estradiol; Placebo,Moldova,False,18 Years,45 Years,FEMALE,Schizophrenia; Schizoaffective Disorder; Schizophreniform Disorders,obvious_exclude,high,
NCT03864198,exclude,validated_obvious_exclude_stratum,No individual adjudication recorded; retained as an obvious exclude after the predefined Sol audit and 25-study low-priority QC sample showed no obvious-exclude reversals.,"To Evaluate the Effect of Reveratrol,Folic Acid, Vitamin D, Vitamin B12 and B6 in Male Infertility",INTERVENTIONAL,UNKNOWN,2019-01-20,2019-03-06,2019-03-06,20,University Of Perugia,Genante,Italy,False,18 Years,50 Years,MALE,Male Infertility,obvious_exclude,high,
NCT03864913,include,recorded_adjudication,Human confirmation: explicit transgender male adolescent population; subcutaneous versus intramuscular testosterone GAHT is directly compared.,Comparing Subcutaneous Testosterone to Intramuscular Testosterone in Gender Affirming Care of Transgender Male Adolescents,INTERVENTIONAL,COMPLETED,2018-01-26,2019-03-06,2024-04-03,26,Oregon Health and Science University,Testosterone injection; PedsQL questionnarie; Masculinizing effects questionnaire; Medication experience questionnaire,United States,False,14 Years,19 Years,FEMALE,Health Services for Transgender Persons; Transgender Persons,likely_include,high,agree_likely_include
NCT03872648,exclude,recorded_adjudication,Human confirmation: genital-surgery/healthcare-delivery study with no hormone-specific research component.,TransCare - Genital Surgery for Trans Women in Centralized vs. Decentralized Health Care Delivery Settings,OBSERVATIONAL,UNKNOWN,,,2019-11-07,64,,,,False,16 Years,,MALE,Gender Dysphoria; Gender Identity Disorder; Transsexualism; Gender Identity,human_review,medium,likely_exclude
NCT03876145,exclude,validated_obvious_exclude_stratum,No individual adjudication recorded; retained as an obvious exclude after the predefined Sol audit and 25-study low-priority QC sample showed no obvious-exclude reversals.,The Four Methods of Ovarian Stimulation in Patients With Polycystic Ovarian Syndrome,INTERVENTIONAL,COMPLETED,2016-11-12,2019-03-15,2021-04-20,120,Royan Institute,Minimal ovarian stimulation,Iran,False,20 Years,38 Years,FEMALE,Polycystic Ovary Syndrome; Ovarian Hyperstimulation Syndrome,obvious_exclude,high,
NCT03878524,exclude,validated_obvious_exclude_stratum,No individual adjudication recorded; retained as an obvious exclude after the predefined Sol audit and 25-study low-priority QC sample showed no obvious-exclude reversals.,Serial Measurements of Molecular and Architectural Responses to Therapy (SMMART) PRIME Trial,INTERVENTIONAL,TERMINATED,2020-04-01,2019-03-18,2024-03-04,2,OHSU Knight Cancer Institute,Abemaciclib; Abiraterone; Afatinib; Bevacizumab; Bicalutamide; Biospecimen Collection; Bortezomib; Cabazitaxel; Cabozantinib; Capecitabine; Carboplatin; Celecoxib; Cobimetinib; Copanlisib; Dabrafenib; Dacomitinib; Darolutamide; Dasatinib; Doxorubicin; Durvalumab; Enasidenib; Entrectinib; Enzalutamide; Erlotinib; Everolimus; Fluorouracil; Idelalisib; Imatinib; Ipilimumab; Lenvatinib; Leucovorin; Lorlatinib; Losartan; Nab-paclitaxel; Neratinib; Nivolumab; Olaparib; Oxaliplatin; Palbociclib; Panobinostat; Pembrolizumab; Pertuzumab; Ponatinib; Quality-of-Life Assessment; Regorafenib; Ruxolitinib; Sirolimus; Sorafenib; Sunitinib; Trametinib; Trastuzumab Emtansine; Tretinoin; Vemurafenib; Venetoclax; Vismodegib; Vorinostat,United States,False,21 Years,,ALL,"Accelerated Phase Chronic Myelogenous Leukemia, BCR-ABL1 Positive; Anatomic Stage IV Breast Cancer AJCC v8; Anemia; Ann Arbor Stage III Hodgkin Lymphoma; Ann Arbor Stage III Non-Hodgkin Lymphoma; Ann Arbor Stage IV Hodgkin Lymphoma; Ann Arbor Stage IV Non-Hodgkin Lymphoma; Atypical Chronic Myeloid Leukemia, BCR-ABL1 Negative; Blast Phase Chronic Myelogenous Leukemia, BCR-ABL1 Positive; Castration-Resistant Prostate Carcinoma; Chronic Phase Chronic Myelogenous Leukemia, BCR-ABL1 Positive; Hematopoietic and Lymphoid System Neoplasm; Locally Advanced Pancreatic Adenocarcinoma; Metastatic Breast Carcinoma; Metastatic Malignant Solid Neoplasm; Metastatic Pancreatic Adenocarcinoma; Myelodysplastic/Myeloproliferative Neoplasm With Ring Sideroblasts and Thrombocytosis; Myelodysplastic/Myeloproliferative Neoplasm, Unclassifiable; Primary Myelofibrosis; Recurrent Acute Lymphoblastic Leukemia; Recurrent Acute Myeloid Leukemia; Recurrent Chronic Lymphocytic Leukemia; Recurrent Chronic Myelogenous Leukemia, BCR-ABL1 Positive; Recurrent Hematologic Malignancy; Recurrent Hodgkin Lymphoma; Recurrent Myelodysplastic Syndrome; Recurrent Myelodysplastic/Myeloproliferative Neoplasm; Recurrent Myeloproliferative Neoplasm; Recurrent Non-Hodgkin Lymphoma; Recurrent Plasma Cell Myeloma; Recurrent Small Lymphocytic Lymphoma; Refractory Acute Lymphoblastic Leukemia; Refractory Acute Myeloid Leukemia; Refractory Chronic Lymphocytic Leukemia; Refractory Chronic Myelogenous Leukemia, BCR-ABL1 Positive; Refractory Chronic Myelomonocytic Leukemia; Refractory Hematologic Malignancy; Refractory Hodgkin Lymphoma; Refractory Malignant Solid Neoplasm; Refractory Myelodysplastic Syndrome; Refractory Myelodysplastic/Myeloproliferative Neoplasm; Refractory Non-Hodgkin Lymphoma; Refractory Plasma Cell Myeloma; Refractory Primary Myelofibrosis; Refractory Small Lymphocytic Lymphoma; Stage II Pancreatic Cancer AJCC v8; Stage III Pancreatic Cancer AJCC v8; Stage IV Pancreatic Cancer AJCC v8; Stage IV Prostate Cancer AJCC v8; Unresectable Pancreatic Adenocarcinoma",obvious_exclude,high,
NCT03899896,exclude,recorded_adjudication,"Human confirmation: voice-feminization study; GAHT is background context and not the intervention, exposure, comparison, monitoring target, or analyzed outcome.",Voice Feminisation in Transgender Women,OBSERVATIONAL,COMPLETED,,,2022-07-25,77,,,,False,18 Years,,MALE,Speech Therapy; Transgender Women; Gender Dysphoria,human_review,medium,likely_exclude
NCT03964779,exclude,validated_obvious_exclude_stratum,No individual adjudication recorded; retained as an obvious exclude after the predefined Sol audit and 25-study low-priority QC sample showed no obvious-exclude reversals.,Prevalence of Thyroid Dysfunction and Anti-thyroid Antibodies in Infertile Women,OBSERVATIONAL,UNKNOWN,2019-05,2019-05-28,2019-05-28,120,Cairo University,Hormonal assay; Antibody assay,Egypt,False,20 Years,40 Years,FEMALE,"Infertility, Female",obvious_exclude,high,
NCT03989778,exclude,validated_obvious_exclude_stratum,No individual adjudication recorded; retained as an obvious exclude after the predefined Sol audit and 25-study low-priority QC sample showed no obvious-exclude reversals.,Vitamin D and Polycystic Ovarian Syndrome (PCOS),INTERVENTIONAL,RECRUITING,2023-02-01,2019-06-18,2025-02-19,300,Aga Khan University,Vitamin D,Pakistan,False,18 Years,36 Years,ALL,"Infertility, Female; Infertility; Vitamin D Deficiency",obvious_exclude,high,
NCT04028219,include,recorded_adjudication,Human confirmation: explicit TGD population; prospective outcomes are measured across initiation and continuation of GAHT.,Transgender In Transition,OBSERVATIONAL,RECRUITING,2019-05-15,2019-07-22,2022-11-08,750,Universitätsklinikum Hamburg-Eppendorf,Online surveys,Germany; Switzerland,False,18 Years,,ALL,Gender Incongruence,likely_include,high,agree_likely_include
NCT04036500,include,recorded_adjudication,Human confirmation: explicit transgender women population; oral versus sublingual estradiol pharmacokinetics are directly compared.,Transgender Estradiol,INTERVENTIONAL,COMPLETED,2019-09-23,2019-07-29,2025-04-11,11,Medical College of Wisconsin,Estradiol,United States,True,18 Years,,ALL,Transgender Persons,likely_include,high,agree_likely_include
NCT04050371,include,recorded_adjudication,Human confirmation: explicit TGD population; PrEP interactions with feminizing/masculinizing hormone therapy are directly evaluated.,Study of Truvada for HIV Pre Exposure Prophylaxis Using Daily Directly Observed Therapy to Look at Potential Interactions Between Truvada and Hormone Therapy,INTERVENTIONAL,COMPLETED,2017-08-03,2019-08-08,2021-05-11,48,"University of California, San Francisco",200 mg emtricitabine and 300 mg tenofovir disoproxil fumarate,United States,True,18 Years,65 Years,ALL,HIV Prevention; Transgender Health,likely_include,high,agree_likely_include
NCT04064671,exclude,recorded_adjudication,Human confirmation: penile-implant surgical-outcomes study after phalloplasty with no GAHT research component.,ZEPHYR: A Study Evaluating Surgical Outcome After Implantation of the Zephyr ZSI 475 FTM Inflatable Penile Implant in the Neophallus After Female-to-male Sex Reassignment Surgery,OBSERVATIONAL,RECRUITING,,,2024-01-30,100,,Implantation of the Zephyr ZSI 475 FTM erectile implant,,False,18 Years,100 Years,ALL,Erectile Dysfunction; Gender Dysphoria,human_review,medium,likely_exclude
NCT04066283,include,recorded_adjudication,Human confirmation: explicit transgender women population; vascular and metabolic outcomes are studied in relation to GAHT.,Effects of Aging and Gender-Affirming Hormone Therapy on Vascular Endothelial Function and Metabolic Profiles in Transgender Women,OBSERVATIONAL,COMPLETED,2019-04-17,2019-08-26,2024-09-19,29,"University of Colorado, Denver",No intervention,United States,False,18 Years,75 Years,ALL,Transgender; Gender Identity; Vascular Stiffness; Vascular Inflammation; Insulin Sensitivity; Blood Pressure; Lipid Disorder; Appetitive Behavior,likely_include,high,agree_likely_include
NCT04071574,exclude,validated_obvious_exclude_stratum,No individual adjudication recorded; retained as an obvious exclude after the predefined Sol audit and 25-study low-priority QC sample showed no obvious-exclude reversals.,Comparative Study on the Efficacy of Ovarian Stimulation Protocols on the Success Rate of ICSI in Female Infertility,INTERVENTIONAL,COMPLETED,2018-02-01,2019-08-28,2023-05-09,200,Lebanese University,Human Chorionic Gonadotropin (hCG); Gonadotropins; GNRH-A Triptorelin; GnRH antagonist,Lebanon,False,21 Years,44 Years,FEMALE,Female Infertility; Female Infertility Due to Ovulatory Disorder; Premature Ovarian Failure; Polycystic Ovary Syndrome; Female Infertility of Tubal Origin; Ectopic Pregnancy; Salpingitis; Female Infertility Due to Tubal Block; Female Infertility Due to Tubal Occlusion; Hydrosalpinx; Female Infertility - Cervical/Vaginal; Female Infertility Endocrine; Endometriosis; Fibroids; Congenital Uterine Anomaly; Infections Uterine; Female Infertility of Other Origin,obvious_exclude,high,
NCT04077138,exclude,recorded_adjudication,"Human adjudication: this NCT is the qualitative PrEP intervention-development phase; GAHT/PrEP pharmacokinetics are studied in the separate PK record NCT03652623, not as an analytic variable in this record.","Transgender Youth and PrEP: PK, Safety, Uptake & Adherence - Intervention Development",OBSERVATIONAL,COMPLETED,2019-01-01,2019-09-04,2024-04-01,80,Hektoen Institute for Medical Research,,United States,False,15 Years,24 Years,ALL,HIV/AIDS; Gender; Behavior and Behavior Mechanisms,likely_include,high,downgrade_human_review
NCT04077151,exclude,recorded_adjudication,"Human adjudication: this NCT evaluates PrEP acceptability and adherence; stable GAHT is eligibility/background, while the GAHT/PrEP pharmacokinetic work is registered separately as NCT03652623.","Transgender Youth and PrEP: PK, Safety, Uptake & Adherence - Demonstration Project",INTERVENTIONAL,COMPLETED,2022-03-14,2019-09-04,2024-04-02,51,Hektoen Institute for Medical Research,PrEP Demonstration Project,United States,False,15 Years,24 Years,ALL,HIV/AIDS; Gender; Behavior and Behavior Mechanisms,likely_include,high,likely_exclude
NCT04093518,exclude,validated_obvious_exclude_stratum,No individual adjudication recorded; retained as an obvious exclude after the predefined Sol audit and 25-study low-priority QC sample showed no obvious-exclude reversals.,Estradiol as add-on to Antipsychotics,INTERVENTIONAL,UNKNOWN,2019-12-02,2019-09-18,2020-05-26,100,Tangent Data,Estradiol; Placebo,Moldova,False,38 Years,48 Years,FEMALE,Schizophrenia; Schizoaffective Disorder; Schizophreniform Disorders,obvious_exclude,high,
NCT04096053,exclude,recorded_adjudication,Human confirmation: provider education/competency intervention; no GAHT research component.,Transgender Education for Affirmative and Competent HIV and Healthcare,INTERVENTIONAL,COMPLETED,,,2020-07-31,78,,TEACHH,,False,18 Years,,ALL,"Stigma, Social; HIV/AIDS; Health Care Acceptability",human_review,medium,likely_exclude
NCT04107480,exclude,recorded_adjudication,Human confirmation: the trial compares prolactinoma surgery with dopamine-agonist treatment; it has no explicitly defined TGD population and no GAHT research component.,PRolaCT - Three Prolactinoma RCTs,INTERVENTIONAL,UNKNOWN,2019-06-21,2019-09-27,2020-07-20,880,Leiden University Medical Center,Endoscopic trans-sphenoidal adenoma resection; Dopamine Agonists,Netherlands,False,18 Years,,ALL,Prolactinoma; Prolactin-Producing Pituitary Tumor,obvious_exclude,high,agree_obvious_exclude
NCT04128488,include,recorded_adjudication,Human confirmation: explicit transgender women population; cardiometabolic outcomes are measured before and after GAHT.,Effects of Gender-Affirming Hormone Therapy Among Transgender Women,OBSERVATIONAL,COMPLETED,2019-11-01,2019-10-16,2025-05-18,33,Massachusetts General Hospital,"Abdominal MR Imaging; Cardiac MRI/MRS; Oral Glucose Tolerance Testing; Whole Body, Lumbar Spine, and Hip DEXA Imaging",United States,False,16 Years,99 Years,MALE,Transgender Women; HIV/AIDS; Cardiovascular Diseases; Metabolic Disease; Coagulopathy,likely_include,high,agree_likely_include
NCT04149028,exclude,validated_obvious_exclude_stratum,No individual adjudication recorded; retained as an obvious exclude after the predefined Sol audit and 25-study low-priority QC sample showed no obvious-exclude reversals.,Platelet Rich Plasma Injection Into Ovary of Patients With Premature Ovarian Insufficiency,INTERVENTIONAL,COMPLETED,2019-12-01,2019-11-04,2023-02-17,16,Tanta University,PRP injection inside the ovary by laparoscoy. The injection volume is 2 ml,Egypt,False,18 Years,35 Years,FEMALE,Premature Ovarian Failure,obvious_exclude,high,
NCT04160364,exclude,recorded_adjudication,Human confirmation: qualitative study of parents' perspectives on children with gender dysphoria; no GAHT research component.,Gender Dysphoria in Children and Adolescents : Parents' Perspectives,OBSERVATIONAL,UNKNOWN,,,2020-08-13,20,,qualitative study,,False,18 Years,,ALL,Gender Dysphoria,human_review,medium,likely_exclude
NCT04195659,exclude,recorded_adjudication,Human confirmation: top-surgery versus no-surgery study; testosterone is used for matching/background rather than as an analyzed GAHT exposure.,Chest Dysphoria in Transmasculine Spectrum Adolescents,OBSERVATIONAL,COMPLETED,2019-10-29,2019-12-12,2022-06-10,81,Northwestern University,Mastectomy and chest masculinization,United States,False,13 Years,25 Years,FEMALE,Gender Dysphoria,human_review,medium,likely_exclude
NCT04203381,exclude,recorded_adjudication,"Human confirmation: puberty-suppression-only study using a GnRH agonist, with no explicit estradiol/testosterone GAHT research component.",Skeletal Health and Bone Marrow Composition Among Youth,INTERVENTIONAL,TERMINATED,2020-09-15,2019-12-18,2026-04-03,78,"Amy DiVasta, MD",GnRH Agonist,United States,False,9 Years,14 Years,ALL,Gender Dysphoria in Children; Puberty; Bone Development,likely_include,high,agree_likely_include
NCT04217707,exclude,recorded_adjudication,Human confirmation: therapeutic support-group intervention around surgery; no GAHT research component.,Transgender Therapeutic Support Groups,INTERVENTIONAL,WITHDRAWN,,,2022-07-05,0,,Pre- and Post-Surgical Transgender Therapeutic Support Group,,False,18 Years,,ALL,Gender Dysphoria in Adolescents and Adults,human_review,medium,likely_exclude
NCT04237467,include,recorded_adjudication,Human confirmation: explicit transgender men population; vascular and metabolic outcomes are studied in relation to testosterone GAHT.,Effects of Aging and Gender-Affirming Hormone Therapy on Vascular Endothelial Function and Metabolic Profiles in Transgender Men,OBSERVATIONAL,COMPLETED,2020-01-29,2020-01-23,2024-09-19,16,"University of Colorado, Denver",No intervention,United States,False,18 Years,75 Years,ALL,Transgender; Gender Identity; Vascular Stiffness; Vascular Inflammation; Blood Pressure; Lipid Disorder; Appetitive Behavior,likely_include,high,agree_likely_include
NCT04254354,include,recorded_adjudication,Human confirmation: explicit TGD population; physiologic outcomes are measured before and during testosterone treatment.,"Transgender Men, Non-binary Persons and Testosterone Treatment BODY IDENTITY CLINIC",OBSERVATIONAL,RECRUITING,2020-03-03,2020-02-05,2025-08-13,200,Marianne Andersen,,Denmark,False,18 Years,,FEMALE,Transgenderism,likely_include,high,agree_likely_include
NCT04265885,exclude,recorded_adjudication,"Human confirmation: qualitative transition-experience study; GAHT is not an intervention, exposure, comparison, monitoring target, or analyzed outcome.",Gender Dysphoria and Transition,OBSERVATIONAL,UNKNOWN,,,2020-08-11,10,,collection of testimonies from transgender people,,False,18 Years,,ALL,Gender Dysphoria,human_review,medium,likely_exclude
NCT04283656,include,recorded_adjudication,Human confirmation: explicit transgender women population; estradiol/spironolactone are directly studied in an antiretroviral drug-interaction design.,Evaluating Drug Interactions Between Doravirine With Estradiol and Spironolactone in Healthy Transgender Women,INTERVENTIONAL,COMPLETED,2022-01-04,2020-02-25,2025-03-26,8,Thomas Jefferson University,Doravirine/Lamivudine/Tenofovir; Spironolactone 100mg; Estradiol 2mg; Placebo,United States,True,18 Years,45 Years,FEMALE,Transgender Health; Gender Dysphoria; Transgender Women; Human Immunodeficiency Virus,likely_include,high,agree_likely_include
NCT04290286,exclude,recorded_adjudication,"Human confirmation: telehealth model-of-care trial; transition treatment may occur within care, but GAHT itself is not a registered analytic variable.","i2TransHealth: Interdisciplinary, Internet-based Trans Health Care",INTERVENTIONAL,COMPLETED,,,2022-11-04,186,,i2TransHealth,,False,18 Years,,ALL,Gender Dysphoria; Gender Identity Disorder; Transsexualism; Gender Identity; Gender Incongruence,human_review,medium,likely_exclude
NCT04309760,include,recorded_adjudication,Human confirmation: explicit TGD population; brain-connectome outcomes are measured before and after hormone therapy initiation.,Developmental Correlates and Hormone Therapy Effects in Gender Dysphoria,INTERVENTIONAL,WITHDRAWN,2021-02,2020-03-16,2026-06-10,0,Hôpital le Vinatier,MRI,,False,18 Years,50 Years,MALE,Gender Dysphoria,likely_include,high,agree_likely_include
NCT04321551,include,recorded_adjudication,Human confirmation: explicit TGD population; exogenous testosterone effects on ovarian and hormone dynamics are directly studied.,Hormone Secretion in Transgender Males,INTERVENTIONAL,WITHDRAWN,2023-07-01,2020-03-25,2025-01-13,0,"University of California, San Diego",Testosterone Cyp 200Mg/Ml Inj (in Oil); Letrozole,,False,18 Years,35 Years,FEMALE,Transgender; Healthy,likely_include,high,agree_likely_include
NCT04326569,exclude,validated_obvious_exclude_stratum,No individual adjudication recorded; retained as an obvious exclude after the predefined Sol audit and 25-study low-priority QC sample showed no obvious-exclude reversals.,Copeptin in the Diagnosis of Post-operative Insipidus Diabetes After Pituitary Surgery,INTERVENTIONAL,COMPLETED,2022-01-03,2020-03-30,2024-06-13,57,CHU de Reims,Blood sample,France,False,18 Years,,ALL,Pituitary Surgery,obvious_exclude,high,
NCT04336891,exclude,recorded_adjudication,"Human confirmation: the registered population is cisgender women receiving testosterone for sexual dysfunction/menopausal-related indications, not a TGD population.",Effect of Testosterone Treatment on Clitoral Arteries' Hemodynamic Parameters.,OBSERVATIONAL,COMPLETED,2019-03-20,2020-04-07,2020-04-07,81,University of Florence,Testosterone gel; Estradiol ovules; Moisturizer; Testosterone gel + Estradiol ovules,Italy,False,18 Years,,FEMALE,"Hypoactive Sexual Desire Disorder; Vulvovaginal Disease; Menopause Related Conditions; Dyspareunia (Female Excluding Psychogenic); Hypoestrogenism; Arousal Disorders, Sexual",likely_include,high,agree_likely_include
NCT04361175,exclude,validated_obvious_exclude_stratum,No individual adjudication recorded; retained as an obvious exclude after the predefined Sol audit and 25-study low-priority QC sample showed no obvious-exclude reversals.,Cost Effectiveness Analysis for Induction of Ovulation in the Polycystic Ovary Syndrome by Letrozole Versus Clomiphene Citrate,INTERVENTIONAL,UNKNOWN,2021-03,2020-04-24,2021-01-20,212,Assiut University,Letrozole; Clomiphine Citrate,,False,18 Years,35 Years,FEMALE,Infertility,obvious_exclude,high,
NCT04371783,exclude,validated_obvious_exclude_stratum,No individual adjudication recorded; retained as an obvious exclude after the predefined Sol audit and 25-study low-priority QC sample showed no obvious-exclude reversals.,A Randomized Trial Comparing the Live Birth Rate of Immediate Versus Delayed FET Following a Freeze-all Strategy,INTERVENTIONAL,ACTIVE_NOT_RECRUITING,2020-05-04,2020-05-01,2026-02-02,828,ShangHai Ji Ai Genetics & IVF Institute,Immediate FET; Delayed FET,China,False,20 Years,40 Years,FEMALE,IVF; Frozen Embryo Transfer,obvious_exclude,high,
NCT04374708,include,recorded_adjudication,Human confirmation: explicit TGD population; body-perception and brain outcomes are compared before and after cross-sex hormone therapy.,Gender Identity and Own Body Perception,OBSERVATIONAL,TERMINATED,2018-02-22,2020-05-05,2023-03-22,132,"University of California, Los Angeles",fMRI,United States,False,18 Years,40 Years,ALL,Gender Dysphoria,likely_include,high,agree_likely_include
NCT04378439,include,recorded_adjudication,"Human confirmation: explicit transgender population; medically supervised GAHT use, desire, uptake, and knowledge are explicit intervention targets/outcomes.",Appalachian Partnership to Reduce Disparities (Aim 2),INTERVENTIONAL,RECRUITING,,,2026-05-26,141,,Peer Navigation; mHealth,,False,18 Years,,ALL,HIV/AIDS; STI; HCV,human_review,medium,likely_exclude
NCT04414748,exclude,validated_obvious_exclude_stratum,No individual adjudication recorded; retained as an obvious exclude after the predefined Sol audit and 25-study low-priority QC sample showed no obvious-exclude reversals.,Comparison of the Euploid Rate of Blastocyst Between PPOS and GnRH Antagonist Protocol in Patients Undergoing PGT-A,INTERVENTIONAL,COMPLETED,2020-06-10,2020-06-04,2025-05-31,400,ShangHai Ji Ai Genetics & IVF Institute,GnRH antagonist; oral Duphaston,China,False,20 Years,43 Years,FEMALE,Preimplantation Genetic Testing; Progestin-primed Ovarian Stimulation; Euploid Rate; GnRH Antagonist,obvious_exclude,high,
NCT04414761,exclude,validated_obvious_exclude_stratum,No individual adjudication recorded; retained as an obvious exclude after the predefined Sol audit and 25-study low-priority QC sample showed no obvious-exclude reversals.,Live Birth Rate Between PPOS and GnRH Antagonist Protocol in Patients With Anticipated High Ovarian Response,INTERVENTIONAL,COMPLETED,2020-06-04,2020-06-04,2023-08-30,784,ShangHai Ji Ai Genetics & IVF Institute,Progesterone; GnRH Antagonist,China,False,20 Years,43 Years,FEMALE,IVF; GnRH Antagonist; PPOS,obvious_exclude,high,
NCT04440722,include,recorded_adjudication,"Human confirmation: explicit transgender cohort; hormone levels, safety measures, and clinical outcomes are followed before and after GAHT.",Prospective Observational Study and Biobank CKIO,OBSERVATIONAL,SUSPENDED,2020-09-01,2020-06-22,2025-03-21,100,Odense University Hospital,,Denmark,False,18 Years,,ALL,Transgender,likely_include,high,agree_likely_include
NCT04448418,include,recorded_adjudication,Human confirmation: explicit trans population; monitoring and continuation of hormone treatment are explicit study outcomes in the telemedicine evaluation.,The Impact of COVID-19 Outbreak on Trans-population's Health in Italy,OBSERVATIONAL,COMPLETED,2020-05-20,2020-06-25,2021-04-29,111,Unita Complessa di Ostetricia e Ginecologia,web based survey,Italy,False,18 Years,100 Years,ALL,Transgender Persons; Coronavirus; Coronavirus Infection; COVID; COVID-19,human_review,medium,likely_include
NCT04460963,exclude,validated_obvious_exclude_stratum,No individual adjudication recorded; retained as an obvious exclude after the predefined Sol audit and 25-study low-priority QC sample showed no obvious-exclude reversals.,Role of Adrenomedullin in Leukemic Endosteal/Vascular Niches,INTERVENTIONAL,ACTIVE_NOT_RECRUITING,2021-06-09,2020-07-08,2026-03-06,72,Gruppo Italiano Malattie EMatologiche dell'Adulto,Adrenomedullin,Italy,False,18 Years,,ALL,Acute Myeloid Leukemia,obvious_exclude,high,
NCT04474366,exclude,recorded_adjudication,Human confirmation: pectoral nerve-block trial for pain after gender-affirming chest surgery; no GAHT research component.,The Effect of Pectoral Blocks on Perioperative Pain in Gender Affirmation Top Surgery,INTERVENTIONAL,COMPLETED,,,2023-07-03,50,,Ropivacaine 0.2% Injectable Solution; Saline (0.9%),,False,18 Years,65 Years,ALL,"Gender Dysphoria; Opioid Use; Pain, Postoperative",human_review,medium,likely_exclude
NCT04478214,exclude,recorded_adjudication,Human confirmation: facial filler/neurotoxin study of gender perception; no GAHT research component.,The Strategic Use of Hyaluronic Acid Fillers and Neurotoxin to Influence Gender Perception in Transgender Individuals,OBSERVATIONAL,COMPLETED,,,2020-07-20,2,,,,False,18 Years,65 Years,ALL,Gender Dysphoria,human_review,medium,likely_exclude
NCT04478760,include,recorded_adjudication,Human confirmation: explicit TGD population on stable GAHT; laboratory reference intervals and GAHT formulation differences are directly studied.,Trans & Non-binary Reference Intervals While on Hormone Therapy Study,OBSERVATIONAL,COMPLETED,2021-04-13,2020-07-21,2025-09-03,250,King's College Hospital NHS Trust,,United Kingdom,False,18 Years,,ALL,Transgender Persons; Hormone Replacement Therapy; Reference Values,likely_include,high,agree_likely_include
NCT04482374,exclude,recorded_adjudication,Human confirmation: puberty-suppression-only study using a GnRH agonist; no explicit estradiol/testosterone GAHT research component.,Puberty Suppression and Cardiometabolic Health,OBSERVATIONAL,RECRUITING,2020-08-10,2020-07-22,2025-06-10,30,"University of Colorado, Denver",,United States,False,9 Years,14 Years,MALE,Transgenderism; Insulin Sensitivity/Resistance; Endothelial Dysfunction; Vascular Stiffness,human_review,medium,likely_exclude
NCT04482920,include,recorded_adjudication,Human confirmation: explicit transgender youth population; renal function is measured before and after testosterone or estradiol GAHT initiation.,Effect of Hormone Therapy on Renal Function,OBSERVATIONAL,COMPLETED,2021-04-15,2020-07-23,2024-05-03,22,"University of Colorado, Denver",p-aminohippurate clearance study; Iohexol infusion,United States,False,17 Years,30 Years,ALL,Transgenderism; Kidney Diseases; Kidney Injury,likely_include,high,agree_likely_include
NCT04491422,include,recorded_adjudication,Human confirmation: explicit transgender population; feminizing hormone therapy is explicitly analyzed as a factor influencing PrEP use/adherence.,Same-Day PrEP Initiation and Sexual Health for Transgender Women,INTERVENTIONAL,COMPLETED,,,2023-10-12,200,,Integrated Next Steps Counseling with Real-Time Drug Level Feedback,,False,14 Years,,MALE,"HIV; PrEP; Transgender Women; Sexually Transmitted Diseases, Bacterial",human_review,medium,likely_include
NCT04508231,include,recorded_adjudication,Human confirmation: explicit TGD population; metabolic and body-composition changes are evaluated after cross-sex hormone treatment.,Metabolic Consequences of Cross-sex Hormonal Treatment,OBSERVATIONAL,UNKNOWN,2020-07-24,2020-08-11,2020-08-11,98,"Central Hospital, Nancy, France",Gender-affirming hormone therapy,France,False,18 Years,,ALL,Gender Dysphoria,likely_include,high,agree_likely_include
NCT04511052,exclude,validated_obvious_exclude_stratum,No individual adjudication recorded; retained as an obvious exclude after the predefined Sol audit and 25-study low-priority QC sample showed no obvious-exclude reversals.,Probiotics for Enhanced Tissue Carotenoid Status in Premenopausal Women,INTERVENTIONAL,COMPLETED,2021-11-01,2020-08-12,2025-05-11,37,McGill University,Probiotic; Placebo; Carotenoid supplement,Canada,False,30 Years,50 Years,FEMALE,Carotenoid Status; Gut Microbiome; Skin Health,obvious_exclude,high,
NCT04515472,include,recorded_adjudication,Human confirmation: explicit TGD population; glucose metabolism is studied in relation to estrogen/testosterone GAHT exposure.,Effect of Gender Affirming Hormone Therapy on Glucose Metabolism,INTERVENTIONAL,TERMINATED,2020-06-17,2020-08-17,2025-07-20,24,The University of Texas Health Science Center at San Antonio,Botnia Clamp; Withdrawal of Gender Affirming Hormone Therapy (GAHT),United States,False,18 Years,,ALL,Transgender Persons,likely_include,high,agree_likely_include
NCT04524325,include,recorded_adjudication,Human confirmation: explicit transgender men population; blood-pressure physiology is studied in relation to chronic testosterone GAHT.,Mechanisms of Blood Pressure Dysfunction in Transmen Receiving Testosterone,INTERVENTIONAL,WITHDRAWN,2023-01-01,2020-08-24,2022-11-03,0,Yale University,Trans men,,False,18 Years,45 Years,FEMALE,Transgender Men; Blood Pressure; Hyperandrogenism,likely_include,high,agree_likely_include
NCT04531943,include,recorded_adjudication,Human confirmation: explicit transgender women population; rectal immune outcomes are compared before and after feminizing hormone therapy.,Feminizing Hormone Therapy and the Rectal Mucosa Immune Environment in Transgender Women,OBSERVATIONAL,COMPLETED,2020-10-01,2020-08-31,2025-06-17,285,Emory University,Estrogen; Estrogen plus Progesterone,United States,False,18 Years,59 Years,ALL,HIV Prevention,likely_include,high,agree_likely_include
NCT04534881,include,recorded_adjudication,Human confirmation: explicit transgender women population; progesterone is randomized as part of feminizing hormone therapy with hormone and breast outcomes measured.,Effect of Progesterone on Testosterone Concentrations and Breast Development in Transwomen,INTERVENTIONAL,TERMINATED,2020-10-20,2020-09-01,2024-03-19,5,St. Louis University,Progesterone 200 MG; Placebo,United States,True,18 Years,65 Years,MALE,Transgender Persons,likely_include,high,agree_likely_include
NCT04551144,include,recorded_adjudication,"Human confirmation: explicit TGD population; muscle, fat, receptor, and inflammatory changes are measured after testosterone/estradiol treatment.","Effect of Transgender Therapy on Muscle, Fat and Tissue Receptors",OBSERVATIONAL,TERMINATED,2020-10-06,2020-09-16,2024-01-08,4,St. Louis University,testosterone cypionate; Estradiol Valerate,United States,False,18 Years,50 Years,ALL,Gender Incongruence; Transgenderism,likely_include,high,agree_likely_include
NCT04554849,exclude,recorded_adjudication,Human confirmation: demographic and psychosocial transition-pathway study; GAHT is not an explicit research target or analyzed variable.,Demographic Characteristics and Psychosocial Health of Transgender People,OBSERVATIONAL,UNKNOWN,,,2020-09-18,320,,Gender dysphoria psychosocial health,,False,,,ALL,Gender Dysphoria,human_review,medium,likely_exclude
NCT04568096,exclude,validated_obvious_exclude_stratum,No individual adjudication recorded; retained as an obvious exclude after the predefined Sol audit and 25-study low-priority QC sample showed no obvious-exclude reversals.,Combination of Chemopreventive Agents (All- Trans Retinoic Acid and Tamoxifen) as Potential Treatment for the Lung Complication of COVID-19,INTERVENTIONAL,UNKNOWN,2020-11,2020-09-29,2020-10-26,160,Kafrelsheikh University,Aerosolized All-Trans Retinoic acid plus oral Tamoxifen; Standard treatment,,False,18 Years,80 Years,ALL,the Lung Complication of COVID-19,obvious_exclude,high,
NCT04573127,include,recorded_adjudication,Human confirmation: explicit transgender population; the study objective includes analysis of long-term consequences of cross-sex hormone treatment.,Gender Dysphoria: Epidemiological Data,OBSERVATIONAL,UNKNOWN,,,2020-10-05,320,,descriptive study,,False,,,ALL,Gender Dysphoria,human_review,medium,likely_exclude
NCT04586348,exclude,recorded_adjudication,Human confirmation: the trial evaluates prenatal iodine supplementation and child neurodevelopment in pregnant women; there is no TGD population or GAHT research role.,Prenatal Iodine Supplementation and Early Childhood Neurodevelopment,INTERVENTIONAL,UNKNOWN,2021-01-18,2020-10-14,2024-04-03,794,South Australian Health and Medical Research Institute,Low Iodine Supplement; Standard Iodine Supplement,Australia,False,16 Years,,FEMALE,"Pregnancy Related; Neurodevelopmental Disorders; Nutrition Disorder, Fetal",obvious_exclude,high,agree_obvious_exclude
NCT04590417,include,recorded_adjudication,Human confirmation: explicit transgender women population; bidirectional pharmacokinetic interactions between feminizing hormone therapy and PrEP are directly evaluated.,Assessment of Drug-drug Interactions Between Feminizing Hormone Therapy and Emtricitabine/Tenofovir Alafenamide Concomitantly for Pre-exposure Prophylaxis Among Transgender Women,INTERVENTIONAL,ACTIVE_NOT_RECRUITING,2022-01-24,2020-10-19,2024-11-25,20,Thai Red Cross AIDS Research Centre,"Estradiol valerate 2 mg, cyproterone acetate 25 mg",Thailand,False,18 Years,40 Years,MALE,Drug Interaction,likely_include,high,agree_likely_include
NCT04593680,include,recorded_adjudication,Human confirmation: explicit transgender men population; pharmacokinetic interactions between masculinizing hormone therapy and PrEP are directly evaluated.,Assessment of Drug-drug Interactions Between Masculinizing Hormone Therapy and Antiretroviral Agents Concomitantly for Pre-exposure Prophylaxis Among Transgender Men,INTERVENTIONAL,ACTIVE_NOT_RECRUITING,2022-01-24,2020-10-20,2024-11-25,20,Thai Red Cross AIDS Research Centre,Emtricitabine 200 mg/tenofovir disoproxil fumarate 300 mg (F/TDF) and emtricitabine 200 mg/tenofovir alafenamide 25 mg (F/TAF),Thailand,False,18 Years,40 Years,FEMALE,Drug Interaction,likely_include,high,agree_likely_include
NCT04596592,include,recorded_adjudication,Human confirmation: explicit transgender youth population; cardiometabolic outcomes are measured around estradiol GAHT initiation.,Pubertal Blockade and Estradiol Effects on Cardiometabolic Health for Transitioning Youth,OBSERVATIONAL,RECRUITING,2021-02-15,2020-10-22,2025-06-10,90,"University of Colorado, Denver",,United States,False,13 Years,16 Years,ALL,Transgenderism; Gender Dysphoria; Insulin Sensitivity,likely_include,high,agree_likely_include
NCT04600986,exclude,validated_obvious_exclude_stratum,No individual adjudication recorded; retained as an obvious exclude after the predefined Sol audit and 25-study low-priority QC sample showed no obvious-exclude reversals.,Repeated Doses of GnRH Agonist as Oocyte Triggering in Antagonist Protocol for Patients With Polycystic Ovary Syndrome,INTERVENTIONAL,COMPLETED,2020-05-30,2020-10-23,2023-02-08,70,Royan Institute,Repeated dose of GnRH agonist,Iran,False,20 Years,40 Years,FEMALE,Polycystic Ovary Syndrome,obvious_exclude,high,
NCT04608695,exclude,validated_obvious_exclude_stratum,No individual adjudication recorded; retained as an obvious exclude after the predefined Sol audit and 25-study low-priority QC sample showed no obvious-exclude reversals.,Ovarian Needle Puncture for Follicle Activation in IVF Patients With Diminished Ovarian Reserve,INTERVENTIONAL,UNKNOWN,2020-07-01,2020-10-29,2022-09-21,34,Hacettepe University,Ovarian puncture,Turkey (Türkiye),False,,40 Years,FEMALE,Activation of Primordial Follicles,obvious_exclude,high,
NCT04616963,include,recorded_adjudication,Human confirmation: explicit TGD population; PrEP pharmacology is explicitly compared in participants using versus not using GAHT.,Emtricitabine/Tenofovir Alafenamide Switch Study for Transgender Individuals for HIV Pre-exposure Prophylaxis,INTERVENTIONAL,ACTIVE_NOT_RECRUITING,2019-10-24,2020-11-05,2023-05-06,64,"University of California, San Diego",Emtricitabine / Tenofovir Disoproxil Oral Tablet 200/300 mg; Emtricitabine Tenofovir Alafenamide 200/25 mg,United States,False,18 Years,,ALL,Hiv; Hormone Therapy,likely_include,high,agree_likely_include
NCT04708600,exclude,recorded_adjudication,Human confirmation: speech-therapy trial in trans women; hormone therapy is background/eligibility rather than an analyzed GAHT exposure.,Effectiveness of Speech Therapy in Trans Women.,INTERVENTIONAL,COMPLETED,2019-09-01,2021-01-14,2023-12-13,78,University Ghent,Pitch Elevation Therapy; Articulation Resonance Therapy; Sham therapy,Belgium,False,18 Years,70 Years,MALE,Transgenderism; Gender Dysphoria; Speech Therapy; Voice Disorder Due to Transsexualism,human_review,medium,likely_exclude
NCT04733144,exclude,validated_obvious_exclude_stratum,No individual adjudication recorded; retained as an obvious exclude after the predefined Sol audit and 25-study low-priority QC sample showed no obvious-exclude reversals.,Bioequivalence Study of Prednisolone and Dexamethasone,INTERVENTIONAL,UNKNOWN,2021-03-04,2021-02-01,2022-04-12,24,University Medical Center Groningen,Prednisolone; Dexamethasone,Netherlands,False,18 Years,75 Years,ALL,Healthy Volunteers,obvious_exclude,high,
NCT04736797,include,recorded_adjudication,Human confirmation: explicit TGD population; longitudinal outcomes are measured before and after initiation of gender-affirming hormone therapy.,Transition in Transgender,OBSERVATIONAL,UNKNOWN,2020-11-27,2021-02-03,2021-02-12,200,RWTH Aachen University,,Germany,False,18 Years,55 Years,ALL,Gender Dysphoria,likely_include,high,agree_likely_include
NCT04742491,include,recorded_adjudication,Human confirmation: explicit transgender women population; GAHT is integrated into the PrEP intervention and medical monitoring strategy.,Pre-Exposure Prophylaxis for Transgender Women in the US and South America,INTERVENTIONAL,COMPLETED,2021-03-26,2021-02-08,2025-12-17,304,HIV Prevention Trials Network,Immediate Intervention Arm; Deferred Intervention Arm,Brazil; United States,True,18 Years,,MALE,HIV Prevention,likely_include,high,agree_likely_include
NCT04742816,include,recorded_adjudication,Human confirmation: explicit TGD population; exogenous hormone exposure and concentrations are analyzed with renal biomarkers and PrEP pharmacology.,Renal Effects of Hormones/Biomarkers in Transgender PrEP Recipients,INTERVENTIONAL,COMPLETED,2020-09-17,2021-02-08,2022-03-03,42,"University of California, San Diego",IHX-CL measurements; Iohexol,United States,False,18 Years,100 Years,ALL,Transgender; Renal Function; Hormone Replacement Therapy,likely_include,high,agree_likely_include
NCT04760691,include,recorded_adjudication,Human confirmation: explicit transgender women population; PrEP-GAHT pharmacokinetic and pharmacodynamic interactions are directly investigated.,Pre-Exposure Prophylaxis (PrEP)- Gender Affirming Hormone Therapy (GAHT) Interactions in TGW,INTERVENTIONAL,COMPLETED,2021-03-01,2021-02-18,2026-04-06,13,Johns Hopkins University,Truvada alone; Truvada plus Leuprolide 11.25mg intramuscular injection; Truvada plus Estradiol 1 mg; Truvada plus Estradiol 6 mg; Estradiol 6 mg alone,United States,True,18 Years,,MALE,HIV; Prophylaxis; Transgender,likely_include,high,agree_likely_include
NCT04818580,exclude,recorded_adjudication,Human confirmation: surgical closure-method trial in gender-affirming mastectomy; no GAHT research component.,Progressive Tension Sutures in Gender Affirming Mastectomy,INTERVENTIONAL,TERMINATED,,,2023-01-30,3,,Progressive Tension Sutures,,False,18 Years,,MALE,Hematoma; Seroma,human_review,medium,likely_exclude
NCT04820088,exclude,recorded_adjudication,Human confirmation: provider training intervention to improve transgender care; no GAHT research component.,Simulated Conversation Training for Mental Healthcare Providers to Improve Care for Transgender and Gender Nonconforming Individuals,INTERVENTIONAL,UNKNOWN,,,2021-03-29,120,,Computer based role play trianing,,False,18 Years,,ALL,Gender Affirming Communication Skills,human_review,medium,likely_exclude
NCT04838249,include,recorded_adjudication,Human confirmation: explicit TGD population; metabolic and physiologic outcomes are measured around initiation of cross-sex hormone therapy.,"Effects of Cross-sex Hormone Therapy on Eating Behavior, Metabolism, Energy Balance and Cardiovascular System",OBSERVATIONAL,RECRUITING,2021-05-05,2021-04-09,2025-12-05,80,University of Leipzig,,Germany,False,18 Years,,ALL,Transsexualism; Transgenderism; Adiposity; Eating Behavior; Arterial Stiffness; Microangiopathy,likely_include,high,agree_likely_include
NCT04864951,exclude,recorded_adjudication,"Human adjudication: hormone therapy is collected in the survey, but the registered aim/outcome is HPV prevalence and does not explicitly analyze HPV in relation to GAHT.",HPV Prevalence in Transpersons - a Prospective Study,INTERVENTIONAL,COMPLETED,2021-05-02,2021-04-29,2023-03-15,203,Sophie Pils,Colli-Pee urine collection device; Survey,Austria; Slovenia,False,18 Years,,ALL,Papillomavirus Infection; Transsexualism,human_review,medium,genuinely_ambiguous
NCT04867798,include,recorded_adjudication,Human confirmation: explicit transgender population; masculinizing hormone use and hormone-PrEP interaction concerns are explicit study variables.,Transgender Men and HIV in Uganda: PrEP Uptake and Persistence,OBSERVATIONAL,COMPLETED,2021-09-16,2021-04-30,2023-10-12,75,Makerere University,Lamivudine-Tenofovir 300 Mg-300 Mg Oral Tablet,Uganda,False,14 Years,,FEMALE,HIV; Sexually Transmitted Infections; PrEP; Transgender Men,human_review,medium,likely_include
NCT04869865,exclude,validated_obvious_exclude_stratum,No individual adjudication recorded; retained as an obvious exclude after the predefined Sol audit and 25-study low-priority QC sample showed no obvious-exclude reversals.,"The Effects of a Springtime Home Cleanse on Skin, Gut, Metabolic and Mental Health",INTERVENTIONAL,UNKNOWN,2021-04-29,2021-05-03,2021-05-03,18,Integrative Skin Science and Research,9-day detoxification cleanse and 1 week of pre-cleanse transition,United States,False,18 Years,69 Years,ALL,Healthy,obvious_exclude,high,
NCT04899193,exclude,validated_obvious_exclude_stratum,No individual adjudication recorded; retained as an obvious exclude after the predefined Sol audit and 25-study low-priority QC sample showed no obvious-exclude reversals.,Pergoveris FD and Liquid China BE Study,INTERVENTIONAL,COMPLETED,2021-05-08,2021-05-24,2022-06-15,72,"Merck Healthcare KGaA, Darmstadt, Germany, an affiliate of Merck KGaA, Darmstadt, Germany",Pergoveris FD; Pergoveris Liquid; Gonal-f; Luveris,China,False,18 Years,40 Years,FEMALE,Healthy,obvious_exclude,high,
NCT04922424,include,recorded_adjudication,Human confirmation: explicit transgender men population; the registered research question directly concerns cardiovascular effects and risks of testosterone GAHT.,Mechanisms and Interventions to Address Cardiovascular Risk of Gender-affirming Hormone Therapy in Trans Men,INTERVENTIONAL,WITHDRAWN,2022-09-30,2021-06-10,2022-11-03,0,Yale University,Atorvastatin; placebo,United States,False,18 Years,35 Years,ALL,Hypertension; Hyperlipidemias,likely_include,high,agree_likely_include
NCT04935164,exclude,recorded_adjudication,"Human confirmation: explicit gender-dysphoria population, but participants are required to be without hormone therapy and the registered research concerns psychiatric and neurophysiologic measures rather than GAHT.",Comparative Study of Gender Identity Disorder Versus Control,OBSERVATIONAL,RECRUITING,2021-03-26,2021-06-22,2025-06-05,120,Centre Hospitalier Henri Laborit,Psychiatric evaluations,France,False,18 Years,60 Years,ALL,"Gender Dysphoria, Adult",human_review,medium,likely_exclude
NCT04944654,exclude,recorded_adjudication,Human adjudication: the registered study evaluates Biktarvy efficacy/tolerability in trans people living with HIV and does not establish GAHT as an explicit drug-interaction exposure or analytic variable.,"Efficacy, Tolerability and Acceptability of Biktarvy by TPLWH",INTERVENTIONAL,TERMINATED,2023-01-07,2021-06-29,2024-05-13,1,Chelsea and Westminster NHS Foundation Trust,BIKTARVY 50Mg-200Mg-25Mg Tablet,United Kingdom,False,18 Years,,ALL,Human Immunodeficiency Virus,human_review,medium,genuinely_ambiguous
NCT04971447,include,recorded_adjudication,Human confirmation: explicit transgender population; endothelial outcomes are studied in relation to testosterone or feminizing hormone treatment.,Extracellular Vesicles and Endothelial Function in Transgender Subjects,INTERVENTIONAL,UNKNOWN,2022-08,2021-07-21,2022-07-25,136,"Central Hospital, Nancy, France",gender affirming hormonal treatment in transgender men; gender affirming hormonal treatment in transgender women,,False,18 Years,49 Years,ALL,Transgenderism,likely_include,high,agree_likely_include
NCT04977765,include,recorded_adjudication,Human confirmation: explicit transgender male population; cardiometabolic outcomes are measured longitudinally after gender-affirming testosterone therapy.,Cardiometabolic Health in Transgender Males,OBSERVATIONAL,ACTIVE_NOT_RECRUITING,2021-09-30,2021-07-27,2025-10-03,90,Medical College of Wisconsin,,United States,False,12 Years,30 Years,ALL,Transgender; Transgenderism,likely_include,high,agree_likely_include
NCT04979338,exclude,recorded_adjudication,"Human confirmation: explicit transgender surgical population; the randomized interventions concern anesthetic blocks and bupivacaine for peri-operative pain, with no GAHT research component.","Development of Effective, Opioid Sparing Techniques for Peri-operative Pain Management of Transgender Patients Undergoing Gender Affirming Surgeries",INTERVENTIONAL,RECRUITING,,,2025-09-17,640,,Ultrasound guided Continuous Infraclavicular Brachial Plexus Block; Ultrasound guided Continuous Femoral Nerve Block; Ultrasound guided Pudendal Nerve Block; Bupivacaine; Bilateral ultrasound guided Transversus Abdominis Plane Block; Bilateral spermatic cord block; Pecs I & II Block; Local anesthetic,,False,18 Years,,ALL,Gender Dysphoria,human_review,medium,likely_exclude
NCT04993469,exclude,recorded_adjudication,"Human confirmation: explicit transgender/gender-nonconforming population; the study evaluates genital-surgery sensitivity and sexual-function outcomes, while hormone therapy is background treatment-pathway context only.",Patient Reported Outcome on Genital Sensitivity and Sexual Function After Genital Gender Affirming Surgery,INTERVENTIONAL,RECRUITING,,,2023-12-22,200,,Semmes-Weinstein monofilament testing and questionnaires,,False,18 Years,110 Years,ALL,Gender Dysphoria,human_review,medium,likely_exclude
NCT05010707,include,recorded_adjudication,Human confirmation: explicit transgender women population; estradiol regimens are directly compared with hormone-suppression and safety outcomes measured.,Transgender Estradiol Affirming Therapy,INTERVENTIONAL,COMPLETED,2021-08-02,2021-08-18,2024-11-26,39,Washington University School of Medicine,Transdermal patch; Pro-thrombotic markers; Metabolic markers; Hormone Profile; Daily Sublingual Tablet; BID Sublingual Tablet; Spironolactone,United States,True,18 Years,30 Years,MALE,Transgenderism,likely_include,high,agree_likely_include
NCT05016232,exclude,recorded_adjudication,"Human confirmation: explicit transgender-women population; the intervention and registered outcomes concern PrEP uptake and adherence, with no GAHT intervention, exposure, comparison, monitoring target, or analysis.",Adaptive Intervention to Facilitate PrEP Uptake/Adherence Among Transgender Women,INTERVENTIONAL,COMPLETED,,,2024-07-25,123,,PrEP N' Shine: Strength Based Case Management (Stage 1); PrEP N' Shine: Stepped Adherence Training and Counseling (Stage 2),,False,18 Years,,MALE,Prevention,human_review,medium,likely_exclude
NCT05016349,exclude,validated_obvious_exclude_stratum,No individual adjudication recorded; retained as an obvious exclude after the predefined Sol audit and 25-study low-priority QC sample showed no obvious-exclude reversals.,"Investigating the Potential Role of a Novel Quadrate Combination Therapy Mifepristone(Antiprogestrone), Tamoxifen, Retinoic Acid and Cannabidiol ( Selective Cyp 26 Inhibitor) for Treating Early Breast Cancer.",INTERVENTIONAL,UNKNOWN,2021-08,2021-08-23,2021-08-23,160,Mahmoud Ramadan mohamed Elkazzaz,All trans-retinoic acid; 13-Cis Retinoic Acid plus Tocopherol; Mifepristone; Cannabidiol; 9 cis retinoic acid; Tamoxifen; Standard therapy,,False,18 Years,70 Years,FEMALE,Breast Cancer Female,obvious_exclude,high,
NCT05019417,exclude,recorded_adjudication,Human confirmation: the study evaluates glycerol phenylbutyrate for MCT8 deficiency/Allan-Herndon-Dudley syndrome and thyroid-hormone abnormalities; there is no TGD population or GAHT research component.,Glycerol-Phenylbutyrate Treatment in Children With MCT Mutation (Allan-Herndon- Dudley Syndrome),INTERVENTIONAL,UNKNOWN,2021-06-30,2021-08-24,2021-08-24,6,Kaplan Medical Center,Glycerol Phenylbutyrate 1100 MG/ML,Israel,False,6 Months,20 Years,MALE,Monocarboxylate Transporter 8 Deficiency,obvious_exclude,high,agree_obvious_exclude
NCT05097820,exclude,recorded_adjudication,"Human confirmation: transgender participants are included for testicular-prosthesis placement, but the registered study evaluates implant safety, complications, satisfaction, and quality of life without a GAHT research component.",Prospective Observational Study on SEBBIN Silicone Gel-filled Testicular Implants,OBSERVATIONAL,RECRUITING,,,2024-09-19,100,,Placement of testicular prosthesis,,False,0 Years,110 Years,ALL,Testicular Cancer; Testicular Torsion; Gender Dysphoria; Undescended Testes; Orchitis; Testicular Agenesis; Testicular Atrophy; Prosthesis Durability,human_review,medium,likely_exclude
NCT05116293,include,recorded_adjudication,Human confirmation: explicit TGD population; testosterone GAHT effects on drug metabolism and transport are directly studied.,Effect of Testosterone Treatment on Drug Metabolism and Transport,OBSERVATIONAL,COMPLETED,2021-05-01,2021-11-11,2026-05-04,14,University of Washington,Midazolam oral solution; Digoxin Oral Tablet; Acetaminophen Oral Tablet,United States,False,18 Years,60 Years,ALL,Transgender Persons,likely_include,high,agree_likely_include
NCT05126134,exclude,recorded_adjudication,"Human confirmation: explicit transgender-adolescent population; the study measures psychiatric comorbidity and psychological vulnerabilities, with no registered GAHT-specific research component.",Psychological Vulnerabilities and Transgender Adolescents: A Descriptive Epidemiology Study,OBSERVATIONAL,COMPLETED,,,2022-07-29,15,,KSADS (Kiddie Schedule for Affective Disorders and Schizophrenia),,False,12 Years,18 Years,ALL,"Gender Dysphoria, Adolescent",human_review,medium,likely_exclude
NCT05130086,exclude,recorded_adjudication,"Human adjudication: stable GAHT defines the enrolled TGD population, but the registered research evaluates islatravir safety and pharmacokinetics without an explicit GAHT comparison, hormone outcome, or GAHT analysis.",A Study of Islatravir (MK-8591) in Trans and Gender Diverse Participants (MK-8591-035),INTERVENTIONAL,WITHDRAWN,2022-10-17,2021-11-22,2022-10-17,0,Merck Sharp & Dohme LLC,Islatravir,,False,18 Years,,ALL,Human Immunodeficiency Virus (HIV) Infections,likely_include,high,likely_exclude
NCT05153395,exclude,validated_obvious_exclude_stratum,No individual adjudication recorded; retained as an obvious exclude after the predefined Sol audit and 25-study low-priority QC sample showed no obvious-exclude reversals.,Impact of Intranasal Insulin on Sympathetic Activity and Cerebral Vasodilation,INTERVENTIONAL,SUSPENDED,2021-12-01,2021-12-10,2025-12-19,65,University of Missouri-Columbia,Carbon dioxide breathing; Neurovascular Coupling; Human insulin,United States,False,18 Years,45 Years,ALL,Healthy; Vasodilation; Insulin Resistance; Autonomic Dysfunction; Obesity,obvious_exclude,high,
NCT05166083,include,recorded_adjudication,Human confirmation: explicit transgender men population; voice outcomes are measured longitudinally during testosterone GAHT.,Investigation of the Perceptual and Acoustic Voice in Trans Man,OBSERVATIONAL,COMPLETED,2022-03-11,2021-12-21,2025-07-08,26,Hacettepe University,Testosterone Hormon Therapy,Turkey (Türkiye),False,18 Years,60 Years,FEMALE,Gender Dysphoria; Voice Disorder Due to Transsexualism; Transgender Persons; Hormone Replacement Therapy,likely_include,high,agree_likely_include
NCT05166668,exclude,validated_obvious_exclude_stratum,No individual adjudication recorded; retained as an obvious exclude after the predefined Sol audit and 25-study low-priority QC sample showed no obvious-exclude reversals.,Letrozole /GnRH Antagonist Protocol in Women Over 40 Years Undergoing ICSI Cycle,INTERVENTIONAL,COMPLETED,2021-11-01,2021-12-22,2025-02-12,200,Menoufia University,Letrozole 2.5mg tablet,Egypt,False,40 Years,44 Years,FEMALE,Ovarian Stimulation,obvious_exclude,high,
NCT05169762,include,recorded_adjudication,Human confirmation: explicit transgender women/nonbinary population; long-term cardiovascular outcomes are studied during feminizing GAHT.,Feminizing Treatment in Transgender Women and Non-binary Persons,OBSERVATIONAL,RECRUITING,2022-02-01,2021-12-27,2025-03-21,100,Odense University Hospital,standard treatment,Denmark,False,18 Years,,MALE,Transgenderism,likely_include,high,agree_likely_include
NCT05175170,exclude,recorded_adjudication,"Human confirmation: the study evaluates fertility decision-making and a fertility decision aid; GAHT is not an intervention, exposure, comparison, monitoring target, pharmacologic variable, or analyzed outcome.",Fertility Decision-Making in Youth and Young Adults,INTERVENTIONAL,COMPLETED,,,2023-04-07,20,,Decision-aid,,False,8 Years,24 Years,ALL,Transgender Adolescents & Young Adults,likely_include,high,agree_likely_include
NCT05195164,include,recorded_adjudication,Human confirmation: explicit transgender population; sex-hormone concentrations are repeatedly monitored alongside vascular and metabolic outcomes in participants receiving GAHT.,The Effects of Orchiectomy and Age on Vascular and Metabolic Health in Older Versus Younger Transgender Women,OBSERVATIONAL,COMPLETED,2021-03-22,2022-01-18,2024-09-19,17,"University of Colorado, Denver",No intervention,United States,False,18 Years,99 Years,ALL,Transgender; Gender Identity; Vascular Stiffness; Vascular Inflammation; Insulin Sensitivity; Blood Pressure; Lipid Disorder; Appetitive Behavior,human_review,medium,likely_include
NCT05204732,exclude,recorded_adjudication,Human confirmation: intonation/voice-training trial; prior testosterone exposure is background rather than the intervention or analyzed exposure.,Acoustic and Perceptual Effects of Intonation Training in Gender Diverse People,INTERVENTIONAL,COMPLETED,,,2025-04-17,55,,Intonation training; Sham therapy + intonation training,,False,18 Years,60 Years,ALL,Gender Dysphoria,human_review,medium,likely_exclude
NCT05230979,exclude,validated_obvious_exclude_stratum,No individual adjudication recorded; retained as an obvious exclude after the predefined Sol audit and 25-study low-priority QC sample showed no obvious-exclude reversals.,"Evaluation of Common Bean Baked Snack Consumption on Subjective Satiety, Energy Intake and Glycemic Response in People With Overweight and Normal Weight",INTERVENTIONAL,COMPLETED,2021-11-15,2022-02-09,2022-07-20,18,"Centro Universitario de Ciencias de la Salud, Mexico",Common bean baked snack; Cooked beans; White bread; Anhydrous glucose (first session) (for glycemic index determination); Anhydrous glucose (second session) (for glycemic index determination); Common bean baked snack (for glycemic index determination),Mexico,False,18 Years,50 Years,ALL,Overweight; Healthy,obvious_exclude,high,
NCT05244694,exclude,recorded_adjudication,"Human confirmation: the study evaluates insulin effects on sympathetic vasoconstriction in healthy adults; there is no explicitly defined TGD population or GAHT intervention, exposure, comparison, monitoring target, or outcome.",Impact of Insulin on Sympathetic Nervous System-mediated Peripheral Vasoconstriction,INTERVENTIONAL,COMPLETED,2020-08-06,2022-02-17,2023-02-17,28,University of Missouri-Columbia,Insulin,United States,False,18 Years,45 Years,ALL,Vasoconstriction; Healthy; Insulin Resistance,obvious_exclude,high,agree_obvious_exclude
NCT05273112,exclude,recorded_adjudication,"Human confirmation: broad medical-transition quality-of-life study without an explicit GAHT-specific comparison, hormone outcome, or pharmacologic analysis.",Evaluation of the Variation in Quality of Life During Medical Transition for Transgender People.,OBSERVATIONAL,NOT_YET_RECRUITING,,,2026-05-20,400,,,,False,18 Years,75 Years,ALL,Gender Dysphoria,human_review,medium,likely_exclude
NCT05292820,exclude,recorded_adjudication,Human confirmation: post-vaginoplasty sexual-function study; no hormone-specific research component.,Sexual Function of Trans Women After Vaginoplasty,OBSERVATIONAL,COMPLETED,,,2023-02-10,158,,Validated and non-validated questionnaire for exploration of sexuality and satisfaction after surgical procedure,,False,18 Years,,FEMALE,Gender Dysphoria Vaginoplasty Sexuality,human_review,medium,likely_exclude
NCT05318755,include,recorded_adjudication,Human confirmation: explicit TGD population; physical and psychological effects of GAHT are explicit study aims.,China Gender-affirming Hormone Therapy Study,OBSERVATIONAL,RECRUITING,2022-04-16,2022-04-08,2024-11-07,240,Peking University Third Hospital,GAHT for transgender men; GAHT for transgender women,China,False,18 Years,40 Years,ALL,Transgender; Gender Incongruence,likely_include,high,agree_likely_include
NCT05334888,include,recorded_adjudication,Human confirmation: explicit TGD population; longitudinal microbiome and cardiovascular-risk outcomes are studied in relation to hormone therapy.,Sex-differential Host-microbiome CVD Risk - A Longitudinal Cohort Approach,OBSERVATIONAL,RECRUITING,2022-08-29,2022-04-19,2026-06-15,200,"Charite University, Berlin, Germany",,Germany,False,18 Years,50 Years,ALL,Transgender; Gut Microbiome; Immune System; Cardiovascular Risk Factors,likely_include,high,agree_likely_include
NCT05369247,exclude,recorded_adjudication,"Human confirmation: the trial compares exercise protocols during pregnancy; estrogen, progesterone, and testosterone are measured as secondary physiologic biomarkers, not GAHT, and no TGD population is defined.",Interval Versus Continuous Exercise During Pregnancy,INTERVENTIONAL,COMPLETED,2020-12-01,2022-05-11,2023-01-20,32,University of Alberta,High intensity Interval Training; Moderate Intensity Continuous Training,Canada,False,18 Years,50 Years,FEMALE,"Pregnancy Related; Glucose, Low Blood; Fetal Heart Rate or Rhythm Abnormality Affecting Fetus; Fetal Blood Flow",obvious_exclude,high,agree_obvious_exclude
NCT05387577,include,recorded_adjudication,"Human confirmation: explicit transgender women population; oral, sublingual, and transdermal estradiol regimens are directly compared for coagulation/fibrinolysis outcomes.",Coagulation and Fibrinolysis of Estradiol in Transwomen,INTERVENTIONAL,TERMINATED,2021-12-07,2022-05-24,2022-12-21,6,Medical College of Wisconsin,Estradiol Tablets; Transdermal patch; Estradiol Tablets,United States,False,18 Years,,MALE,Transgenderism; Clotting Disorder,likely_include,high,agree_likely_include
NCT05428215,include,recorded_adjudication,Human confirmation: explicit transgender women population; oral versus sublingual 17-beta-estradiol pharmacokinetics are directly compared.,Comparison of PKs of 17-Beta-Estradiol Via Sublingual Placement Versus Swallowing in Male-to-Female Transgender Patients,INTERVENTIONAL,TERMINATED,2022-12-29,2022-06-23,2023-07-27,2,MaineHealth,17beta Estradiol,United States,False,18 Years,,MALE,Gender Dysphoria,likely_include,high,agree_likely_include
NCT05442463,include,recorded_adjudication,Human confirmation: explicit transgender populations; cardiorenal physiology is analyzed in relation to exogenous estrogen or testosterone exposure.,Hormone Therapy and Angiotensin-Dependent Arterial and Renal Vasoconstriction in Humans,OBSERVATIONAL,RECRUITING,2020-11-30,2022-07-05,2025-03-27,200,University of Calgary,Captopril Tablets; Iohexol,Canada,False,18 Years,90 Years,ALL,Hormone Therapy,likely_include,high,agree_likely_include
NCT05454579,exclude,recorded_adjudication,"Human confirmation: broad transgender health cohort; gender-affirmation history including hormones is collected, but no hormone-specific research objective or analysis is registered.",The South-East Asian Transgender Health Cohort,OBSERVATIONAL,COMPLETED,2022-12-02,2022-07-12,2026-03-30,450,"Institute of HIV Research and Innovation Foundation, Thailand",,Philippines; Thailand; Vietnam,False,18 Years,,ALL,HIV; STIs; HCV,human_review,medium,likely_exclude
NCT05455398,exclude,validated_obvious_exclude_stratum,No individual adjudication recorded; retained as an obvious exclude after the predefined Sol audit and 25-study low-priority QC sample showed no obvious-exclude reversals.,Establishment of a Trans-round Window Inner Ear Continuous Drug Delivery System for the Treatment of Severe-to-profound Sudden Sensorineural Hearing Loss,INTERVENTIONAL,UNKNOWN,2021-04-01,2022-07-13,2022-07-13,218,Sun Yat-Sen Memorial Hospital of Sun Yat-Sen University,Surgical treatment of round window niche enlargement via round window for inner ear drug delivery; Drum chamber drug injection,China,False,18 Years,65 Years,ALL,"Hearing Loss, Sudden",obvious_exclude,high,
NCT05464186,exclude,validated_obvious_exclude_stratum,No individual adjudication recorded; retained as an obvious exclude after the predefined Sol audit and 25-study low-priority QC sample showed no obvious-exclude reversals.,Effects of Whole vs. Nonfat Milk Consumption on Body Composition in Children,INTERVENTIONAL,RECRUITING,2022-12-28,2022-07-19,2026-01-08,200,Boston Children's Hospital,Whole milk; Nonfat milk,United States,False,9 Years,12 Years,ALL,Obesity; Diabetes; Cardiovascular Diseases,obvious_exclude,high,
NCT05469204,include,recorded_adjudication,Human confirmation: explicit TGD population; estradiol GAHT effects on drug metabolism and transport are directly studied.,Effect of Estrogen Treatment on Drug Metabolism and Transport,INTERVENTIONAL,COMPLETED,2022-11-01,2022-07-21,2026-01-09,22,University of Washington,Midazolam oral solution; Digoxin Oral Tablet; Acetaminophen Oral Tablet; Midazolam Injectable Solution,United States,False,18 Years,55 Years,ALL,Transgender Persons,likely_include,high,agree_likely_include
NCT05487794,include,recorded_adjudication,Human confirmation: explicit transgender men population; testosterone cypionate dosing strategies are directly compared for GAHT-associated erythrocytosis.,Effect of Dose Fractionation of Testosterone Cypionate on Transgender Men with Erythrocytosis,INTERVENTIONAL,COMPLETED,2022-09-01,2022-08-04,2025-03-28,46,University of Sao Paulo,Testosterone Cypionate 100 MG/ML,Brazil,False,18 Years,40 Years,FEMALE,Testosterone; Transsexualism; Hematologic Diseases,likely_include,high,agree_likely_include
NCT05489159,include,recorded_adjudication,Human confirmation: explicit transgender adolescent population; sleep and insulin-resistance outcomes are measured before and after testosterone or estradiol GAHT initiation.,Sleep and IR in Transgender Adolescents,OBSERVATIONAL,COMPLETED,2022-10-12,2022-08-05,2025-01-16,10,Duke University,,United States,False,12 Years,18 Years,ALL,Sleep Disorder; Insulin Resistance; Gender Dysphoria,likely_include,high,agree_likely_include
NCT05527353,exclude,validated_obvious_exclude_stratum,No individual adjudication recorded; retained as an obvious exclude after the predefined Sol audit and 25-study low-priority QC sample showed no obvious-exclude reversals.,AMH for the Identification of PCOM in PCOS Diagnosis,OBSERVATIONAL,UNKNOWN,2020-05-13,2022-09-02,2022-09-02,1800,Oulu University Hospital,,Finland,False,32 Years,37 Years,FEMALE,Polycystic Ovary Syndrome,obvious_exclude,high,
NCT05529862,exclude,validated_obvious_exclude_stratum,No individual adjudication recorded; retained as an obvious exclude after the predefined Sol audit and 25-study low-priority QC sample showed no obvious-exclude reversals.,"Trans-RosaLEE Study: a Biomarker-directed, Translational Study",INTERVENTIONAL,ACTIVE_NOT_RECRUITING,2023-06-20,2022-09-07,2026-01-22,115,Institut Paoli-Calmettes,Pre-treatment biopsy; Post treatment biopsy; Pre treatment blood sampling; Post treatment blood sampling,France,False,18 Years,,FEMALE,Advanced or Metastatic Breast Cancer (BC),obvious_exclude,high,
NCT05534763,exclude,recorded_adjudication,Human confirmation: internet-delivered psychological intervention for transgender people; no GAHT research component.,Internet-delivered Treatment for Transgender Individuals With Co-occurring Mental Health Problems,INTERVENTIONAL,COMPLETED,,,2023-09-11,24,,IERGD; IER SUPPORT,,False,18 Years,60 Years,ALL,Gender Dysphoria; Emotion Regulation; Internet Delivered Treatment,human_review,medium,likely_exclude
NCT05583058,include,recorded_adjudication,Human confirmation: explicit TGD population; hormone overdose/misuse versus regular GAHT use is directly studied.,Sex Hormone Overdose and Misuse in Chinese Transgender and Gender Non-conforming Population,OBSERVATIONAL,NOT_YET_RECRUITING,2022-12-15,2022-10-17,2022-10-17,260,Xiamen University,Hormone Overdose and Misuse,China,False,12 Years,,ALL,Gender Incongruence; Gender Dysphoria,likely_include,high,agree_likely_include
NCT05587296,exclude,recorded_adjudication,"Human confirmation: the study treats vasomotor symptoms caused by breast-cancer endocrine therapy in women; hormone-receptor/endocrine treatment is oncologic context, not GAHT, and no TGD population is defined.","A Study to Learn More About How Well Elinzanetant Works and How Safe it is Compared to Placebo for the Treatment of Hot Flashes Caused by Anti-cancer Therapy in Women With, or at High Risk for Developing Hormone-receptor Positive Breast Cancer",INTERVENTIONAL,ACTIVE_NOT_RECRUITING,2022-10-14,2022-10-20,2026-07-09,474,Bayer,Elinzanetant (BAY3427080); Placebo,Austria; Belgium; Canada; Finland; France; Germany; Hungary; Ireland; Israel; Italy; Kazakhstan; Poland; Portugal; Romania; Spain; United Kingdom,True,18 Years,70 Years,FEMALE,"Vasomotor Symptoms Caused by Adjuvant Endocrine Therapy in Women With, or at High Risk for Developing Hormone-receptor Positive Breast Cancer; Hot Flashes",obvious_exclude,high,agree_obvious_exclude
NCT05587751,include,recorded_adjudication,Human confirmation: explicit TGD population; pulmonary-function changes are evaluated in relation to masculinizing or feminizing hormone therapy.,Evaluation of Gender-Affirming Treatments on Pulmonary Function in Transgender and Gender Diverse Patients,INTERVENTIONAL,RECRUITING,2023-02-01,2022-10-20,2026-05-18,44,Mayo Clinic,Spirometry; Plethysmography,United States,False,14 Years,,ALL,Hormonal Gender-Affirming Therapy,likely_include,high,agree_likely_include
NCT05602805,exclude,recorded_adjudication,Human confirmation: general bariatric/obesity mental-health databank without an explicitly defined TGD study population or GAHT research role.,BariaPSY: the Data Bank,OBSERVATIONAL,RECRUITING,2022-11-15,2022-11-02,2024-10-09,10000,Laval University,,Canada,False,18 Years,,ALL,Bariatric Surgery Candidate; Obesity,human_review,medium,likely_exclude
NCT05607303,include,recorded_adjudication,Human confirmation: explicit transgender youth population; headache and brain outcomes are measured before and after estrogen GAHT.,Effect of Hormones on Frequency of Headache and Brain Structure and Function in Puberty,OBSERVATIONAL,ACTIVE_NOT_RECRUITING,2021-12-14,2022-11-07,2025-07-04,140,"University of Colorado, Denver",Clinical estrogen therapy,United States,False,9 Years,20 Years,ALL,Headache; Gender Identity,likely_include,high,agree_likely_include
NCT05649605,include,recorded_adjudication,Human confirmation: explicit transgender men population; early psychological effects of testosterone GAHT are directly tested.,Early Mental Response - The EMRE Study,INTERVENTIONAL,RECRUITING,2023-03-07,2022-12-14,2023-03-08,70,Karolinska University Hospital,Testosterone treatment; Placebo treatment,Sweden,False,18 Years,99 Years,FEMALE,Gender Dysphoria; Gender Identity; Gender Issues,likely_include,high,agree_likely_include
NCT05649943,exclude,recorded_adjudication,"Human confirmation: androgen-deprivation therapy is used to treat metastatic hormone-sensitive prostate cancer; this is an oncologic indication, not GAHT, and no TGD population is defined.",Multimodal Approach in Patients With mHSPC. Randomized Trial of APA+ADT vs APA-ADT and Local Treatment,INTERVENTIONAL,RECRUITING,2023-03-01,2022-12-14,2025-09-03,566,"Fondazione IRCCS Istituto Nazionale dei Tumori, Milano",APA + ADT; Local Treatmetn RT or RP,Italy,False,18 Years,,MALE,Metastatic Hormone-Sensitive Prostate Cancer (mHSPC),obvious_exclude,high,agree_obvious_exclude
NCT05663892,include,recorded_adjudication,Human confirmation: explicit transgender women population; drug-drug interactions between feminizing hormone therapy and HIV treatment are directly evaluated.,Drug-Drug Interaction Study in Trans Women Living With HIV,INTERVENTIONAL,ACTIVE_NOT_RECRUITING,2022-11-23,2022-12-23,2024-09-26,45,Maple Leaf Research,Biktarvy 50/200/25 Tab; Estradiol Tablets,Canada,False,18 Years,,ALL,Hiv; Transgenderism,likely_include,high,agree_likely_include
NCT05725967,exclude,validated_obvious_exclude_stratum,No individual adjudication recorded; retained as an obvious exclude after the predefined Sol audit and 25-study low-priority QC sample showed no obvious-exclude reversals.,Endoscopic Metabolic and Bariatric Therapies,OBSERVATIONAL,ENROLLING_BY_INVITATION,2022-07-08,2023-02-13,2025-12-02,5000,"Christopher C. Thompson, MD, MSc","Primary Obesity Endoscopic Procedures; Endoscopic Revision of Bariatric Surgical Procedures; Bariatric Surgery Procedures; Endoscopic Sleeve Gastroplasty, Trans-oral Outlet Reduction; Intragastric Balloon; Primary obesity surgery endoluminal, Restorative obesity surgery endoluminal; Argon Plasma Coagulation, Gastroplasty with Endoscopic Myotomy, Bariatric Endoscopic Antral Myotomy, Pylorus Sparing Antral Myotomy; Aspiration Therapy",United States,False,18 Years,80 Years,ALL,"Obesity; Obesity, Morbid; Obesity Associated Disorder; Bariatric Surgery Candidate; Fistula, Gastric; Roux-en-y Anastomosis Site; Ulcer, Gastric; Abdominal Pain; Abdominal Obesity; Complication of Surgical Procedure; Complication of Treatment; Complication,Postoperative; Weight Gain; Weight Loss; Leak, Anastomotic; Delayed Gastric Emptying Following Procedure",obvious_exclude,high,
NCT05726903,exclude,recorded_adjudication,"Human confirmation: contraceptive counseling and depot medroxyprogesterone study in TGD youth; hormonal treatment is for contraception, not GAHT.",Counseling Among Gender Diverse Adolescents Who Use Depot Medroxyprogesterone,INTERVENTIONAL,COMPLETED,,,2026-02-12,35,,Depo-subQ Provera Injectable Product,,False,15 Years,21 Years,FEMALE,"Gender Dysphoria, Adolescent",human_review,medium,likely_exclude
NCT05787470,include,recorded_adjudication,Human confirmation: explicit TGD population; nociceptive and biologic outcomes are compared by testosterone/estradiol hormone status.,State of Hormones Impact Nociceptive Expression,OBSERVATIONAL,RECRUITING,2023-03-01,2023-03-28,2026-07-02,120,University of Alabama at Birmingham,Quantative sensory testing; Blood Draw,United States,False,18 Years,65 Years,ALL,Pain; Gender Identity,likely_include,high,agree_likely_include
NCT05808387,exclude,validated_obvious_exclude_stratum,No individual adjudication recorded; retained as an obvious exclude after the predefined Sol audit and 25-study low-priority QC sample showed no obvious-exclude reversals.,The Effects of Resveratrol on Sirtuins and Apoptosis Biomarkers,INTERVENTIONAL,UNKNOWN,2023-03-06,2023-04-11,2023-04-11,80,InCor Heart Institute,Resveratrol; Placebo,Brazil,False,55 Years,,FEMALE,Coronary Artery Disease; Menopause; Endothelial Dysfunction,obvious_exclude,high,
NCT05829018,exclude,recorded_adjudication,"Human confirmation: the study compares cardiovascular, immune, metabolic, and incretin physiology in South Asian versus Europid adults; hormone-related measures are physiologic biomarkers and there is no TGD population or GAHT research role.",Elucidating the High Cardiovascular Disease Risk in South Asians,INTERVENTIONAL,UNKNOWN,2023-04,2023-04-25,2023-04-25,48,Leiden University Medical Center,Mixed meal test,Netherlands,False,18 Years,30 Years,ALL,Cardiovascular Diseases,obvious_exclude,high,agree_obvious_exclude
NCT05829928,exclude,recorded_adjudication,"Human adjudication: GAHT is the clinical setting for fertility preservation, but registered objectives concern testicular tissue cryopreservation and germ cells without explicit analysis by GAHT exposure.",Testicular Tissue Cryopreservation in the Setting of Gender-Affirming Therapy,OBSERVATIONAL,ACTIVE_NOT_RECRUITING,,,2026-07-09,150,,Infectious Disease Testing; Gonadal Tissue Removal,,False,9 Years,,MALE,Gender Dysphoria; Transgender,human_review,medium,genuinely_ambiguous
NCT05853120,exclude,recorded_adjudication,Human confirmation: the doxycycline pharmacokinetic/STI-prevention study specifically describes participants as not using gender-affirming hormone therapy; GAHT is excluded background rather than an intervention or analyzed exposure.,Doxy-Post-exposure Prophylaxis,INTERVENTIONAL,COMPLETED,,,2025-09-11,45,,Doxycycline,,False,18 Years,59 Years,ALL,Sexually Transmitted Diseases,obvious_exclude,high,agree_obvious_exclude
NCT05863676,include,recorded_adjudication,Human confirmation: explicit TGD population; prior hormone therapy is explicitly investigated in relation to ovarian tissue and follicle measures.,Ovarian Tissue Cryopreservation in the Setting of Gender-affirming Therapy,OBSERVATIONAL,ACTIVE_NOT_RECRUITING,2020-07-14,2023-05-18,2026-07-09,20,University of Pittsburgh,Oophorectomy; Infectious Disease Testing,United States,False,9 Years,,FEMALE,Gender Dysphoria; Transgender,human_review,medium,likely_include
NCT05865262,include,recorded_adjudication,Human confirmation: explicit TGD population; effects of masculinizing and feminizing GAHT on cardiac repolarization are directly studied.,Protocol TRANS and QT Repolarization,OBSERVATIONAL,COMPLETED,2021-11-16,2023-05-18,2024-04-12,120,"University Hospital, Bordeaux",ECG; blood test (assessing ionic and hormonal circulating levels),France,False,18 Years,,ALL,Transgender Individuals; QTc Interval,likely_include,high,agree_likely_include
NCT05877235,exclude,validated_obvious_exclude_stratum,No individual adjudication recorded; retained as an obvious exclude after the predefined Sol audit and 25-study low-priority QC sample showed no obvious-exclude reversals.,Serum Concentration of Endogenous Estrogens and Sirtuin-1 After Administration of Atorvastatin and Quercetin:,INTERVENTIONAL,COMPLETED,2021-10-03,2023-05-26,2025-12-19,60,InCor Heart Institute,Quercetin; Placebo,Brazil,False,55 Years,70 Years,FEMALE,Coronary Artery Disease; Menopause,obvious_exclude,high,
NCT05883553,exclude,recorded_adjudication,Human confirmation: post-phalloplasty erectile epithesis/prosthesis device study; no GAHT research component.,Epithesis Versus Prosthesis in Post-phalloplasty Transgender Patients.,INTERVENTIONAL,RECRUITING,,,2024-08-05,40,,Usability and added value of device within sexual activity,,False,18 Years,,FEMALE,Transgenderism; Erectile Dysfunction; Prosthesis Durability; Gender Dysphoria; Sexual Dysfunction,human_review,medium,likely_exclude
NCT05884307,exclude,recorded_adjudication,Human confirmation: online coping/gender-dysphoria intervention; no GAHT research component.,Trans Care: An Online Intervention to Reduce Symptoms of Gender Dysphoria,INTERVENTIONAL,COMPLETED,,,2024-09-19,138,,Trans Care Web App,,False,18 Years,,ALL,Gender Dysphoria,human_review,medium,likely_exclude
NCT05891795,include,recorded_adjudication,Human confirmation: explicit transgender male/TGD population; masculinizing testosterone therapy is an explicit exposure tied to steroid-related acne and testosterone levels are monitored.,Clascoterone for Steroid-related Acne Vulgaris in Transgender Male Patients Receiving Masculinizing Hormone Therapy,INTERVENTIONAL,ACTIVE_NOT_RECRUITING,2024-07-22,2023-06-07,2026-04-30,18,Stanford University,Clascoterone 1% Top Cream; Vehicle,United States,False,16 Years,,ALL,Acne Vulgaris,likely_include,high,agree_likely_include
NCT05897086,exclude,recorded_adjudication,Human confirmation: polyethylene-glycol nerve-repair intervention during phalloplasty; no GAHT research component.,Polyethylene-glycol Assisted Nerve Repair in Phalloplasty,INTERVENTIONAL,ENROLLING_BY_INVITATION,,,2025-10-20,30,,Polyethylene Glycol 3350,,False,18 Years,,FEMALE,Gender Dysphoria,human_review,medium,likely_exclude
NCT05903911,exclude,recorded_adjudication,Human confirmation: Trans Care web-app behavioral intervention; no hormone-specific research component.,Trans Care: An Online Intervention to Reduce Symptoms of Gender Dysphoria,INTERVENTIONAL,COMPLETED,,,2025-05-22,312,,Trans Care Web App,,False,18 Years,,ALL,Gender Dysphoria,human_review,medium,likely_exclude
NCT05925361,exclude,recorded_adjudication,Human adjudication: the study evaluates peritoneal vaginoplasty feasibility and surgical outcomes; no hormone-specific research component is registered.,Peritoneum Vaginoplasty; Implementation According to IDEAL Framework,INTERVENTIONAL,UNKNOWN,,,2023-06-29,13,,Laparoscopic pedicled single flap peritoneum vaginoplasty,,False,18 Years,,ALL,Rokitansky Kuster Hauser Syndrome; Vaginal Neoplasms; Gender Incongruence; Vaginal Obstruction; Penoscrotal Hypoplasia,likely_include,high,likely_exclude
NCT05934877,exclude,recorded_adjudication,"Human confirmation: PrEP-navigation and contingency-management trial; outcomes concern PrEP and substance-use treatment, not GAHT.",ASK-PrEP (Assistance Services Knowledge-PrEP),INTERVENTIONAL,TERMINATED,2023-05-11,2023-07-07,2026-02-11,152,"Friends Research Institute, Inc.",PrEP navigation + text messaging; Standard of Care; Contingency Management,United States,False,18 Years,,MALE,Substance Use Disorders; HIV,human_review,medium,likely_exclude
NCT06001307,exclude,recorded_adjudication,Human confirmation: behavioral HIV-risk/intimate-partner-violence intervention for transgender women; no GAHT research component.,"Supporting Trans Affirmation, Relationships, and Sex, Phase 3",INTERVENTIONAL,COMPLETED,,,2025-11-19,37,,"Program STARS (Supporting Trans Affirmation, relationships, and Sex); Relaxation and Stress Reduction",,False,18 Years,,MALE,"HIV; Violence, Gender-Based; Violence, Domestic; Risk Reduction Behavior",human_review,medium,likely_exclude
NCT06005610,include,recorded_adjudication,Human confirmation: explicit transgender women population; interactions between estradiol therapy and HIV antiretroviral treatment are directly studied.,Estradiol Therapy In Transgender Women to Research Interactions With HIV Therapy,INTERVENTIONAL,TERMINATED,2024-01-04,2023-08-22,2026-04-08,93,National Institute of Allergy and Infectious Diseases (NIAID),Estradiol,Mexico; Peru; Thailand; United States,True,18 Years,,MALE,HIV I Infection,likely_include,high,agree_likely_include
NCT06022562,include,recorded_adjudication,Human confirmation: explicit TGD population; outcomes are directly compared between participants with versus without GAHT.,Effects of Gender-affirming Hormone Therapy on Transgender People,OBSERVATIONAL,COMPLETED,2024-01-08,2023-09-05,2025-08-22,227,National Taiwan University,,Taiwan,False,18 Years,,ALL,Gender Dysphoria,likely_include,high,agree_likely_include
NCT06070324,exclude,recorded_adjudication,"Human confirmation: transmasculine top-surgery patients are a study subgroup, but the randomized comparison is suture material and the outcomes concern nipple-areolar widening and surgical complications, not GAHT.",Effect of Suture Material on Postoperative Nipple Areolar Complex Widening,INTERVENTIONAL,UNKNOWN,,,2023-10-06,180,,Breast surgery; Suturing of surgical incision,,False,18 Years,,ALL,Breast Cancer; Gynecomastia; Transgenderism; Breast Asymmetry,human_review,medium,likely_exclude
NCT06074796,include,recorded_adjudication,Human confirmation: explicit TGD population; prior hormone therapy is analyzed as a determinant in fertility-preservation profiles.,The Determinants of Fertility Preservation in TRANSgender Patients.,OBSERVATIONAL,UNKNOWN,2023-09-25,2023-10-10,2024-03-26,230,"Central Hospital, Nancy, France",No intervention.,France,False,18 Years,60 Years,ALL,Fertility Preservation; Transgender; Transgenderism,human_review,medium,likely_include
NCT06083766,include,recorded_adjudication,Human confirmation: explicit TGD population; skeletal-muscle metabolic and physiologic responses are studied in relation to GAHT.,Metabolic and Physiologic Responses to Hormone Therapy in Transgender and Gender Diverse People,OBSERVATIONAL,RECRUITING,2024-01-04,2023-10-16,2026-08-05,24,Mayo Clinic,hormone therapy,United States,False,18 Years,40 Years,ALL,"Effects of GAHT, on Skeletal Muscle in TGD",likely_include,high,agree_likely_include
NCT06094257,exclude,recorded_adjudication,"Human confirmation: transgender mastectomy patients are explicitly studied, but the research evaluates reinnervation, sensation, pain, and satisfaction after surgery with no hormone-specific analytic component.",Prospective Study of Sensation and Satisfaction in Cancer and Transgender Mastectomy Patients,OBSERVATIONAL,RECRUITING,,,2025-08-27,400,,Sensory testing,,False,18 Years,,ALL,"Sensation Disorders; Sensation, Phantom; Pain, Postoperative; Pain, Chronic; Numbness; Sensory Disorder; Sensory Defect; Phantom Pain; Phantom Sensation",human_review,medium,likely_exclude
NCT06098781,exclude,recorded_adjudication,"Human confirmation: explicit transmasculine/nonbinary surgical population; registered outcomes evaluate gynecological gender-affirming surgery and postoperative patient-reported outcomes, not GAHT.",Gynaecological Gender-affirming Surgeries,OBSERVATIONAL,UNKNOWN,,,2023-11-15,57,,,,False,18 Years,,ALL,Gender Dysphoria,human_review,medium,likely_exclude
NCT06116201,include,recorded_adjudication,Human confirmation: explicit transgender women population; physical-fitness and vascular outcomes are studied in relation to long-term feminizing hormone therapy.,Influences of Long Term Hormone Therapy on Physical Fitness and Vascular Function in Transgender Women,INTERVENTIONAL,COMPLETED,2020-08-15,2023-11-03,2023-11-28,60,Chulalongkorn University,Estradiol; Estradiol and Anti-Androgen; No intervention,Thailand,False,20 Years,35 Years,ALL,Transgender Women,likely_include,high,agree_likely_include
NCT06149065,include,recorded_adjudication,Human confirmation: explicit trans men population; acne severity is explicitly analyzed in relation to masculinizing hormone therapy.,Factors Associated With the Acne Severity Among Transmen Population: a Cross-sectional Study,OBSERVATIONAL,COMPLETED,2021-06-05,2023-11-28,2023-11-28,247,Mahidol University,Testosterone,Thailand,False,18 Years,,FEMALE,Acne; Transgenderism,likely_include,high,agree_likely_include
NCT06221163,exclude,recorded_adjudication,"Human confirmation: explicit transgender population consulting reproductive medicine, including some for hormone therapy, but the registered research is ethnographic analysis of care pathways and discourse rather than a hormone-specific intervention, exposure, comparison, monitoring target, pharmacologic variable, or outcome.",Sociological Study of the Life Courses of Young TRANSgender Patients,OBSERVATIONAL,UNKNOWN,2024-04,2024-01-24,2024-01-24,30,"Central Hospital, Nancy, France",collection of biographical and sociological data,,False,18 Years,,ALL,Transgenderism,human_review,medium,likely_exclude
NCT06230770,include,recorded_adjudication,Human confirmation: explicit TGD population; bleeding patterns are studied prospectively during initiation of gender-affirming testosterone therapy.,Impact of Progestin-only Contraception on Bleeding Patterns in Individuals Initiating GATT,OBSERVATIONAL,ACTIVE_NOT_RECRUITING,2024-02-01,2024-01-30,2025-07-09,160,"University of California, San Diego",Bleeding data,United States,False,18 Years,50 Years,ALL,Gender; Contraception,likely_include,high,agree_likely_include
NCT06234488,include,recorded_adjudication,Human confirmation: explicit TGD breast-cancer population; prior GAHT use and GAHT management are explicitly analyzed with tumor characteristics and treatment context.,Multi-Institutional Transgender & Gender-Diverse Breast Cancer Study,OBSERVATIONAL,ACTIVE_NOT_RECRUITING,2023-12-08,2024-01-31,2026-01-12,125,Medical College of Wisconsin,,United States,False,18 Years,,ALL,Breast Cancer; Breast Neoplasms; Breast Adenocarcinoma; Breast Cancer Stage; Breast Cancer Stage IV; Breast Cancer Invasive; Breast Cancer in Situ,likely_include,high,agree_likely_include
NCT06239766,exclude,recorded_adjudication,Human adjudication: the study evaluates breast-cancer risk before top surgery; GAHT is background/context rather than an explicit exposure or subject of analysis.,BC Risk Assessment Before Top Surgery,OBSERVATIONAL,COMPLETED,2023-03-15,2024-02-02,2024-03-13,25,Medical College of Wisconsin,Breast Cancer Risk Assessment,United States,False,18 Years,,FEMALE,Breast Cancer; Risk Reduction,likely_include,high,likely_exclude
NCT06245681,include,recorded_adjudication,Human confirmation: explicit TGD population; cardiac and organ-fat outcomes are measured before and after cross-sex hormone treatment.,"Effects of Cross-sex Hormone Treatment on Cardiac Function, Myocardial and Hepatic Fat Content",OBSERVATIONAL,RECRUITING,2017-10-20,2024-02-07,2025-10-03,40,Medical University of Vienna,gender affirming hormone therapy,Austria,False,18 Years,99 Years,ALL,Gender Dysphoria,likely_include,high,agree_likely_include
NCT06247267,include,recorded_adjudication,"Human confirmation: explicit transgender active-duty population; long-term effects of estradiol/testosterone sex-steroid therapy are measured on bone, body composition, cognition, and quality of life.",The Effect of Sex Steroid Replacement Therapy in the Hypogonadism and Transgender Active-Duty Population,OBSERVATIONAL,RECRUITING,2021-03-09,2024-02-07,2025-07-29,75,Walter Reed National Military Medical Center,Fortesta; Estradiol; Fortesta,United States,False,18 Years,65 Years,ALL,Hypogonadism; Gender Identity Dysphoria,likely_include,high,agree_likely_include
NCT06291675,include,recorded_adjudication,"Human confirmation: explicit TGD population; cardiac, organ-fat, metabolic, and psychological outcomes are measured longitudinally during GAHT.","Gender-Affirming Hormone Therapy and Its Impact on Myocardial Mass and Cardiac Function, Heart, Liver and Pancreatic Fat Content",OBSERVATIONAL,RECRUITING,2023-03-03,2024-03-04,2025-09-26,50,Medical University of Vienna,gender-affirming hormone therapy,Austria,False,18 Years,,ALL,Gender Dysphoria; Hormone Therapy Induced Morphologic Change,likely_include,high,agree_likely_include
NCT06298032,exclude,validated_obvious_exclude_stratum,No individual adjudication recorded; retained as an obvious exclude after the predefined Sol audit and 25-study low-priority QC sample showed no obvious-exclude reversals.,"A Study Investigating the Safety, Tolerability, Immunogenicity and Pharmacokinetics of Olamkicept in Healthy Persons",INTERVENTIONAL,COMPLETED,2024-02-20,2024-03-07,2024-11-19,49,Ferring Pharmaceuticals,Olamkicept Part A; Olamkicept Part B; Placebo,Germany,False,18 Years,45 Years,MALE,Inflammatory Gastrointestinal Diseases,obvious_exclude,high,
NCT06316102,exclude,recorded_adjudication,"Human confirmation: explicit transfeminine population; the randomized intervention and registered outcomes concern HIV viral suppression, care retention, and antiretroviral adherence, with no GAHT-specific research variable.",Promoting Viral Suppression Among Transgender Women Living With HIV in Santo Domingo,INTERVENTIONAL,COMPLETED,,,2026-06-30,139,,Gender Affirming Abriendo Puertas (Opening Doors) (GAP),,False,18 Years,,MALE,HIV,human_review,medium,likely_exclude
NCT06332742,exclude,validated_obvious_exclude_stratum,No individual adjudication recorded; retained as an obvious exclude after the predefined Sol audit and 25-study low-priority QC sample showed no obvious-exclude reversals.,Real-world Evaluation of Qingxin Zishen Decoction on Ovarian Reserve Function Clinical Efficacy in Patients With Decreased,OBSERVATIONAL,RECRUITING,2023-11-01,2024-03-27,2024-04-04,178,Yun Chen,,China,False,25 Years,45 Years,FEMALE,Decreased Ovarian Reserve,obvious_exclude,high,
NCT06351501,include,recorded_adjudication,"Human confirmation: explicit transgender adolescent population; testosterone/estrogen GAHT timing is directly compared with effectiveness, safety, mental-health, body-composition, and bone outcomes.",Evaluation of the Effectiveness of Hormonal Treatment in Adolescents Suffering From Gender Dysphoria,INTERVENTIONAL,RECRUITING,2024-06-25,2024-04-08,2026-08-10,60,Assistance Publique - Hôpitaux de Paris,hormonal treatment with cross sex hormones (testosterone or oestrogenes) started at 14 years old +/- 6 months; Cross sex hormones ( œstrogenes or testosterone) started at 15.5 years old +/- 6 months,France,False,156 Months,168 Months,ALL,Gender Dysphoria,likely_include,high,agree_likely_include
NCT06357130,include,recorded_adjudication,Human confirmation: explicit TGD population; registered outcomes explicitly analyze knowledge of masculinizing hormone-treatment effects and fertility repercussions.,Gynaecological Care for Transgender People in France in 2024.,OBSERVATIONAL,COMPLETED,2024-06-03,2024-04-10,2026-06-30,246,"University Hospital, Bordeaux",Questionnaire,France,False,18 Years,,ALL,Transgender Management Care,likely_include,high,agree_likely_include
NCT06390332,exclude,recorded_adjudication,"Human confirmation: participants are college health/counseling providers receiving TGD-inclusive training rather than a TGD study population, and the study has no GAHT research component.",Centering Gender Affirming Resources in Higher Education,INTERVENTIONAL,RECRUITING,,,2026-06-04,100,,Giving Information for Trauma Support and Safety (GIFTSS) Training; Centering gender Affirming Resources in higher Education (CARE) Learning Modules,,False,18 Years,,ALL,Sexual Violence; Drinking Heavy,human_review,medium,likely_exclude
NCT06391034,exclude,recorded_adjudication,Human confirmation: systemic hormone therapy in this prostate-cancer imaging study is androgen-deprivation therapy for oncologic treatment; no TGD population is defined and the hormone exposure is not GAHT.,"Magnetic Resonance (MR) Imaging With Hyperpolarized 13C-Pyruvate +/- 13C,15N-Urea in Patients With Prostate Cancer",INTERVENTIONAL,RECRUITING,2024-09-24,2024-04-30,2026-01-07,161,"Robert Bok, MD, PhD",hyperpolarized pyruvate +/-urea (13C/15N); Non-investigational External beam radiotherapy (EBRT); Radiotherapy (RT); Multi-parametric magnetic resonance imaging (mpMRI); Non-interventional hormone therapy; Prostate Biopsy,United States,False,18 Years,,MALE,Prostate Cancer,obvious_exclude,high,agree_obvious_exclude
NCT06400199,exclude,recorded_adjudication,"Human confirmation: transfeminine adolescents are studied for fertility preservation around puberty suppression, with hormone therapy occurring only afterward; no estradiol/testosterone GAHT research component is registered.",Fertility Preservation for Transfeminine Adolescents Via Semen Cryopreservation or Testicular Sperm Extraction,OBSERVATIONAL,UNKNOWN,2022-07-01,2024-05-06,2024-05-06,40,"Amsterdam UMC, location VUmc",,Netherlands,False,10 Years,18 Years,MALE,"Gender Dysphoria, Adolescent",human_review,medium,likely_exclude
NCT06403059,exclude,validated_obvious_exclude_stratum,No individual adjudication recorded; retained as an obvious exclude after the predefined Sol audit and 25-study low-priority QC sample showed no obvious-exclude reversals.,Cervical Length and Uterocervical Angle as Predictors of Spontaneous Preterm Birth,OBSERVATIONAL,COMPLETED,2023-10-15,2024-05-07,2024-05-07,263,Beni-Suef University,Cervical Length; Uterocervical Angle,Egypt,False,20 Years,40 Years,FEMALE,Preterm Pregnancy,obvious_exclude,high,
NCT06405243,exclude,recorded_adjudication,"Human confirmation: the trial evaluates letrozole combined with myoinositol, chromium, or L-arginine for ovulation induction in infertile women with PCOS; no TGD population or GAHT research role is defined.","Myoinositol, L-arginine and Chromium With Letrozole for Ovulation Induction in Polycystic Ovarian Syndrome Patients",INTERVENTIONAL,UNKNOWN,2024-06-30,2024-05-08,2024-05-08,100,Beni-Suef University,Myoinositol; Chromium; l-arginine; Letrozole 2.5mg,Egypt,False,20 Years,40 Years,FEMALE,Polycystic Ovary Syndrome,obvious_exclude,high,agree_obvious_exclude
NCT06418347,exclude,recorded_adjudication,"Human confirmation: the trial evaluates alpha-lipoic acid plus letrozole for fertility treatment in women with PCOS; measured sex hormones are reproductive endpoints, not GAHT, and no TGD population is defined.",Effect of ALA Combined With Letrozole on Polycystic Ovary Syndrome Clinical Outcome in Infertile Females,INTERVENTIONAL,UNKNOWN,2024-04-01,2024-05-17,2025-02-24,150,Ain Shams University,Alpha lipoic acid; Letrozole,Egypt,False,18 Years,35 Years,FEMALE,"Polycystic Ovary Syndrome; Infertility, Female",obvious_exclude,high,agree_obvious_exclude
NCT06428669,exclude,recorded_adjudication,"Human adjudication: the trial evaluates nitroglycerin after chest masculinization surgery and has no registered GAHT intervention, exposure, comparison, monitoring, or analysis.",Effect of Nitropaste in Chest Masculinizing Surgery,INTERVENTIONAL,UNKNOWN,,,2024-06-06,256,,Nitro-Bid 2 % Topical Ointment,,False,18 Years,,FEMALE,Gender Dysphoria,likely_include,high,likely_exclude
NCT06436560,exclude,recorded_adjudication,"Human confirmation: explicit trans/nonbinary population seeking vaginoplasty; the intervention is perioperative peer support and outcomes concern surgical preparation and well-being, while hormone therapy is background access context only.",Support for Transgender and Non-Binary Individuals Seeking Vaginoplasty Study,INTERVENTIONAL,ENROLLING_BY_INVITATION,2024-12-10,2024-05-31,2026-03-16,290,Oregon Health and Science University,STRIVE Peer Support Intervention,United States,False,18 Years,,MALE,Gender Affirmation Surgery; Perioperative Care; Transgender Health,human_review,medium,likely_exclude
NCT06439290,exclude,recorded_adjudication,"Human confirmation: the study evaluates gender-affirming voice/laryngeal surgery and voice outcomes; hormone therapy is mentioned as background gender-affirming treatment but is not an analyzed intervention, exposure, comparison, monitoring target, or outcome.","Voice Outcome of Glottoplasty, Cricothyroid Approximation, Thyroplasty, and Chondrolaryngoplasty",INTERVENTIONAL,RECRUITING,2024-04-10,2024-06-03,2024-06-03,290,University Ghent,Phonosurgery; Mastectomy/breast augmentation,Belgium,False,18 Years,70 Years,ALL,Surgery; Larynx; Transgenderism; Gender Dysphoria,human_review,medium,likely_exclude
NCT06443164,exclude,recorded_adjudication,"Human confirmation: explicit transgender/gender-diverse surgical population; the intervention treats chronic pain before gender-affirming surgery, with no GAHT-specific research component.",Efficacy of a Chronic Pain Treatment Prior to Gender-affirming Surgery,INTERVENTIONAL,ENROLLING_BY_INVITATION,,,2025-07-31,78,,Empowered Relief; Standard of Care,,False,18 Years,100 Years,ALL,"Pain Catastrophizing; Pain, Chronic; Gender Identity",human_review,medium,likely_exclude
NCT06450405,include,recorded_adjudication,Human confirmation: explicit TGD population; reproductive neuroendocrine outcomes are measured before and during testosterone treatment.,Androgen Effects on the Reproductive Neuroendocrine Axis,INTERVENTIONAL,TERMINATED,2025-02-26,2024-06-10,2025-07-22,2,"University of California, San Diego",Testosterone Cypionate 50 MG/ML Injectable Solution,United States,True,18 Years,35 Years,FEMALE,Transgenderism; Reproductive Issues,likely_include,high,agree_likely_include
NCT06470906,exclude,recorded_adjudication,Human confirmation: testosterone is stable eligibility/background while the randomized intervention is probiotic versus placebo; GAHT is not an analyzed research variable.,Feasibility of an Oral Intervention for Sexual Health in Transgender Men,INTERVENTIONAL,COMPLETED,2024-08-14,2024-06-24,2025-05-09,29,Columbia University,Probiotic Group; Placebo Group,United States,False,18 Years,45 Years,MALE,Vaginal Dysbiosis; Vaginal Disease; Molecular-bacterial Vaginosis,likely_include,high,agree_likely_include
NCT06482385,include,recorded_adjudication,Human confirmation: explicit transmasculine population; quality-of-life and sexual-function outcomes are measured before and after testosterone GAHT initiation.,Transmasculine Quality of Life and Sexual Function at Pre and Post Gender-affirming Hormonal Therapy,OBSERVATIONAL,COMPLETED,2022-09-15,2024-07-01,2024-07-01,40,Chulalongkorn University,,Thailand,False,18 Years,,FEMALE,Transgender Men,likely_include,high,agree_likely_include
NCT06487754,include,recorded_adjudication,Human confirmation: explicit transmasculine population; chronic pelvic pain appearing or changing after testosterone GAHT is the explicit subject of study.,New-onset Chronic Pelvic Pain in Transgender People Using Testosterone Therapy: an Exploratory Qualitative Study.,OBSERVATIONAL,RECRUITING,2024-09-27,2024-07-05,2024-12-17,15,"University Hospital, Grenoble",,France,False,18 Years,,ALL,Transgender Persons; Pelvic Pain; Testosterone; Gender-Affirming Care,likely_include,high,agree_likely_include
NCT06496581,exclude,validated_obvious_exclude_stratum,No individual adjudication recorded; retained as an obvious exclude after the predefined Sol audit and 25-study low-priority QC sample showed no obvious-exclude reversals.,Standard of Care +/- 177Lu-PSMA-617 In de Novo mHSPC Patients With Poor PSA Response (PEACE6-Poor Responders),INTERVENTIONAL,RECRUITING,2024-09-12,2024-07-11,2024-12-20,500,UNICANCER,177Lu-PMSA-617; Standard of Care,France,False,18 Years,80 Years,MALE,Prostate Cancer Metastatic,obvious_exclude,high,
NCT06502353,exclude,recorded_adjudication,"Human confirmation: explicit transgender/nonbinary mastectomy population; the study evaluates a thermal preconditioning device and surgical wound outcomes, not GAHT.",Plexaa For Preconditioning: Gender Affirming Mastectomy,INTERVENTIONAL,RECRUITING,,,2025-10-01,15,,BLOOM43,,False,18 Years,,FEMALE,Nipple Necrosis; Nipple Graft Loss,human_review,medium,likely_exclude
NCT06515834,exclude,validated_obvious_exclude_stratum,No individual adjudication recorded; retained as an obvious exclude after the predefined Sol audit and 25-study low-priority QC sample showed no obvious-exclude reversals.,"Investigating the Safety, Tolerability, Immunogenicity and Pharmacokinetics of Olamkicept in Healthy Japanese Persons",INTERVENTIONAL,COMPLETED,2024-07-01,2024-07-23,2024-12-06,24,Ferring Pharmaceuticals,FE 999301; Placebo,Japan,False,18 Years,45 Years,MALE,Gastroenterology,obvious_exclude,high,
NCT06530992,exclude,recorded_adjudication,Human adjudication: the study evaluates tucking and semen quality before GAHT and excludes ongoing GAHT; GAHT is future clinical context rather than the studied exposure.,The Effect of Tucking on Semen Quality of Adult Trans Women,OBSERVATIONAL,RECRUITING,2024-07-17,2024-07-31,2024-07-31,40,Medical University Innsbruck,tucking break,Austria,False,18 Years,50 Years,MALE,Transgender; Gender Incongruence; Fertility Issues,likely_include,high,likely_exclude
NCT06537765,exclude,validated_obvious_exclude_stratum,No individual adjudication recorded; retained as an obvious exclude after the predefined Sol audit and 25-study low-priority QC sample showed no obvious-exclude reversals.,Combined Effect of Therapeutic Ultrasound and Trans Cutaneous Electrical Nerve Stimulation on Endometriosis,INTERVENTIONAL,NOT_YET_RECRUITING,2024-08-10,2024-08-05,2024-08-06,45,Cairo University,Medical treatment; Therapeutic ultrasound (US); Transcutaneous electrical nerve stimulation (TENS),,False,25 Years,35 Years,FEMALE,Endometriosis,obvious_exclude,high,
NCT06545721,exclude,validated_obvious_exclude_stratum,No individual adjudication recorded; retained as an obvious exclude after the predefined Sol audit and 25-study low-priority QC sample showed no obvious-exclude reversals.,Weight Cycling on Hyperandrogenemia and Insulin Resistance in Polycystic Ovary Syndrome,INTERVENTIONAL,RECRUITING,2024-08-13,2024-08-09,2025-12-03,425,Peking Union Medical College Hospital,Adjusting dietary structure + exercise + behavioral intervention; Precision dietary prescription; Standard guideline-based low-energy diet,China,False,18 Years,45 Years,ALL,Polycystic Ovary Syndrome,obvious_exclude,high,
NCT06565663,exclude,recorded_adjudication,"Human confirmation: explicit transgender/nonbinary population; the randomized intervention is a metoidioplasty/phalloplasty decision aid and the outcomes concern surgical decision-making, not GAHT.",MaPGAS Decision Making,INTERVENTIONAL,ENROLLING_BY_INVITATION,,,2026-03-23,140,,MaPGAS Decision Aid,,False,18 Years,,FEMALE,"Gender Dysphoria; Gender Dysphoria, Adult; Gender Incongruence; Transgenderism; Transsexualism; Transgender Persons; Phalloplasty",human_review,medium,likely_exclude
NCT06573177,include,recorded_adjudication,Human confirmation: explicit TGD youth population; biologic and clinical outcomes are measured before and during cross-sex hormone treatment as well as puberty suppression.,Optimizing Individual Health Care for Young People With Gender Incongruence,OBSERVATIONAL,RECRUITING,2022-01-01,2024-08-27,2024-08-27,1300,"Rigshospitalet, Denmark",Referral to the gender identity service.,Denmark,False,,18 Years,ALL,Gender Incongruence,likely_include,high,agree_likely_include
NCT06581679,exclude,validated_obvious_exclude_stratum,No individual adjudication recorded; retained as an obvious exclude after the predefined Sol audit and 25-study low-priority QC sample showed no obvious-exclude reversals.,Adenomyosis and Pregnancy: Levonorgestrel vs. GnRH for Blastocyst Transfer,INTERVENTIONAL,COMPLETED,2023-12-15,2024-09-03,2024-09-03,184,Zagazig University,Triptorelin; levonorgestrel-releasing intrauterine system; frozen embryo transfer,Egypt,False,30 Years,65 Years,FEMALE,Adenomyosis,obvious_exclude,high,
NCT06615401,include,recorded_adjudication,Human confirmation: explicit transgender veteran population; receipt/access to hormone therapy and associations with mental-health outcomes are explicit study aims.,Understanding Perceived Access and Receipt of Gender-affirming Treatments Among Transgender Veterans,OBSERVATIONAL,COMPLETED,2024-10-01,2024-09-26,2026-01-28,986,VA Office of Research and Development,,United States,True,,,ALL,Gender Dysphoria,human_review,medium,likely_include
NCT06639763,exclude,recorded_adjudication,"Human confirmation: explicit transgender post-phalloplasty/metoidioplasty population; hormone therapy is discussed as background to surgical anatomy, but registered outcomes concern erectile aids and sexual satisfaction rather than GAHT.",Erectile Aid Use in Post-phalloplasty and Post-metoidioplasty Transgender Patients,OBSERVATIONAL,RECRUITING,,,2024-10-15,1000,,Questionnaire,,False,18 Years,,FEMALE,Transgenderism; Erectile Dysfunction; Gender Dysphoria; Sexual Dysfunction,human_review,medium,likely_exclude
NCT06639776,exclude,recorded_adjudication,"Human confirmation: explicit transgender post-phalloplasty population; hormone therapy is background transition context while the study evaluates erectile prostheses, sexual function, satisfaction, and device complications rather than GAHT.",Sexual Functioning After Erection Prosthesis Placement in Post Phalloplasty Transgender Persons,OBSERVATIONAL,RECRUITING,,,2024-10-15,150,,Questionnaire,,False,18 Years,,FEMALE,Transgenderism; Erectile Dysfunction; Prosthesis Durability; Gender Dysphoria; Sexual Dysfunction,human_review,medium,likely_exclude
NCT06656676,exclude,recorded_adjudication,"Human adjudication: GAHT/PrEP interaction concerns motivate the decision-support tool, but registered outcomes evaluate the tool and PrEP decision-making/adherence rather than GAHT or a GAHT-PrEP interaction.",WePrEP: Developing a PrEP Shared Decision-making Tool for Transgender Women,INTERVENTIONAL,RECRUITING,2025-01-29,2024-10-24,2025-02-27,75,"University of Colorado, Denver",WePrEP: A shared decision-making tool; Active comparator: CDC recommendations for discussing PrEP,United States,False,18 Years,65 Years,MALE,HIV Prevention,human_review,medium,genuinely_ambiguous
NCT06670053,include,recorded_adjudication,Human confirmation: explicit transmasculine/gender-diverse youth population; headache and brain-development outcomes are measured longitudinally before and after testosterone GAHT initiation.,"Puberty, Testosterone, and Brain Development",OBSERVATIONAL,RECRUITING,2024-12-31,2024-11-01,2025-04-03,100,"University of Colorado, Denver",Testosterone,United States,False,12 Years,20 Years,ALL,Gender Identity; Gender Dysphoria in Adolescents and Adults; Headache; Transgender,likely_include,high,agree_likely_include
NCT06710496,include,recorded_adjudication,Human confirmation: explicit TGD population; long-term testosterone GAHT effects on reproductive-organ histology are explicitly studied.,HISTOLOGICAL RESULTS IN TRANSGENDER INDIVIDUALS ASSIGNED TO FEMALES AT BIRTH UNDERGOING GENDER AFFIRMATION SURGERY AND IN TESTOSTERONE THERAPY,OBSERVATIONAL,NOT_YET_RECRUITING,2024-12,2024-11-29,2024-11-29,100,IRCCS Azienda Ospedaliero-Universitaria di Bologna,analysis of medical records,Italy,False,18 Years,,FEMALE,Pregnancy; Smoking Behavior; Testosterone Replacement Therapy; Drugs; Comorbidities and Coexisting Conditions; Gynecological Surgery; Transgender Men; Gender Affirmation Surgery; Hormone Replacement Therapy; Gynecological Disorders,likely_include,high,agree_likely_include
NCT06733350,exclude,validated_obvious_exclude_stratum,No individual adjudication recorded; retained as an obvious exclude after the predefined Sol audit and 25-study low-priority QC sample showed no obvious-exclude reversals.,Testosterone Replacement Therapy for the Treatment of Low Testosterone in Hypogonadal Men With Localized Prostate Cancer on Active Surveillance,INTERVENTIONAL,RECRUITING,2025-01-15,2024-12-13,2026-05-14,600,Roswell Park Cancer Institute,Biopsy of Prostate; Biospecimen Collection; Magnetic Resonance Imaging; Patient Observation; Questionnaire Administration; Therapeutic Testosterone,United States,False,18 Years,,MALE,Localized Prostate Carcinoma; Stage I Prostate Cancer AJCC v8; Stage II Prostate Cancer AJCC v8; Stage III Prostate Cancer AJCC v8,obvious_exclude,high,
NCT06733415,include,recorded_adjudication,Human confirmation: explicit TGD population; metabolic outcomes are measured before and after initiation of gender-affirming hormone treatment.,Changes in Energy Expenditure (EE) in Transsexuals Undergoing Hormonal Therapy,OBSERVATIONAL,ENROLLING_BY_INVITATION,2024-01-03,2024-12-13,2024-12-13,40,Tel-Aviv Sourasky Medical Center,,Israel,False,17 Years,,ALL,"Transgender; Transgender Persons, M01.777.500",human_review,medium,likely_include
NCT06741319,exclude,recorded_adjudication,"Human adjudication: hormone therapy is one of many recorded health characteristics/services, with no explicit hormone-specific research objective or analysis.",Behavioral and Psychosocial Characteristics of Clients Accessing Services at IHRI,OBSERVATIONAL,RECRUITING,2013-07-02,2024-12-18,2026-04-02,300000,"Institute of HIV Research and Innovation Foundation, Thailand",Demographic characteristics; Social and sexual behaviors; Psychosocial characteristics; Clinical characteristics; Referral and linkage to care for HIV-positive clients; Characteristics associated with service implementation,Thailand,False,16 Years,,ALL,HIV,likely_include,high,downgrade_human_review
NCT06747624,exclude,recorded_adjudication,Human confirmation: the study tests geranylgeraniol supplementation for effects on endogenous testosterone in healthy men and women and excludes current/recent hormone replacement therapy; no TGD population or GAHT research role is defined.,A Crossover Clinical Trial Investigating the Effects of Geranylgeraniol (GG) Supplementation on Testosterone Levels in Healthy Men and Women Over an 18-week Period,INTERVENTIONAL,COMPLETED,2025-01-30,2024-12-24,2026-05-01,34,Designs for Health,Geranylgeraniol 300 mg; Placebo,United States,False,40 Years,65 Years,ALL,Wellness; Health,obvious_exclude,high,agree_obvious_exclude
NCT06774053,include,recorded_adjudication,Human confirmation: explicit TGD population; longitudinal cohorts include participants starting or already receiving GAHT with hormone levels and clinical outcomes followed.,Swiss ProspectivE Cohort of TRAnsgender and Gender Diverse Individuals - The SPECTRA Study,OBSERVATIONAL,RECRUITING,2026-04-20,2025-01-14,2026-06-30,600,"University Hospital, Basel, Switzerland",Group A (start of GAHT); Group B (on-going GAHT); Group C (GAS),Switzerland,False,16 Years,,ALL,Transgender Individuals; Gender Incongruence,likely_include,high,agree_likely_include
NCT06779331,exclude,recorded_adjudication,"Human confirmation: the observational ICU study evaluates phosphate excretion, kidney function, PTH, vitamin D, and critical-care outcomes; there is no TGD population or GAHT research component.",Phosphate Urine Excretion in Critically Ill Patients,OBSERVATIONAL,ACTIVE_NOT_RECRUITING,2023-09-11,2025-01-16,2025-05-28,205,Rabin Medical Center,,Israel,False,18 Years,,ALL,Critically Ill Intensive Care Unit Patients,obvious_exclude,high,agree_obvious_exclude
NCT06807580,include,recorded_adjudication,Human confirmation: explicit transgender women population; progesterone is directly randomized within feminizing GAHT and treatment-related outcomes are measured.,Progesterone in Gender Affirming Hormone Therapy Study,INTERVENTIONAL,RECRUITING,2025-05-12,2025-02-04,2025-12-24,40,Emory University,Placebo; Progesterone,United States,False,18 Years,60 Years,MALE,Transgender Women,likely_include,high,agree_likely_include
NCT06816355,include,recorded_adjudication,Human confirmation: explicit transgender population; postoperative outcomes are explicitly compared by recent testosterone or estrogen exposure.,Exogenous Sex Hormones and PONV,OBSERVATIONAL,COMPLETED,2025-02-04,2025-02-10,2025-02-21,7348,Riverside University Health System Medical Center,Orchiectomy; Hysterectomy; Augmentation mammoplasty,United States,False,18 Years,,ALL,Postoperative Nausea and Vomiting; Sex Hormone; Transgender,likely_include,high,agree_likely_include
NCT06844097,exclude,recorded_adjudication,"Human confirmation: participants are medical students receiving a cervical-cancer prevention training intervention, not a TGD research population, and there is no GAHT research component.",Intervention for Medical Student to Promote Cervical Cancer Screening Among Latinx Transmasculine Individuals,INTERVENTIONAL,NOT_YET_RECRUITING,,,2025-03-04,60,,Cervical Cancer Trans Inclusive Education (CC-TRAINED) Module; Disaster Preparedness Course,,False,21 Years,,ALL,Clinical Competence; Medical Education; Cervical Cancer Screening,human_review,medium,likely_exclude
NCT06854432,exclude,validated_obvious_exclude_stratum,No individual adjudication recorded; retained as an obvious exclude after the predefined Sol audit and 25-study low-priority QC sample showed no obvious-exclude reversals.,Assessment of Biological and Biometrological Parameters in Adult Subjects with Androgenetic Alopecia,INTERVENTIONAL,TERMINATED,2024-03-05,2025-03-03,2025-03-03,46,Pierre Fabre Dermo Cosmetique,Biometrological measurements; Biological sampling,France,False,30 Years,50 Years,MALE,"Alopecia, Androgenetic; Healthy",obvious_exclude,high,
NCT06854965,include,recorded_adjudication,"Human confirmation: explicit TGD cohort; quality of life is analyzed with hormone-therapy complications, transition modality, and self-medication variables.",Cohort Study on Factors Associated with the Evolution of Quality of Life Among Transgender Individuals in the French Population,OBSERVATIONAL,NOT_YET_RECRUITING,2025-02-28,2025-03-03,2025-03-03,1500,CNGE Conseil,,France,False,18 Years,,ALL,Transgender Persons,human_review,medium,likely_include
NCT06880705,exclude,recorded_adjudication,"Human confirmation: explicit transgender population; the ACT-based intervention targets stigma, substance misuse, HIV risk, and gender affirmation broadly, without a hormone-specific GAHT intervention, exposure, comparison, monitoring target, or outcome.",The Trans-Led Care Study,INTERVENTIONAL,RECRUITING,,,2026-07-15,124,,The TLC Program,,False,18 Years,,ALL,"Substance Abuse; Substance Addiction; Substance Use Disorder (SUD); Substance Use (Drugs, Alcohol); Human Immunodeficiency Virus (HIV)",human_review,medium,likely_exclude
NCT06939257,include,recorded_adjudication,Human confirmation: explicit gender-minority population; chronic-pain and sensory outcomes are compared longitudinally in adults initiating versus not using GAHT.,Pain Outcomes Associated With Exogenous Hormone Therapy in Adults,OBSERVATIONAL,RECRUITING,,,2026-05-14,200,,,,False,18 Years,50 Years,ALL,Pain; Gender Minority Individuals,likely_include,high,agree_likely_include
NCT06953908,include,recorded_adjudication,"Human confirmation: explicit TGD cohort; hormone-therapy effects, complications, and treatment courses are explicit study subjects.",The Copenhagen Gender Identity Cohort,OBSERVATIONAL,RECRUITING,2022-02-01,2025-05-01,2025-05-01,2000,"Rigshospitalet, Denmark",,Denmark,False,18 Years,,ALL,"Gender Identity; Gender Dysphoria, Adult; Gender Incongruence",human_review,medium,likely_include
NCT06969326,exclude,recorded_adjudication,"Human confirmation: explicit transgender-men population on stable testosterone, but the randomized topical estradiol is used for postoperative bleeding and wound healing rather than as GAHT; testosterone is eligibility/background rather than an analyzed GAHT exposure.",Topical Estrogen: Brief Intervention to Improve Postoperative Experience for Transgender Men Undergoing Hysterectomy,INTERVENTIONAL,RECRUITING,2025-05-01,2025-05-13,2025-05-13,48,Women and Infants Hospital of Rhode Island,Use of topical estradiol; No intervention,United States,False,18 Years,,FEMALE,Postoperative Bleeding; Gender Dysphoria; Hysterectomy,human_review,medium,likely_exclude
NCT06987045,exclude,recorded_adjudication,Human confirmation: GAHT/orchiectomy are eligibility and clinical context; registered PSA outcomes do not analyze results by GAHT exposure or regimen.,Trans and Non-binary Prostate-Specific Antigen Reference Interval Determination Study,OBSERVATIONAL,RECRUITING,2026-04-04,2025-05-23,2026-06-04,500,Queen Mary University of London,,United Kingdom,False,40 Years,100 Years,ALL,Prostate CA,likely_include,high,agree_likely_include
NCT07005648,exclude,recorded_adjudication,Human confirmation: menopause registry including transgender men who have not undergone hormonal gender reassignment; hormone-therapy variables concern menopause rather than GAHT.,Brazilian Registry of Menopausal Health,OBSERVATIONAL,RECRUITING,2026-06-30,2025-06-05,2026-05-20,1592,Science Valley Research Institute,,Brazil,False,35 Years,65 Years,ALL,Menopause,human_review,medium,likely_exclude
NCT07017595,exclude,recorded_adjudication,"Human confirmation: explicit transgender-women population; the intervention and outcomes concern gender-affirming voice training and acoustic biofeedback, with no GAHT research component.",Gender-affirming Voice Training With Visual Feedback,INTERVENTIONAL,TERMINATED,,,2025-07-24,6,,Visual-acoustic biofeedback: experimental,,False,18 Years,,MALE,Transgender Women; Voice Alteration,human_review,medium,likely_exclude
NCT07075731,exclude,recorded_adjudication,Human confirmation: explicit TGD population undergoing or planning hysterectomy; the study evaluates cervical/endometrial cancer screening and self-testing rather than GAHT.,Cervical and Endometrial Cancer Screening in Patients Seeking Gender-Affirming Hysterectomy,OBSERVATIONAL,RECRUITING,,,2026-07-16,40,,No intervention,,False,18 Years,,ALL,Cancer Screening; Transgender; Gender Diverse Populations,human_review,medium,likely_exclude
NCT07085715,exclude,recorded_adjudication,Human confirmation: transgender women are included in a pan-viral HIV/hepatitis screening and linkage-to-care study; no GAHT research component is registered.,Pan-Viral Screening and Linkage to Care Among GBMSM and Trans Women in Spain,OBSERVATIONAL,NOT_YET_RECRUITING,2025-10,2025-07-25,2025-07-25,500,Fundació Institut Germans Trias i Pujol,"Online self-sampling testing strategy to enhance pan-viral testing (HBV, HCV, HIV)",,False,18 Years,,MALE,HIV; Hepatitis B; Hepatitis C,human_review,medium,likely_exclude
NCT07092527,include,recorded_adjudication,Human confirmation: explicit TGD population; reproductive hormone secretion is measured before and during testosterone GAHT.,"Androgen Effects on the Reproductive Neuroendocrine Axis, 2025 Version",INTERVENTIONAL,RECRUITING,2025-12-05,2025-07-30,2026-01-15,80,"University of California, San Diego",Testosterone Cypionate 50 milligrams per millileter (mg/mL) Injectable Solution,United States,False,18 Years,35 Years,FEMALE,Transgenderism; Reproductive Issues,likely_include,high,agree_likely_include
NCT07128771,include,recorded_adjudication,Human confirmation: explicit TGD population; cardiovascular and body-composition outcomes are followed from GAHT initiation through subsequent months.,Cardiomodulatory Effects of Gender-Affirming Hormone Therapy,OBSERVATIONAL,ENROLLING_BY_INVITATION,2025-09-05,2025-08-19,2026-01-12,450,"University Hospital, Akershus",,Norway,False,16 Years,,ALL,Gender Incongruence; Cardiovascular Disease (CVD) Risk Factors,likely_include,high,agree_likely_include
NCT07145281,include,recorded_adjudication,Human confirmation: explicit transgender women population; sublingual versus oral estradiol-based feminizing regimens are directly compared for coagulation outcomes.,"Comparing the Effects of Sublingual Estradiol Treatment Versus Oral Estradiol With Cyproterone Acetate (CPA) Treatment on The Coagulation System in Transgender Women: A Prospective, Controlled Cohort Study",INTERVENTIONAL,COMPLETED,2022-11-10,2025-08-28,2025-08-28,30,Tel-Aviv Sourasky Medical Center,"Estradiol (E2); Cyproterone Acetate (Androcur, BAY94-8367)",Israel,False,18 Years,45 Years,MALE,"Gender Dysphoria, Adult; Blood Coagulation; Coagulation Factors; Transgender Persons, M01.777.500; Hemostasis; Transgender Women",likely_include,high,agree_likely_include
NCT07145827,exclude,validated_obvious_exclude_stratum,No individual adjudication recorded; retained as an obvious exclude after the predefined Sol audit and 25-study low-priority QC sample showed no obvious-exclude reversals.,Effect of Metformin on Endometrial Thickness in Postmenopausal Breast Cancer Patients Receiving Tamoxifen,INTERVENTIONAL,COMPLETED,2024-01-02,2025-08-28,2025-09-12,60,Uruk University,Metfomin; tamoxifen; Placebo matching Metformin,Iraq,False,,,FEMALE,Breast Cancer; Endometrial Hyperplasia and Endometrial Cancers,obvious_exclude,high,
NCT07147166,exclude,recorded_adjudication,"Human confirmation: explicit gender-affirming mastectomy population; the intervention is a force-modulating scar device and outcomes concern hypertrophic scarring, not GAHT.",Evaluating the Efficacy of Force Modulating Tissue Bridge Device in Preventing Hypertrophic Scars Following Gender-Affirming Mastectomy,INTERVENTIONAL,RECRUITING,,,2026-06-04,78,,Brijjit® BP100-6 and BP-75; Control: Standard of care and normal wound dressing,,False,19 Years,,ALL,Gender Dysphoria; Mastectomy; Hypertrophic Scar,human_review,medium,likely_exclude
NCT07148921,include,recorded_adjudication,Human confirmation: explicit TGD population; pain and sensory thresholds are measured before and during testosterone or estradiol GAHT with hormone concentrations monitored.,Perception of Pain During Gender Affirming Hormone Therapy,OBSERVATIONAL,RECRUITING,2024-12-01,2025-08-29,2025-08-29,40,Medical University of Vienna,Quantitative Sensory Testing; Patient Health Questionnaire 9; Hormone concentrations,Austria,False,18 Years,,ALL,Transgender Persons; Pain Threshold; Perception of Pain; Sex Hormones,likely_include,high,agree_likely_include
NCT07181551,exclude,recorded_adjudication,"Human confirmation: explicit transgender-adult population; the mobile intervention targets smoking cessation and related psychosocial factors, with no hormone-specific GAHT research component.",Forward to Quit: A Person-centered Mobile Technology Intervention for Smoking Cessation Among Transgender Adults,INTERVENTIONAL,ACTIVE_NOT_RECRUITING,,,2026-06-30,47,,Forward to Quit (F2Q),,False,18 Years,,ALL,Smoking Cessation,human_review,medium,likely_exclude
NCT07187947,include,recorded_adjudication,Human confirmation: explicit TGD population; cardiovascular outcomes are explicitly studied across masculinizing and feminizing GAHT types and formulations.,Cardiovascular Health of Transgender Individuals During the Gender-affirming Pathway,OBSERVATIONAL,RECRUITING,2025-07-18,2025-09-23,2025-09-23,500,IRCCS Azienda Ospedaliero-Universitaria di Bologna,Feminizing GAHT; Masculinizing GAHT,Italy,False,18 Years,,ALL,Gender Incongruence; Cardiovascular (CV) Risk; Cardiovascular Disease Risk Factor; Cardiovascular Disease Acute; Cardiovascular Health Status; Cardiovascular Disease (CVD); Cardiovascular Disease Prevention,likely_include,high,agree_likely_include
NCT07194226,exclude,recorded_adjudication,"Human confirmation: explicit transgender population; the study evaluates fertility-preservation decisions and regret, while hormone-treatment history is transition background rather than an explicit GAHT exposure, comparison, monitoring target, or outcome.",Attitudes and Decision Regret Regarding Fertility Preservation in Transgender Individuals,OBSERVATIONAL,COMPLETED,,,2025-09-26,616,,No intervention (observational study),,False,18 Years,,ALL,Fertility Preservation in Transgender Persons,human_review,medium,likely_exclude
NCT07252687,include,recorded_adjudication,Human confirmation: explicit transmasculine population; chest perception is measured longitudinally before and during GAHT and after mastectomy.,The Effect of Gender-affirmative Measures on Breast Perception in Trans Men,OBSERVATIONAL,RECRUITING,2025-11-30,2025-11-28,2026-03-06,100,Medical University Innsbruck,"quality of life questionnaire- iTransQoL, chest dysphoria measure",Austria,False,16 Years,,FEMALE,Transgender; Gender Dysphoria in Adolescents and Adults,likely_include,high,agree_likely_include
NCT07286123,exclude,recorded_adjudication,"Human confirmation: explicit transgender-women vaginoplasty population; the study evaluates Kerecis xenograft healing, epithelialization, anatomy, pain, sexual function, and quality of life, with no GAHT research component.",Gender Affirming Vaginoplasty With Tubularized Augmented Peritoneal Cap (TAPCap) Utilizing Fish Skin Xenograft (Kerecis™),OBSERVATIONAL,RECRUITING,,,2025-12-16,20,,Tubularized augmented peritoneal cap vaginoplasty; Biopsy,,False,19 Years,99 Years,MALE,"Gender Dysphoria, Adult",human_review,medium,likely_exclude
NCT07324967,exclude,recorded_adjudication,"Human confirmation: explicit transmasculine population; the randomized intervention is preoperative counseling about retaining versus removing ovaries during gender-affirming hysterectomy, not GAHT.",A Standardized Counseling Approach to Preoperative Education in Transmasculine Individuals Receiving Gender-affirming Surgery,INTERVENTIONAL,RECRUITING,,,2026-04-03,250,,Educational Handout,,False,18 Years,65 Years,ALL,Hysterectomy; Gender Affirming Surgery,human_review,medium,likely_exclude
NCT07334951,exclude,validated_obvious_exclude_stratum,No individual adjudication recorded; retained as an obvious exclude after the predefined Sol audit and 25-study low-priority QC sample showed no obvious-exclude reversals.,Effect of Tvns in Obesity,INTERVENTIONAL,ACTIVE_NOT_RECRUITING,2026-01-11,2026-01-12,2026-01-13,70,Cairo University,Trans vagus nerve stimulation electrical device.,Egypt,False,40 Years,50 Years,ALL,"Obesity and Diabetes Mellitus, Type 2",obvious_exclude,high,
NCT07358897,include,recorded_adjudication,Human confirmation: explicit transgender population; immune outcomes and hormone concentrations are measured before and after estrogen or testosterone GAHT initiation.,Gender Affirming Hormone Therapy and Immune Function in Trans Individuals - The GIFT Study,OBSERVATIONAL,NOT_YET_RECRUITING,2026-02-16,2026-01-22,2026-01-22,500,Imperial College London,,,False,18 Years,50 Years,ALL,Transgender,likely_include,high,agree_likely_include
NCT07394400,include,recorded_adjudication,"Human confirmation: explicit transgender population; cardiovascular, metabolic, inflammatory, and mental-health outcomes are measured before and during GAHT.","Effects of Gender-Affirming Hormone Therapy on Cardiovascular, Metabolic, and Mental Health Outcomes in Transgender Adults.",OBSERVATIONAL,NOT_YET_RECRUITING,2026-02-14,2026-02-06,2026-02-06,94,Milagros Rocha Barajas,,Spain,False,16 Years,,ALL,Transgender Individuals,likely_include,high,agree_likely_include
NCT07400419,include,recorded_adjudication,Human confirmation: explicit TGD population initiating estrogen-based GAHT; treatment-related body-composition and muscle changes are evaluated with resistance exercise.,Effects of Resistance Exercise Among TGD Individuals Initiating Estrogen-Based Gender-Affirming Hormone Therapy,INTERVENTIONAL,RECRUITING,2026-04-16,2026-02-10,2026-07-13,60,Massachusetts General Hospital,Resistance Exercise Program; Nutrition and Exercise Counseling,United States,False,18 Years,,MALE,Muscle Mass and Strength,likely_include,high,agree_likely_include
NCT07412509,exclude,recorded_adjudication,"Human confirmation: explicit gender-dysphoria population seeking vaginoplasty; the study evaluates 3D-model-assisted surgical education and planning, with no GAHT research component.","Can 3D Modeling Enhance Patient Understanding, Education, and Surgical Outcomes in Gender Affirming Peritoneal Vaginoplasty?",OBSERVATIONAL,NOT_YET_RECRUITING,,,2026-04-21,20,,Use 3D printed patient specific models for patient education,,False,18 Years,,MALE,"Vaginoplasty; Gender Dysphoria, Adult",human_review,medium,likely_exclude
NCT07417787,exclude,recorded_adjudication,"Human confirmation: the study evaluates hCG point-of-care testing after very early medical abortion; gender-diverse participants may be included, but there is no explicit TGD GAHT research population or GAHT research role.",Point of Care Tests in the Management of Very Early Medical Abortion,OBSERVATIONAL,RECRUITING,2026-04-23,2026-02-18,2026-06-03,130,University of Edinburgh,Blood test; Participant Questionnaire,Sweden; United Kingdom,False,16 Years,55 Years,FEMALE,Abortion Early,human_review,medium,likely_exclude
NCT07448272,exclude,validated_obvious_exclude_stratum,No individual adjudication recorded; retained as an obvious exclude after the predefined Sol audit and 25-study low-priority QC sample showed no obvious-exclude reversals.,Letrozole 5 mg for 10 Days Versus Letrozole 10 mg for 5 Days for Ovarian Stimulation in PCOS,INTERVENTIONAL,ACTIVE_NOT_RECRUITING,2025-04-01,2026-03-04,2026-03-04,80,Mst.Sumyara Khatun,Tab letrozole 5mg for 10 days; Tabletrozole 10mg for 5 days,Bangladesh,False,18 Years,35 Years,FEMALE,PCOS (Polycystic Ovary Syndrome),obvious_exclude,high,
NCT07480590,exclude,recorded_adjudication,"Human confirmation: explicit gender-dysphoria cohort followed through gender-affirming care broadly, but the registered objectives and outcomes do not isolate GAHT as an explicit intervention, exposure, comparison, monitoring target, pharmacologic variable, or hormone-specific outcome.","GLOW: Gender-Affirming Care and Mental Health: A Longitudinal Study On Quality of Life, Work Life, and Healthcare Outcomes",OBSERVATIONAL,RECRUITING,,,2026-05-18,500,,,,False,18 Years,,ALL,"Gender Dysphoria, Adult",human_review,medium,likely_exclude
NCT07481942,include,recorded_adjudication,Human confirmation: explicit transgender population; body-composition outcomes are measured after testosterone GAHT and testosterone formulations are compared.,Body Composition Assessment in Transgender Population.,OBSERVATIONAL,COMPLETED,2017-01-01,2026-03-19,2026-03-23,70,Celia Bañuls,gender affirming hormone therapy,Spain,False,14 Years,,FEMALE,Transgender,likely_include,high,agree_likely_include
NCT07509827,exclude,recorded_adjudication,"Human confirmation: explicit transgender-women population; the mHealth intervention targets HIV-related stigma, PrEP uptake, adherence, and HIV testing rather than GAHT.",Evaluation of mHealth Intervention to Promote HIV Prevention and Overcome Stigma Among Transgender Women (EMPOW.HER),INTERVENTIONAL,RECRUITING,2024-08-01,2026-04-03,2026-04-03,108,"Institute of HIV Research and Innovation Foundation, Thailand",Mobile Healthy Choices (mHC)+SPC; FRESH + SPC; mHC + FRESH + SPC,Thailand,False,18 Years,29 Years,MALE,HIV Prevention; HIV Related Stigma; PrEP Adherence,human_review,medium,likely_exclude
NCT07512856,exclude,recorded_adjudication,"Human confirmation: explicit TGD population; the intervention is a trans-tailored harm-reduction service focused on substance use, PrEP, sexual health, mental health, and socio-legal support, while gender-affirming care access is supportive context rather than GAHT research.",The Implementation of a Trans-tailored Harm Reduction Service for Transgender Persons in Relation to chemsEX and Substance Use (iT-REX),INTERVENTIONAL,RECRUITING,,,2026-04-06,140,,Transgender-tailored Harm Reduction Service,,False,18 Years,,ALL,HIV Prevention; Substance Use; Mental Health Disorders; Sexually Transmitted Infections (STIs); Chemsex,human_review,medium,likely_exclude
NCT07516691,exclude,recorded_adjudication,"Human confirmation: trans sex workers are part of the target population, but the study evaluates HIV/STI prevention and teleconsultation access; hormone injection appears only as HIV-risk background and GAHT is not analyzed.",Evaluation of a New Strategy to Approach the Transgender Sex Worker Populations and Their Clients for Access to a Preventive Sexual Health System Through the ORTIF Digital Teleconsultation Solution,OBSERVATIONAL,NOT_YET_RECRUITING,2026-05-01,2026-04-08,2026-04-08,250,Assistance Publique - Hôpitaux de Paris,,France,False,18 Years,,ALL,HIV,human_review,medium,likely_exclude
NCT07542964,include,recorded_adjudication,Human confirmation: explicit TGD population; renal physiology is measured before and after testosterone or estrogen/antiandrogen GAHT.,Transgender Analysis of Nephrological Studies Focused on Renal Metrics,OBSERVATIONAL,NOT_YET_RECRUITING,2026-09,2026-04-21,2026-04-21,60,"Amsterdam UMC, location VUmc",P-aminohippurate clearance study; Iohexol infusion; Hyperinsulinemic clamp,Netherlands,False,18 Years,40 Years,ALL,Kidney Disease; Kidney Injury; Transgender Individuals,likely_include,high,agree_likely_include
NCT07624747,include,recorded_adjudication,Human confirmation: explicit transgender adult population; brain and cognitive outcomes are measured before and after GAHT initiation.,Brain Health in Transgender Adults,OBSERVATIONAL,RECRUITING,2025-10-14,2026-06-03,2026-06-03,72,"University of Wisconsin, Madison",Magnetic Resonance Imaging; Cognition and Health Tests; Optional Exercise Test,United States,False,18 Years,45 Years,ALL,Gender Dysphoria,likely_include,high,agree_likely_include
NCT07661823,exclude,recorded_adjudication,Human confirmation: gender dysphoria is one of many conditions listed in a broad AI-managed behavioral-health program; there is no explicitly defined TGD GAHT research population or GAHT research role.,"QAIAx (AIhealth4U) - AI Public Health Central: Microcity-A (re Quantum AI Agency Aka AI City Hall Project, UPSTO App Nos. 64/074,526, 64/063,557, 63/903,181, 63/729,428",INTERVENTIONAL,NOT_YET_RECRUITING,,,2026-08-12,1000000,,AI City Hall Project (AIhealth4u - Public Health Central); AI City Hall Project (QAIAx Microcity A - AI Public Health Central),,False,17 Years,99 Years,ALL,"Asperger's Disorder; Asperger Disorder; Autism Disorder; Autism; ADHD - Attention Deficit Disorder With Hyperactivity; ADHD; ASD; Alcohol Abuse/Dependence; Alcohol Addiction; Alcohol and Other Drug Use Disorders; Alcohol and Other Substance Use Prevention; Gambling Addiction; Gambling Disorder; Sex Abuse; Sex Behavior; Sex Crimes; Sex Disorder; Sex Disorders; Gender Dysphoria, Adult; Eating Behavior Disorders; Narcotic-Related Disorders; Narcotic Addiction; Narcissism; Psychiatric Disorder; Psychedelic Effects in Healthy Volunteers; Psychedelic Experiences; Psychedelic Drug Dependence; Marijuana Use Disorder; Marijuana Abuse and Dependence; Smoking (Tobacco) Addiction; Smoking Among Youth; Smoking Abstinence; Abstinence, Sex; Opiate Substitution Treatment; Opioid Abuse (Disorder); Opioid Abuse and Addiction; Cocaine Abuse; MDMA ('Ecstasy'); Addiction Disorders; Homeless and Low Incomes People, Refugees; Homelessness; Reliability and Validity; Anger Problems; Child Abuse, Sexual",human_review,medium,likely_exclude
NCT07681908,exclude,recorded_adjudication,"Human confirmation: explicit AFAB transgender/gender-diverse youth population; the text-messaging intervention targets pregnancy, HIV/STI prevention, contraception, and PrEP, while gender-affirming care is educational context rather than a GAHT research variable.",#TranscendentHealth: A Text Messaging Pregnancy Prevention Program for Transgender Boys,INTERVENTIONAL,NOT_YET_RECRUITING,,,2026-07-02,467,,#TranscendentHealth; Universal Sexual Health Program,,False,14 Years,18 Years,FEMALE,Pregnancy (Unwanted); Sexually Transmitted Disease (STD); HIV Infection; Sexual Behavior,human_review,medium,likely_exclude
NCT07699159,exclude,recorded_adjudication,"Human confirmation: general youth mental-health multimorbidity cohort with no explicitly defined TGD study population and no GAHT intervention, exposure, comparison, monitoring target, pharmacologic variable, or outcome.",Cohort Network for Adolescents and Youth With multipLe Mental Health Conditions,OBSERVATIONAL,RECRUITING,2025-03-04,2026-07-13,2026-07-13,1620,Centre for Addiction and Mental Health,,Canada,False,11 Years,24 Years,ALL,Multiple Mental Health Conditions; Child Mental Health; Youth Mental Health,human_review,medium,likely_exclude
NCT07729644,exclude,recorded_adjudication,"Human confirmation: the study evaluates state-level SGM laws, including gender-affirming-care laws, as policy exposures affecting violence and wellbeing outcomes; it does not study GAHT itself as a clinical intervention or exposure.",Evaluation of State-Level Sexual and Gender Minority Laws for the Primary Prevention of Sexual and Intimate Partner Violence Among Sexual and Gender Minority Youth in the U.S.,OBSERVATIONAL,NOT_YET_RECRUITING,,,2026-07-29,30,,Enumerated anti-bullying state legislation; Conversion therapy state legislation; Gender-affirming care state legislation,,False,13 Years,18 Years,ALL,Sexual Violence; Intimate Partner Violence (IPV),human_review,medium,likely_exclude
NCT07746999,include,recorded_adjudication,Human confirmation: explicit transgender population; liver outcomes are analyzed by GAHT duration and regimen-related exposure.,North Jersey Community Research Initiative (NJCRI) Study on Transgender Liver Health,OBSERVATIONAL,ENROLLING_BY_INVITATION,2025-03-15,2026-08-05,2026-08-05,60,Corey DeStefano,,United States,False,18 Years,,ALL,HEPATITIS C (HCV),likely_include,high,agree_likely_include
NCT07755059,exclude,validated_obvious_exclude_stratum,No individual adjudication recorded; retained as an obvious exclude after the predefined Sol audit and 25-study low-priority QC sample showed no obvious-exclude reversals.,Proximal Splenic Artery Embolization (PSAE) for the Treatment of Refractory Ascites in Decompensated Cirrhosis,INTERVENTIONAL,NOT_YET_RECRUITING,2026-10-01,2026-08-10,2026-08-10,60,Massachusetts General Hospital,Proximal Splenic Artery Embolization,United States,False,18 Years,,ALL,"Ascites; Liver Cirrhosis; Hypertension, Portal",obvious_exclude,high,
NCT07759518,exclude,validated_obvious_exclude_stratum,No individual adjudication recorded; retained as an obvious exclude after the predefined Sol audit and 25-study low-priority QC sample showed no obvious-exclude reversals.,Letrozole High Dose (10 mg) Compared to Letrozole Low Dose( 5 mg) for Ovarian Stimulation in Infertile Women With Polycystic Ovary Syndrome,INTERVENTIONAL,COMPLETED,2025-02-01,2026-08-12,2026-08-12,86,Mst.Sumyara Khatun,Tab.Letrozole 10 mg for 5 days; Tab.Letrozole 5mg for 5 days,Bangladesh,False,18 Years,35 Years,FEMALE,PCOS,obvious_exclude,high,
