nct_id,brief_title,study_type,overall_status,conditions,brief_summary,interventions,study_population,eligibility_text,primary_outcomes,legacy_preliminary_screening,legacy_screening_reason,preliminary_screening,screening_reason,preliminary_screening_basis,human_screening,human_screening_reason
NCT00023543,Reduction of Triglycerides in Women on Hormone Replacement Therapy,INTERVENTIONAL,COMPLETED,Cardiovascular Diseases; Atherosclerosis; Postmenopause; Heart Diseases,,"BEHAVIORAL: Diet, fat-restricted — Reduction in total, saturated, trans fat, cholesterol, calories. Increase in fiber. Promotion of nutrient-dense, high-volume, low calorie foods.; BEHAVIORAL: Exercise — Rigorous, stepped care approach to reach 150 min/week of physical activity.",,Inclusion Criteria: * On HRT for at least two years * Women 52 to 60 years of age * Three or more years postmenopausal * Waist circumference greater than 80 cm * LDLc between 100 and 160 mg/dl * Body mass index 25-39.9 kg/m2 * Blood Pressure less than 160/95 mm Hg * Beck Depression Inventory Score less than 20 Exclusion Criteria: * Current use of cholesterol-lowering medication * Diagnosis of diabetes * On diabetes medication,,exclude,Cisgender/unrelated indication,exclude,Unverified legacy keyword heuristic: Cisgender/unrelated indication,legacy_keyword_heuristic_unverified,,
NCT00082082,A Trial of Thymalfasin in Adult Patients With Hepatocellular Carcinoma,INTERVENTIONAL,COMPLETED,"Carcinoma, Hepatocellular",,DRUG: Thymalfasin (thymosin alpha-1); PROCEDURE: Trans arterial chemoembolization (TACE),,"Inclusion Criteria: * Signed written informed consent. * Diagnosis of HCC by: 1. Presence of HCC on biopsy (core biopsy), or, if biopsy is strongly contra-indicated due to safety or patient-related concerns, then the diagnosis of HCC can be determined by: 2. A new hepatic defect on imaging with an AFP \> 1000 ng/ml, or 3. A new hepatic defect on ultrasound or CT with an AFP \< 1000 ng/ml when one of the following is present: 1. At least two additional imaging techniques show signs characteristic of HCC, or 2. The new hepatic defect has doubled in diameter over time, or 3. The AFP has progressively risen to \> 200 ng/ml and triples the mean baseline. * HCC must be unresectable and non-transplantable. * Hematocrit \> 30%, platelet count \>= 50,000 per microliter, WBC \> 2.0 x 109/L, and polymorphonuclear white cell count \>= 1.0 x 109/L. * Adequate renal function as demonstrated by serum creatinine level \< 1.5 mg/dl. * If the patient is a woman, she is using a definitive method of birth control in consultation with her physician, or is surgically sterile or post-menopausal. Exclusion Criteria: * Concomitant chronic use of any drug known to be hepatotoxic, or of any immunosuppressive drug (Use of oral contraceptives will not exclude an otherwise eligible patient). * Presence of main portal vein thrombosis or hepatic artery malformation. * HCC amenable to treatment by surgical resection or hepatic transplantation. * HIV infection diagnosed by HIV seropositivity and confirmed by Western blot. * Concomitant or prior history of malignancy other than HCC within the last 10 years, except for curatively treated skin cancer or surgically cured in situ carcinoma of the cervix. * Active infectious process that is not of a self-limiting nature. TB and AIDS are examples of infectious processes that are not of a self-limiting nature. * Pregnancy as documented by a urine pregnancy test. Women with reproductive potential must agree to practice an adequate method of birth control for the duration of the study. * Alcohol or intravenous drug abuse within the previous 1 year. * Previous treatment with thymalfasin. * Patients with known hypersensitivity to iodine. * Simultaneous participation in another investigational drug study, or participation in any clinical trial involving investigational drugs within 30 days of study entry.",,exclude,Does not explicitly meet both criteria (Trans population + GAHT),exclude,Unverified legacy keyword heuristic: Does not explicitly meet both criteria (Trans population + GAHT),legacy_keyword_heuristic_unverified,,
NCT00146146,Testosterone and Its Metabolites in GID,INTERVENTIONAL,COMPLETED,Transsexualism,,DRUG: testosterone undecanoate alone — 1000 mg/12 weeks; DRUG: testosterone undecanoate plus letrozole — TU 1000 mg/12 weeks Letrozole 2.5 mg/day; DRUG: testosterone undecanoate plus dutasteride — TU 1000 mg/12weeks Dutasteride 0.5 mg/day,,"Inclusion Criteria: Healthy biological females, between 18 and 45 years of age: * SR surgery performed * Body Mass Index (BMI) between 20 and 29 kg/m²; (body weight in kilograms divided by body height in meters squared) * Clinical examination without pathological findings relevant to the study * Clinico-chemical laboratory values do not suggest an illness * Written Consent Form has been signed * High probability of a good compliance and termination of the study Exclusion Criteria: Subjects cannot be enrolled in this study if one or more of the following criteria apply: * Participation in another clinical trial within the 30 days preceding the first administration * Simultaneous participation in another clinical trial * Subjects institutionalized or imprisoned by order of the court * Subject who compete in sports which use IOC drug monitoring * Serious organic or psychic disease suspected from history and/or clinical examination * Diseases (especially tumors) that might represent an actual contraindication for testosterone * Past or present history of thrombotic or embolic diseases * Hypertension requiring therapy (BP 140/90 mmHg) * Diabetes mellitus requiring therapy * Acute or chronic hepatic diseases * Manifest renal diseases with renal dysfunction * Severe internal diseases as well as use of any medication to treat such * Biochemical and/or hematological laboratory values beyond normal ranges unless the Investigator confirms that the deviations are of no clinical relevance * Any indication of chronic use of drugs, alcohol, opiates or recreational drugs * Use of any drug known to affect biotransformation of testosterone and/or progestin, e.g. chlorcycline, phenobarbital, phenylbutazone, aminophenazone within the 30 days preceding the first administration of the test medication and during the study * Use of oral anticoagulatory drugs within the 30 days preceding the first administration of the test medication and during the study * Any oral or transdermal hormone medication within the 12 weeks preceding the first administration and during the study * Probability of poor compliance and termination of the study",,include,Transgender population and GAHT intervention/exposure identified,include,Unverified legacy keyword heuristic: Transgender population and GAHT intervention/exposure identified,legacy_keyword_heuristic_unverified,,
NCT00188708,Effect of Casodex on Tumour Hypoxia - Prostate Cancer,INTERVENTIONAL,COMPLETED,Prostatic Neoplasms,,PROCEDURE: hypoxia measurement — transrectal oxygen measurement,,"Inclusion Criteria: * Men with histologically proven prostatic carcinoma, stage cT2, N0, M0, receiving neoadjuvant bicalutamide plus conformal radiotherapy in study 9907, who have previously participated in the prostate cancer hypoxia project * informed consent Exclusion Criteria: * Coagulopathy",,exclude,Oncology indication not related to transgender health,exclude,Unverified legacy keyword heuristic: Oncology indication not related to transgender health,legacy_keyword_heuristic_unverified,,
NCT00450749,Lycopene in Treating Patients Undergoing Radical Prostatectomy for Prostate Cancer,INTERVENTIONAL,COMPLETED,Adenocarcinoma of the Prostate; Stage I Prostate Cancer; Stage II Prostate Cancer; Stage III Prostate Cancer,,OTHER: placebo — Given PO; PROCEDURE: therapeutic conventional surgery — Undergo radical prostatectomy; OTHER: laboratory biomarker analysis — Correlative studies; DRUG: lycopene — Given PO,,"Criteria: * Creatinine normal * Biopsy-confirmed adenocarcinoma of the prostate * Localized disease * Planned radical prostatectomy * ECOG performance status (PS) 0-2 OR Karnofsky PS 60-100% * WBC \>= 3,000/mm\^3 * Platelet count \>= 100,000/mm\^3 * Bilirubin normal * AST and ALT =\< 2.5 times upper limit of normal * Fertile patients must use effective barrier contraception * No other invasive cancer (except nonmelanoma skin cancer) within the past 2 years * Patients who received curative treatment and have shown no evidence of recurrence within the past 2 years are eligible * No history of allergic reactions attributed to compounds of similar chemical or biological composition to lycopene (e.g., other carotenoids, including lutein and beta-carotene) * More than 30 days since prior regular (\> once weekly) lycopene supplementation (\>= 15 mg/day) and meets the following criteria: no more than 2 servings of tomato sauce, juice, or soup per week; no more than 4 servings of grapefruit, raw tomato, or watermelon per week * Must not consume 1 serving of tomato sauce, juice, or soup per week AND more than 2 servings of grapefruit, raw tomato, or watermelon per week * More than 30 days since prior and no concurrent investigational medication * No concurrent chemotherapy, radiotherapy, hormonal therapy, or immunotherapy * No history of allergy to foods containing lycopene (e.g., tomatoes or tomato products, watermelon, guava, and pink grapefruit) * No concurrent uncontrolled illness including, but not limited to, any of the following: ongoing or active infection; symptomatic congestive heart failure; unstable angina pectoris; cardiac arrhythmia; psychiatric illness/social situations that would limit compliance with study requirements * No prior therapy for prostate cancer, including radiotherapy to the prostate or pelvis, androgen ablation, or antiandrogen systemic therapy * No other concurrent lycopene (\>= 15 mg/day)",,exclude,Oncology indication not related to transgender health,exclude,Unverified legacy keyword heuristic: Oncology indication not related to transgender health,legacy_keyword_heuristic_unverified,,
NCT00544882,A Study to Evaluate Hormone Patterns and Ovarian Follicular Activity With DR-1021,INTERVENTIONAL,COMPLETED,Healthy,,DRUG: DR-1021 — Twenty-one 150 μg desogestrel/20 μg ethinyl estradiol (EE) combination tablets plus seven 10 μg EE tablets.; DRUG: Mircette® — Twenty-one 150 μg desogestrel/20 μg ethinyl estradiol (EE) combination tablets plus two placebo tablets plus five 10 μg EE tablets.; DRUG: Kariva® — Twenty-one 150 μg desogestrel/20 μg ethinyl estradiol (EE) combination tablets plus two placebo tablets plus five 10 μg EE tablets.,,"Inclusion Criteria: * Premenopausal * Weight \<200 lbs * Currently taking or willing to be treated with an oral contraceptive with a standard 21/7 regimen for one cycle prior to starting Study Cycle 1 * Others as dictated by protocol Exclusion Criteria: * Any contraindication to the use of oral contraceptives * Breast feeding * Smoking \> 10 cigarettes per day * Use of drugs that require simultaneous use of contraceptives (e.g., isotretinoin \[Accutane\]) * Others as dictated by protocol",,exclude,Does not explicitly meet both criteria (Trans population + GAHT),exclude,Unverified legacy keyword heuristic: Does not explicitly meet both criteria (Trans population + GAHT),legacy_keyword_heuristic_unverified,,
NCT00608400,Effect of Dietary Conjugated Linoleic Acid (CLA) on Parathyroid Hormone in Men,INTERVENTIONAL,COMPLETED,Healthy,,"DIETARY_SUPPLEMENT: Clarinol CLA — 0, 1.5 or 3.0 g/d dietary conjugated linoleic acids glycerides for 4 months, capsule form",,Inclusion Criteria: The sample size will be 90 healthy men (n=30/group) based on the following inclusion criteria: * Healthy body weight based on body mass index (18.5 - 25 kg/m2 as per Health Canada * No chronic diseases * Normal bone mass for age (ie Z-score better than -1 where reference data available) * Vitamin D status within optimal range based on serum 25(OH)D (between 50 and 80 nmol/L of serum 25(OH)D with a median threshold of 75 nmol/L as set by international experts.,,exclude,Does not explicitly meet both criteria (Trans population + GAHT),exclude,Unverified legacy keyword heuristic: Does not explicitly meet both criteria (Trans population + GAHT),legacy_keyword_heuristic_unverified,,
NCT00668603,Comparison of Vascular Findings Between Symptomatic and Asymptomatic Postmenopausal Women Before and During Hormone Therapy (HRT),INTERVENTIONAL,COMPLETED,Postmenopausal Vasomotor Symptoms; Cardiovascular Disease,,DRUG: 17-b-estradiol — 2mg oral daily for 6 months; DRUG: 17-b-estradiol + medroxyprogeterone acetate — 2mg E2 + 5mg MPA daily for 6 months; DRUG: 17-b-estradiol hemihydrate — 1 mg skin gel daily for 6 months; DRUG: placebo pill + gel — placebo daily for 6 months,,Inclusion Criteria: * Postmenopausal women between ages 48-55 * Minimum of 6 months and maximum of 36 months from last menstrual period * Postmenopausal status of these women will be confirmed by level of FSH that should exceed 30 U/l * Eighty women must have severe vasomotor symptoms (at least seven severe or moderate hot flush attacks per day) whereas eighty comparators must be symptomless Exclusion Criteria: * smoking * hysterectomy * dyslipidemia * overt hypertension (blood pressure \> 140/90) * diabetes * any regular medication * HT in the previous 3 months * body mass index over 27,,exclude,Cisgender/unrelated indication,exclude,Unverified legacy keyword heuristic: Cisgender/unrelated indication,legacy_keyword_heuristic_unverified,,
NCT00684606,Transcervical Foley Catheter With or Without Oxytocin for Induction of Labor,INTERVENTIONAL,UNKNOWN,Pregnancy; Induction of Labor,,DRUG: Oxytocin IV — 5 miu/1000ml Glu/Saline,,Inclusion Criteria: * Term pregnancy * Medical indication for labor induction by transcervical Foley catheter Exclusion Criteria: * Preterm pregnancy * Contraindication for induction of labor by transcervical Foley catheter or by IV Oxytocin: * Uterine scar * Multiple pregnancy * PROM * Grand-multiparity * Placenta previa or marginal placenta * Spontaneous uterine contractions (more than 3 in 10 minutes) * Vaginal bleeding * Nonreassuring fetal heart rate,,exclude,Does not explicitly meet both criteria (Trans population + GAHT),exclude,Unverified legacy keyword heuristic: Does not explicitly meet both criteria (Trans population + GAHT),legacy_keyword_heuristic_unverified,,
NCT00705796,Influence of Administration Route of Testosterone on Male Fertility,INTERVENTIONAL,WITHDRAWN,Hypogonadism,,"DRUG: MPP10, testosterone — Testosterone intranasal, 7.6 mg, twice daily to be taken immediately after waking up and washing/showering (approx. 7:00-8:00 AM) and at lunch time (approx. 12:00 AM).; DRUG: Testosterone — AndroGel® 50 mg, once daily in the morning after washing/showering.",,"Inclusion Criteria: * Age greater than or equal to 50 years but not older than 80 years of age; * Serum testosterone level \<13.8 nmol/l; * Sperm concentration \> 40 Million/ml; * Willing to give written informed consent. Exclusion Criteria: * Testicular diseases or having had any surgical procedures applied to the testes; * History or currently existing serious disease of any type, in particular liver, kidney or heart disease, any form of diabetes mellitus, cancer or psychiatric illness; * Current androgen, anabolic steroid or sex hormone treatment or any treatment with such compounds in the previous 6 months; * Blood donation within the 12-week period before the initial study dose. * History of, or current nasal disorders (e.g. seasonal or perennial allergic rhinitis, atrophic rhinitis, polyposis, abuse of nasal decongestants, clinically relevant nasal septum deviation, recurrent epistaxis) or sleep apnea; * Elevated serum PSA levels (\> 4 ng/ml for subjects \>= 50 years of age);",,exclude,Does not explicitly meet both criteria (Trans population + GAHT),exclude,Unverified legacy keyword heuristic: Does not explicitly meet both criteria (Trans population + GAHT),legacy_keyword_heuristic_unverified,,
NCT00711607,"A Trial to Assess the Pharmacokinetic Profile (e.g., Uptake, Distribution and Excretion of a Substance in the Body) of Nomegestrol Acetate (NOMAC), Estradiol (E2) and Estrone (E1) After Multiple and Single Dose Administration of the Combined Oral Contraception NOMAC-E2 (COMPLETED)(P05822)",INTERVENTIONAL,COMPLETED,Healthy,,DRUG: nomegestrol acetate and estradiol — Group 1: one tablet of 2.5 mg NOMAC-E2 and 1.5 mg E2 per day on days 1-24 and day 35; Group 2: one tablet of 2.5 mg NOMAC-E2 and 1.5 mg E2 per day on days 1-24 followed by one Placebo tablet on day 35,,"Inclusion Criteria: * Fertile female subjects in good physical and mental health and 18 - 50 years of age at screening * Body mass index (BMI) of 17 ≤ BMI ≤ 29 kg/m2 * Able and willing to use non-hormonal contraceptives during the trial from screening up to follow up * With the last menstrual cycle of 28 +/- 7 days * Able and willing to sign the informed consent form * Able to refrain from smoking, grapefruit containing products, and all use of (methyl)xanthines (e.g. coffee, tea, cola, chocolate) during hospitalization and during pharmacokinetic sampling on days 24-30 and days 35-41 Exclusion Criteria: * History of sensitivity/idiosyncrasy to NOMAC-E2 or chemically related compounds or excipients which could be employed within the study or to any other unknown drug used in the past * Use of any drug or substance within one week prior to the first treatment day, except paracetamol * Clinically relevant history or presence of any medical disorder * Clinically relevant abnormal laboratory, ECG, vital signs or physical findings at screening (and just prior to dosing) * Known or suspected pregnancy * History of/or current abuse of drugs or alcohol or solvents, or positive drug or alcohol screen at screening and admission, as judged by the investigator * Positive test result on hepatitis B surface antigen, hepatitis C antibody, or HIV 1/2 serology * Participation in an investigational drug study within 90 days prior to treatment day 1 * Donation of blood within 90 days prior to treatment day 1 * Contra-indications of contraceptive steroids (general) * Abnormal cervical smear at screening, or documentation of abnormal smear performed within 12 months before screening * Clinically relevant transvaginal ultrasound pathology or inability to undergo transvaginal ultrasound evaluation * Use of an injectable hormonal method of contraception; within 6 months of an injectable with a 3-month duration, within 4 months of an injectable with a 2-month duration, within 2 months of an injectable with a 1-month duration * Before spontaneous menstruation has occurred following a delivery or abortion * Breastfeeding or within 2 months after stopping breast feeding prior to start of trial medication * Present use or use during two months prior to the start of the trial medication of the following drugs: phenytoin, barbiturates, primidone, carbamazepine, oxcarbazepine, topiramate, felbamate, rifampicin, nelfinavir, ritonavir, griseofulvin, ketoconazole, sex steroids (other than pre- and post treatment contraceptive method) and herbal remedies containing hypericum perforatum (St. John's Wort) * Present use or use within one month prior to screening of any agent that was known to prolong the QT/QTc interval * History of /or current risk factors for TdP (e.g. heart failure, hypokaliemia, hypomagnesaemia, hypocalcaemia, family history of long QT syndrome, loss of consciousness)",,exclude,Does not explicitly meet both criteria (Trans population + GAHT),exclude,Unverified legacy keyword heuristic: Does not explicitly meet both criteria (Trans population + GAHT),legacy_keyword_heuristic_unverified,,
NCT00766857,Effects of Exenatide in Type 2 Diabetic Patients With Congestive Heart Failure,INTERVENTIONAL,COMPLETED,Type 2 Diabetes Mellitus; Congestive Heart Failure,,"DRUG: exenatide — Exenatide 5 mcg BID for 4 weeks, subsequently increased to 10 mcg BID for the remainder of the study (total of 26 weeks).; DRUG: Insulin glargine — Insulin glargine will be initiated at 10 IU QD, titrated according to fasting blood glucose concentrations based on general protocol-defined guidance.",,"Inclusion Criteria: * Type 2 diabetes mellitus * Male and postmenopausal female * Age 18 years an above * Metformin therapy (stable, maximum tolerable dose for 2 months) * HbA1c 6.5-10% * Confirmed congestive heart failure (NHYA functional class II-IV) * Ejection fraction \< 50% * Patients should receive a stable standard therapy for their cardiac condition for 3 months prior entering the study Exclusion Criteria: * Type 1 diabetes mellitus * Serious renal or liver impairment * (Receiving treatment for) malignant disease * Cardiovascular event \< 3 months prior to inclusion * Acute congestive heart failure * Any reason for not being able to sustain the imaging studies * Pacemaker/ICD * Contraindications for the use of exenatide/ insulin * Use of insulin, thiazolidinediones, incretin-based therapies within 4 months of screening * Chronic use of glucocorticoids, NSAIDs or centrally acting drugs (\> 2 weeks) within 2 weeks immediately prior to screening",,exclude,Cisgender/unrelated indication,exclude,Unverified legacy keyword heuristic: Cisgender/unrelated indication,legacy_keyword_heuristic_unverified,,
NCT00789607,Fiducial Localization and Individualized Radiotherapy -Prostate Cancer,INTERVENTIONAL,COMPLETED,Prostate Cancer,,"DEVICE: Transrectal APT Device or Transperineal Device will be used — Both are imaging probe devices that is inserted under local anesthetic, in the rectum using lubricant, positioning against the prostate gland, and attached to the table. This is done at baseline (Day 0) under local anesthetic with the patient in partial dorsal lithotomy position; DEVICE: TRUS probe — Patient is given local anesthetic transrectally to the prostate base and the probe is inserted with patient in the lateral decubitus position.",,"Inclusion Criteria: 1. ≥ 18 years old 2. ECOG status ≤ 1 3. High risk localized cancer planned for RT under FM guidance 4. Gleason \> 7, PSA \> 20, Clinical stage ≥ T3 5. patients(pts) must give written informed consent Exclusion Criteria: 1. pts \> 136 kg or \> 60 cm in girth 2. Pts with pacemakers, cerebral aneurysm clips, shrapnel injury or devices not compatible with MRI. 3. pts with severe claustrophobia 4. pts with bleeding diathesis and anticoagulative therapy that cannot be ceased prior to needle procedures. 5. Contraindications to endorectal probe, surgically absent rectum, severe hemorrhoids or previous colorectal surgery. 6. Latex Allergy",,exclude,Oncology indication not related to transgender health,exclude,Unverified legacy keyword heuristic: Oncology indication not related to transgender health,legacy_keyword_heuristic_unverified,,
NCT00805701,Study Assessing The Efficacy And Safety Of Avodart (Dutasteride) At Improving Urinary Symptoms In Men With Prostate Cancer Who Are Undergoing Seed Implantation,INTERVENTIONAL,COMPLETED,Prostate Cancer,,DRUG: avodart — 0.5 avodart once daily for 13 weeks; DRUG: Placebo — placebo,,"Inclusion Criteria:A subject will be eligible for inclusion in this study only if all of the following criteria apply: 1. Must be male ≥35 and ≤90 years of age 2. Have biopsy proven, localized prostate cancer 3. Gleason score ≤ 8 4. Clinical stage T1c-T2b 5. Serum PSA (prostate specific antigen) ≤10ng/mL within the 12 months period prior to positive prostate biopsy. 6. Able to swallow and retain oral medication 7. Able and willing to participate in the full duration of the study 8. Able to read and write (health outcomes questionnaires are self-administered), understand instructions related to study procedures and give written informed consent. Exclusion Criteria: 1. Subject has ever been treated for prostate cancer with any of the following: * Radiotherapy (external beam or brachytherapy) * Chemotherapy * Hormonal therapy (e.g., megestrol, medroxyprogesterone, cyproterone, diethyl-stilbestrol (DES) * Oral glucocorticoids * Gonadotropin Releasing Hormone (GnRH) analogues (e.g., leuprolide, goserelin) other than the single-dose gosereline given as treatment in this study. 2. Glucocorticoids, except inhaled or topical, are not permitted within 3 months prior to visit one 3. Current and/or previous use of the following medications: * Finasteride (Proscar, Propecia), or Dutasteride (Avodart) exposure within 6 months prior to study entry are excluded. * Any other investigational 5-reductase inhibitors within the past 12 months. * Anabolic steroids (subject must discontinued for 6 months prior to study entry to be eligible) * Drugs with antiandrogenic properties within the past 6 months (e.g,. spironolactone, flutamide, bicalutamide, \*cimetidine, \*ketoconazole, progestational agents) \*The use of cimetidine is permitted prior to study entry. The use of topical ketoconazole is permitted prior to and during the study.",,exclude,Oncology indication not related to transgender health,exclude,Unverified legacy keyword heuristic: Oncology indication not related to transgender health,legacy_keyword_heuristic_unverified,,
NCT00831233,Symptomatic Study Investigating Degarelix in Patients Suffering From Prostate Cancer,INTERVENTIONAL,TERMINATED,Prostate Cancer,,"DRUG: Degarelix — The degarelix doses were administered into the abdominal wall every 28 days. A starting dose of 240 mg (40 mg/mL) degarelix was administered on Day 0 as two 3 mL subcutaneous (s.c.) injections. The second and third doses of 80 mg (20 mg/mL) degarelix were administered as single 4 mL s.c. injections on Days 28 and 56, respectively.; DRUG: Goserelin — Goserelin implants (3.6 mg) were inserted s.c. into the abdominal wall every 28 days. The second and third doses of goserelin were administered on Days 31 and 59, respectively.; DRUG: Bicalutamide — On Day 0, three days before the first dose of goserelin on Day 3, patients began once-daily per-oral (p.o.) treatment with bicalutamide (50 mg) as anti-androgen flare protection; this treatment continued for 14 days after the first dose of goserelin.",,"Inclusion Criteria: * Patient has given written informed consent before any trial-related activity is performed * Has a confirmed prostate cancer in which this type of treatment is needed. Exclusion Criteria: * Previous treatment for prostate cancer * Previous trans-urethral resection of the prostate * Current use of 5-alpha reductase inhibitor or α-adrenoceptor antagonist. * Patients in need of external beam radiotherapy to be started at the same time as hormone therapy * Certain risk factors for abnormal heart rhythms/QT prolongation (corrected QT interval over 450 msec., Torsades de Pointes or use of certain medications with potential risk) * History of severe untreated asthma, anaphylactic reactions, or severe urticaria and/or angioedema. * Hypersensitivity towards any component of the investigational product * Other previous cancers within the last five years with the exception of prostate cancer and some types of skin cancer. * Clinical disorders other than prostate cancer including but not limited to renal, haematological, gastrointestinal, endocrine, cardiac, neurological, psychiatric disease, alcohol or drug abuse or other conditionals as judged by the investigator.",,exclude,Oncology indication not related to transgender health,exclude,Unverified legacy keyword heuristic: Oncology indication not related to transgender health,legacy_keyword_heuristic_unverified,,
NCT00833248,Neoadjuvant Study Investigating Degarelix in Patients Suffering From Prostate Cancer,INTERVENTIONAL,COMPLETED,Prostate Cancer,,"DRUG: Degarelix — The degarelix doses were administered into the abdominal wall every 28 days. A starting dose of 240 mg (40 mg/mL) degarelix was administered on Day 0 as two 3 mL subcutaneous (s.c.) injections. The second and third doses of 80 mg (20 mg/mL) degarelix were administered as single 4 mL s.c. injections on Days 28 and 56, respectively.; DRUG: Goserelin — Goserelin implants (3.6 mg) were inserted s.c. into the abdominal wall every 28 days. The first dose was administered on Day 3. The second and third doses of goserelin were administered on Days 31 and 59, respectively.; DRUG: Bicalutamide — On Day 0, participants began once-daily per-oral (p.o.) treatment with bicalutamide (50 mg) as anti-androgen flare protection; this treatment continued for 14 days after the first dose of goserelin.",,"Inclusion Criteria: * Patient has given written informed consent before any trial-related activity is performed. * Has a confirmed prostate cancer in which this type of treatment is needed. Exclusion Criteria: * Previous treatment for prostate cancer * Previous trans-urethral resection of the prostate * Patients who are lymph node positive or have other metastatic disease * Use of urethral catheter * Current treatment with a 5-alpha reductase inhibitor or α-adrenoceptor antagonist. * History of severe untreated asthma, anaphylactic reactions, or severe urticaria and/or angioedema. * Hypersensitivity towards any component of the investigational product * Other previous cancers within the last five years with the exception of prostate cancer and some types of skin cancer. * Certain risk factors for abnormal heart rhythms/QT prolongation (corrected QT interval over 450 msec., Torsades de Pointes or use of certain medications with potential risk) * Clinical disorders other than prostate cancer including but not limited to renal, haematological, gastrointestinal, endocrine, cardiac, neurological, psychiatric disease, alcohol or drug abuse or other conditionals as judged by the investigator.",,exclude,Oncology indication not related to transgender health,exclude,Unverified legacy keyword heuristic: Oncology indication not related to transgender health,legacy_keyword_heuristic_unverified,,
NCT00866554,Efficacy and Toxicity of Bicalutamide and Dutasteride vs. Standard Care for Prostate Cytoreduction for Brachytherapy,INTERVENTIONAL,COMPLETED,Prostate Cancer; Erectile Dysfunction; Lower Urinary Tract Symptoms,,"DRUG: administration of a LHRH agonist and Bicalutamide — 3-month treatment with an LHRH agonist chosen by the treating radiation oncologist and Bicalutamide 50 mg daily for the first month of treatment with the LHRH agonist.; DRUG: administration of Bicalutamide, Dutasteride and Tamoxifen — Dutasteride given at dose of 0.5 mg daily starting three months prior to day of implant procedure and continued for 3 months up until procedure. Bicalutamide: given at a dose of 50 mg daily for 3 the same 3 month period as dutasteride Tamoxifen: given at dose of 10 mg daily for 3 months that dutasteride and bicalutamide are administered.",,"Inclusion Criteria: * Male sex * Diagnosis of prostate adenocarcinoma as confirmed by prostate biopsy * Prostate cancer with stage T1a, T1b T2a or T2b Nx Mx as determined by clinical examination * Gleason score of 6 or less or 7 (3+4)\* \* If Gleason score is 7(3+4) patient must have less than 30% of biopsied tissue positive * Serum PSA of ≤ 15ng/ml during the month before study entry * Prostate volume ≥ 45cc * Normal serum testosterone during the month before study entry * Availability for treatment and follow-up visits * Having signed required consent form before study entry Exclusion Criteria: * Abnormal Liver Function tests (\>2x normal AST or ALT and/or \>1.5x normal bilirubin) * Prostate volume less than 50 cc * History of hormonal treatment including any of the above: LHRH agonists, antiandrogens during the year before study entry * Use of a 5 alpha reductase inhibitor for more than one month during the year prior to study entry * History of pelvic irradiation * History of past chemotherapy * History of TURP * History of past treatment for prostate cancer * Known hypersensitivity to Dutasteride or Bicalutamide * Co-morbid disease possibly compromising treatment compliance * History of DVT or pulmonary embolism * Anticoagulation with coumarin * Inability to give consent",,exclude,Oncology indication not related to transgender health,exclude,Unverified legacy keyword heuristic: Oncology indication not related to transgender health,legacy_keyword_heuristic_unverified,,
NCT00884273,Investigation of the Effect of Degarelix in Terms of Prostate Volume Reduction in Prostate Cancer Patients,INTERVENTIONAL,COMPLETED,Prostate Cancer,,"DRUG: Degarelix — The degarelix doses were administered into the abdominal wall every 28 days. A starting dose of 240 mg (40 mg/mL) degarelix was administered on Day 0 as two 3 mL subcutaneous (s.c.) injections. The second and third doses of 80 mg (20 mg/mL) degarelix were administered as single 4 mL s.c. injections on Days 28 and 56, respectively.; DRUG: Goserelin — Goserelin implants (3.6 mg) were inserted s.c. into the abdominal wall every 28 days. The first dose was administered on Day 0. The second and third doses of goserelin were administered on Days 28 and 56, respectively.; DRUG: Bicalutamide — On Day 0, participants began once-daily per-oral (p.o.) treatment with bicalutamide (50 mg) as anti-androgen flare protection; this treatment continued for 28 days after the first dose of goserelin.",,"Inclusion Criteria: 1. Patient has given written informed consent 2. Patient is 18 years or older 3. Patient has histologically confirmed prostate cancer 4. Patient has a serum prostate-specific antigen (PSA) level at screening \>2 ng/mL 5. The prostate size is \>30 cubic centimetres (cc), measured by TRUS 6. Patient has had a bone-scan within 12 weeks before inclusion 7. Patient must be able to undergo transrectal examinations 8. Patient has an estimated life expectancy of at least 12 months Exclusion Criteria: 1. Any previous treatments for prostate cancer 2. Previous trans-urethral resection of the prostate (TURP) 3. Is not considered a candidate for medical castration 4. Use of urethral catheter 5. Is currently treated with a 5-alpha reductase inhibitor 6. Is currently treated with an alpha-adrenoceptor antagonist 7. Treatment with botulinum toxin A (Botox) 8. Require radiotherapy during the trial 9. History of severe untreated asthma, anaphylactic reactions, or severe urticaria and/or angioedema 10. Hypersensitivity towards any component of the investigational products or excipients 11. Previous history or presence of another malignancy 12. A clinically significant disorder 13. A corrected QT interval over 450 msec 14. Mental incapacity or language barrier precluding adequate understanding or co-operation 15. Receipt of an investigational drug within the last 28 days proceeding screening 16. Previous participation in any degarelix trial",,exclude,Oncology indication not related to transgender health,exclude,Unverified legacy keyword heuristic: Oncology indication not related to transgender health,legacy_keyword_heuristic_unverified,,
NCT00887380,STARS Breast Trial (Study of Anastrozole and Radiotherapy Sequencing),INTERVENTIONAL,UNKNOWN,Breast Cancer,,"DRUG: Pre-radiotherapy commencement of anastrozole — Anastrozole: 1mg per day will be prescribed for 12 weeks. Commencing within 1 week of randomisation, to be administered from a min of 1 week before and a max of 4 weeks before commencement of radiotherapy and continued throughout radiotherapy. After 12 weeks administration of anastrozole according to trial regimen, anastrozole can be continued at the treating clinician's discretion and in accordance with the preference selected at the time of randomisation and stratification. The alternative options to long-term anastrozole are tamoxifen or cessation of anti-oestrogen therapy.; RADIATION: Radiotherapy — Radiotherapy must commence within 1 month of randomisation. Radiotherapy planning and treatment is as per the protocol.; DRUG: Post radiotherapy commencement of anastrozole — Anastrozole 1mg per day will be prescribed for 12 weeks after radiotherapy is completed. Anastrozole should commence within 1 week of the last fraction of radiotherapy and be continued for a total of 12 weeks. After 12 weeks administration according to the trial regimen, any subsequent hormone therapy is as for the concurrent arm.",,"Inclusion Criteria: * Women aged 18 years or older * Post total mastectomy or lumpectomy. All planned cancer resection surgery complete. * Histologic or pathologic reports must verify either: * No tumour contacting the inked margin of surgically removed tissue, or * Focal involvement (\<2mm front) if the margin is at the deep (posterior part) of the breast and the surgeon confirms that surgery extended to the deep fascia, or * Focal involvement (\<2mm front) if the margin is superficial (anterior part of the breast or subcutaneous) and the surgeon confirms that surgery extended to the subcutis NB: In the case of focally involved deep or superficial margins, the medical records or multidisciplinary meeting notes or correspondence from the surgeon must indicate that the surgeon confirms the surgery extended to the deep fascia or subcutis as appropriate. Patients should routinely receive a lumpectomy bed boost in the conserved breast setting if there is focal superficial or focal deep involvement as defined above. * Tumour oestrogen receptor and/or progesterone receptor positive (≥10% cells positive). * Radiotherapy not yet commenced * Planned radiotherapy dose prescribed to ICRU reference points in the irradiated breast / chest wall volumes at least the biological equivalent of 45 Gy in 25 fractions or more. (BED Gy4 ≥ 65, BED Gyx=D(1+n/x) where D=total dose, n=dose per fraction, x=alpha beta ratio, Gy4 selected as appropriate alpha-beta ratio for human breast cancer lines) * An ECOG performance status score of 2 or less. * Female and post menopausal shown by satisfying at least one of the following criteria (as per the ATAC study criteria16): * bilateral oophorectomy * age greater than 60 * age 45-59 years with intact uterus and amenorrhoeic at least 12 months * Amenorrhoeic less than 12 months with follicle stimulating hormone (FSH) levels within the post menopausal range (including patients with amenorrhoea due to chemotherapy, LHRH use or who have had hormone replacement following hysterectomy) Note: it is recommended for women under the age of 45 who have been rendered menopausal by chemotherapy that they be enrolled onto the strata which switches to Tamoxifen after the initial 3 months of anastrozole. * Is not receiving chemotherapy, or is receiving chemotherapy but the course will be completed at least 3 weeks prior to commencing radiotherapy * Unilateral treatment * Has provided written informed consent for participation in this trial Exclusion Criteria: * Previous radiotherapy to the area to be treated * Previous invasive malignancy within 5 years of current breast cancer diagnosis with the exception of cervix in-situ or skin cancer other than melanoma. * Patients with clinical evidence of metastatic disease. * Previous hormonal breast cancer therapy. * Ongoing hormone replacement therapy",,exclude,Oncology indication not related to transgender health,exclude,Unverified legacy keyword heuristic: Oncology indication not related to transgender health,legacy_keyword_heuristic_unverified,,
NCT00962637,Study to Evaluate the Safety and Efficacy of Androxal™ Treatment in Men With Secondary Hypogonadism,INTERVENTIONAL,COMPLETED,Secondary Hypogonadism,,"DRUG: Androxal — 12.5 mg once daily; DRUG: Androxal — 25 mg once daily; DRUG: AndroGel — 5 g applied topically daily. The subject was to return to the clinic every 2 weeks for the first 2 months to monitor serum testosterone levels. If testosterone concentration remained below the normal level, the dose of AndroGel® could have been increased to 10 g and then to 15 g according to the guidance provided in the product package insert.; DRUG: Placebo — 1 capsule daily",,Inclusion Criteria: * Total serum testosterone concentrations \< 300 ng/dL at baseline Exclusion Criteria: * Presence or history of prostate cancer * Elevated PSA \> 3.5 ng/mL Additional inclusion and exclusion criteria may apply.,,exclude,Oncology indication not related to transgender health,exclude,Unverified legacy keyword heuristic: Oncology indication not related to transgender health,legacy_keyword_heuristic_unverified,,
NCT00985738,Role of Dutasteride in Patients Undergoing 3D Mapping Biopsy in Early Stage Prostate Cancer,INTERVENTIONAL,TERMINATED,Prostate Cancer,The purpose of this study is to determine the effect of short-term intake of daily Dutasteride in patients with prostate cancer.,"DRUG: Dutasteride — Dutasteride will be administered at 0.5 mg dose and it will be given every day (QD), for approximately 3 months, followed by 3D mapping biopsy.; OTHER: Placebo — The placebo group will receive the same standard of care as the intervention group, but instead of receiving the intervention drug, Dutasteride, participants will receive a placebo drug for the same 3 month period.",,"Inclusion Criteria: * 40-85 year old males * Patient is newly diagnosed with clinical Stage T1a-T2c prostate cancer based on transrectal guided extended prostate biopsy of at least 10 cores. * Patient elects to undergo 3D mapping biopsy at our center as part of prostate cancer management. * Patient will read, understand and sign the informed consent agreement * Patients must have a life expectancy of at least one year. * Gleason score ≤ 7 (low to moderate risk 2-7) 7= 3+4 * Percentage positive core rate \< 50% based on sextant or extended biopsy technique. * Prostate Volume (PV) \>15 grams. * Negative imaging studies ( if available) during the staging period such as Bone scan, MRI and CT scan if PSA\> 10 ng.dl before initiation of the study drug Exclusion Criteria: * Any 5α-reductase inhibitors medications within the past 12 months before enrollment. * Known hypersensitivity to dutasteride, or other 5α-reductase inhibitors. * Anticipated blood donation within the next 90 days. * Serum PSA levels of \>20ng/dl. * Clinical evidence of metastatic prostate cancer. * Two documented urinary tract infections in the past year * CHF, MI (within 6 months) or other symptomatic CVS disease * Other serious diseases (hematological, hepatic, renal, respiratory or psychiatric) * Enrollment in other studies for any disease in the past 30 days * Significant urinary incontinence * Diagnosis of cancer that in not considered cured, except BCC of skin * Prior transurethral resection of the prostate with a large tissue defect. * History of abdominoperineal resection for rectal cancer, rectal stenosis, or other major rectal pathology * Previous or concurrent radiotherapy, hormonal therapy or chemotherapy",,exclude,Oncology indication not related to transgender health,exclude,Unverified legacy keyword heuristic: Oncology indication not related to transgender health,legacy_keyword_heuristic_unverified,,
NCT01065220,Sex Steroids and the Serotonin Transporter,INTERVENTIONAL,COMPLETED,Transsexualism,,DRUG: Testolactone undecanoate — 4ml i.m.; DRUG: Lynestrenol — 2/day; DRUG: Cyproterone Acetate — 50mg per day; DRUG: Estradiol — 100 microgram TTS twice a week; DRUG: 5-alpha reductase inhibitor — 1mg daily,,Inclusion Criteria: * somatic health * no previous sex hormone medication * willingness to sign the written informed consent Exclusion Criteria: * severe diseases * steroid hormone treatment within 6 months prior inclusion * treatment with psychotropic agents such as selective serotonin reuptake inhibitors (SSRIs) * any implant or stainless steel graft * positive urine pregnancy test in women at the screening visit at each PET day,,include,Transgender population and GAHT intervention/exposure identified,include,Unverified legacy keyword heuristic: Transgender population and GAHT intervention/exposure identified,legacy_keyword_heuristic_unverified,,
NCT01072825,A European Network for the Investigation of Gender Incongruence,OBSERVATIONAL,RECRUITING,Physical and Psychological Evaluation of Hormonal Therapy in Transsexual Persons,,"OTHER: questionnaires — a descriptive questionnaire, SF-36, , bone questionnaires, Baecke physical activity questionnaire, voice evaluation; BIOLOGICAL: blood sampling — LFT (AST, ALT), CRP, creatinine, glucose, Total Cholesterol, Triglycerides, HDL-CH, LDL-CH, 25OH vitamin D, PSA if\> 45 years, Hematocrit, testosterone, sex hormone-binding globulin, free testosterone , oestradiol, prolactin, luteinizing hormone, TSH, androgeengevoeligheids test (CAG RL), oral glucose tolerance test; OTHER: clinical evaluation — height, weight, blood pressure, chestcircumference, waist circumference, grip strength, measuring 2 ° and 4 ° finger, and Ferriman Gallwey score; OTHER: Dermatology evaluation — Evaluation of the hair pattern, using the Leeds acne classification scale, acne scars through ECCA scale (échelle d'évaluation clinique des cicatrices d'acné), androgenetic alopecia, and sebummetrie; OTHER: Bone evaluation — PQCT scanner, BMD assessment","transsexual persons older than 18 years, who are not yet treated with hormonal therapy","Inclusion Criteria: * Transsexual persons older then 18 years, who are not yet treated with hormonal therapy. Exclusion Criteria: \-",,exclude,Does not explicitly meet both criteria (Trans population + GAHT),exclude,Unverified legacy keyword heuristic: Does not explicitly meet both criteria (Trans population + GAHT),legacy_keyword_heuristic_unverified,,
NCT01171911,Comparison of Intravenous Injection of Calcium Antagonist and Beta-blockade on Endothelial Shear Stress of Coronary Artery,INTERVENTIONAL,UNKNOWN,Acute Coronary Syndrome; Coronary Artery Disease,,"DRUG: Nicardipine , Esmolol — A loading dose of Nicardipine 10mg was at a bolus injected through vein , then continuous trans-venous titration at a speed 1ug/kg was kept. A loading dose of Esmolol 0.5mg/kg/min was at a bolus injected through vein , then continuous trans-venous titration at a speed 0.2mg/kg/min was kept.",,"Inclusion Criteria: * Diagnosis of unstable angina and non-Q wave myocardial infarction * Age 18-75 yr. * Diameter stenosis of coronary artery\<70% diameter stenosis by visual estimation * Blood pressure \>110/70 mmHg * Heart rate 60-\~100 bpm, No cardiac arrhythmias Exclusion Criteria: * St-elevation myocardial infarction * Lower blood pressure(\<100/70mmHg) * Heart rate \<60 or \>100 bpm, The presence of cardiac arrhythmias * Allergy to study drugs * Women in pregnancy * Liver dysfunction * Creatinine \>2.5mg/dl * Bleeding stroke within 6 months * Left ventricular ejection fraction\<30% before maximal medication",,exclude,Does not explicitly meet both criteria (Trans population + GAHT),exclude,Unverified legacy keyword heuristic: Does not explicitly meet both criteria (Trans population + GAHT),legacy_keyword_heuristic_unverified,,
NCT01292785,"Effects of Sex Steroid Hormones on Human Brain Function, Structure and Connectivity",OBSERVATIONAL,COMPLETED,Gender Identity Disorder,,"DRUG: Hormones — FtM will receive * 1000mg testosterone undecanoate every 12 weeks (Nebido® 4ml i.m.), or alternatively 50mg testosterone transdermally (Testogel® 5g-bag per day) and * if menstruation still occurs, additionally either lynestrenol Orgametril® (2-3 tablets/day) or in some cases 0.075mg desogestrel (Cerazette®, 1 tablet/day). MtF will receive * 50mg cyproterone acetate daily (Androcur®) * estradiol 100µg transdermal therapeutic system (TTS) twice a week (Estradot®, Estramon®), especially if subjects age is \> 40 years, or p.o. estradiol 2x2mg (Estrofem®) if subjects age is \< 40 years; alternatively estradiol 0,75-1,5mg (1-2 hubs) transdermally (Estrogel-Gel®) and * 2,5mg alpha-5-reductase-inhibitor every 2nd day (Finasterid Actavis/ Arcana/ Aurobindo®) in case of extensive hair loss.","Transsexuals urging sex reassignment in a clinical setting will be enrolled at the Unit for Gender Identity Disorder at the General Hospital in Vienna. 20 female-to-male (FtM) and 20 male-to-female (MtF) transsexuals will be asked to undergo this fMRI, MRI, DTI and resting-state functional connectivity study. Transsexual subjects are aged between 18 and 50 years old and free from hormone-treatment at baseline. 40 healthy control subjects, matched for age, sex and sexual orientation to transsexual subjects will be recruited.","Inclusion criteria for transsexuals are: * DSM-IV diagnosis of Gender Identity Disorder (DSM-IV: 302.85, 302.6; ICD-10: F64.9, F64.8) by a structured clinical interview (SCID) * general health based on history, physical examination, ECG, laboratory screening, SCID * willingness and competence to sign the informed consent form Exclusion criteria for transsexuals are: * severe neurological or internal diseases * steroid hormone treatment within 2 months prior to inclusion (including birth control pill, phytohormones) * treatment with psychotropic agents such as SSRIs * any implant or stainless steel graft * abnormal values in routine laboratory screening or general physical examination * current substance abuse (determined using drug screening at the screening visit) * pregnancy (determined at screening visit and first MRI scan) * failure to comply with the study protocol or to follow the instructions of the investigating team. Inclusion criteria for healthy controls are: * general health based on history, physical examination, ECG, laboratory screening, SCID * willingness and competence to sign the informed consent form Exclusion criteria for healthy controls are: * severe diseases * any implant or stainless steel graft * steroid hormone treatment within 2 months prior to inclusion (including birth control pill, phytohormones) * abnormal values in routine laboratory screening or general physical examination * current substance abuse (determined using drug screening at the screening visit) * pregnancy (determined at screening visit and first MRI scan) * failure to comply with the study protocol or to follow the instructions of the investigating team",,exclude,Does not explicitly meet both criteria (Trans population + GAHT),exclude,Unverified legacy keyword heuristic: Does not explicitly meet both criteria (Trans population + GAHT),legacy_keyword_heuristic_unverified,,
NCT01354977,Effect of Resveratrol on Age-related Insulin Resistance and Inflammation in Humans,INTERVENTIONAL,COMPLETED,Type 2 Diabetes Mellitus; Insulin Resistance,,"DRUG: Resveratrol — 1,000mg twice daily for 28 days",,"Inclusion Criteria: * BMI: 26-35 * Non-smoker * Normal screening labs (CMC, chemistry, LFTs PT/PTT) * No CAD * Good IV access Exclusion Criteria: * High cholesterol * \<4 week history of participation in another drug trial * Severe hypertension * Heart disease * Liver disease of liver abnormalities * Cerebrovascular disease, i.e. stroke * CVD * Seizures * Bleeding disorders * Muscle disease * Cancer * HIV * Hepatitis (all types) * Mentally disabled persons * Pregnant women * Allergies to Novocaine, Lidocaine, Benzocaine * Subjects on the following medications: * Anticoagulant and antiplatelet drugs * Anti-epileptic drugs * Mexiletene * Quinidine * Cyclosporine * Tacrolimus * HIV protease inhibitors",,exclude,Does not explicitly meet both criteria (Trans population + GAHT),exclude,Unverified legacy keyword heuristic: Does not explicitly meet both criteria (Trans population + GAHT),legacy_keyword_heuristic_unverified,,
NCT01523483,Vaginal Progesterone for Prevention of Preterm Birth After an Episode of Preterm Labor,INTERVENTIONAL,COMPLETED,Preterm Birth,,"DRUG: Progesterone — Two micronized progesterone capsules (Utrogestan® 200 mg, i.e. 400 mg of micronized progesterone in sunflower oil) placed into the posterior vaginal fornix once daily for up to 36+6 weeks of gestation.; DRUG: placebo vaginal capsules — Two placebo capsules placed (soy lecithin and sunflower oil) into the posterior vaginal fornix once daily for up to 36+6 weeks of gestation.",,"Inclusion Criteria: * Patients with singleton pregnancies at gestational ages 25+0 to 33+6 weeks after an episode of preterm labor, with cervical length ≤25mm: * Patients presenting with signs and symptoms of preterm labor will be admitted and given the standard treatment for preterm labor, i.e. tocolysis for 48 hours, and antenatal steroids. * Those who will remain undelivered for 48 hours and will be found to have a cervical length of 25mm or less will be offered entrance into the study. * Preterm labor will be defined as at least 4 contractions in 30 minutes with cervical change assessed by digital cervical examination. Exclusion Criteria: * Patients with preterm premature rupture of membranes (PPROM) will be excluded from the study, due to the possibility of ascending infection, as will those with suspected chorioamnionitis. * We will not include multiple pregnancies. * Patients with medical conditions that contraindicate tocolysis, such as non-reassuring fetal heart tracings, will also be excluded.",,exclude,Does not explicitly meet both criteria (Trans population + GAHT),exclude,Unverified legacy keyword heuristic: Does not explicitly meet both criteria (Trans population + GAHT),legacy_keyword_heuristic_unverified,,
NCT01534351,Comparison of Finasteride and Tamsulosin for Treatment of Benign Prostatic Hyperplasia (BPH) (MK-0906A-149 AM2),INTERVENTIONAL,TERMINATED,Benign Prostatic Hyperplasia,This study is designed to compare safety and efficacy of monotherapy finasteride to combination therapy (finasteride and tamsulosin) in Asian men with benign prostatic hyperplasia (BPH) who are at least 50 years of age or older. The primary hypotheses are that concomitantly-dosed finasteride 5 mg and tamsulosin 0.2 mg will be superior with respect to BPH symptoms compared to monotherapy with finasteride 5 mg as measured by change from baseline on the International Prostate Symptoms Score (IPSS) and will be superior with respect to prostate volume reduction compared to montherapy with tamsulosin 0.2 mg as measured by percent change from baseline in prostate volume.,DRUG: Finasteride — Finasteride 5 mg oral tablet taken once daily.; DRUG: Tamsulosin — Tamsulosin 0.2 mg oral capsule taken once daily.; DRUG: Finasteride-matching placebo — Matching placebo to finasteride 5 mg oral tablet taken once daily.; DRUG: Tamsulosin-matching placebo — Matching placebo to tamsulosin 0.2 mg oral capsule taken once daily.,,"Inclusion Criteria: * Possess a clinical diagnosis of BPH. * Able to read, understand, and complete the study questionnaire. Exclusion Criteria: * History or recurrent evidence of any condition, therapy, lab abnormality or other circumstance that might confound the results of the study, or interfere with participation for the full duration of the study. * History of malignancy ≤ 5 years prior to signing informed consent, except for adequately treated basal cell or squamous cell skin cancer, including prostate cancer of any duration, evidence or suspicion of prostate cancer on a previous biopsy. * History of prostatic surgery or other invasive procedures to treat BPH or history of bladder neck obstruction, bladder cancer, and/or pelvic irradiation, urinary incontinence, recurrent urinary tract infection, urethral stricture, or bacterial prostatitis. * History of acute urinary retention (ie, inability to fully empty bladder). * Had invasive urinary bladder procedures (ie, cystoscopy) within 7 days prior to screening. * Had phytotherapy within 2 weeks of screening and may need phytotherapy during the study. * History of low blood pressure (orthostatic hypotension, hypotension \[supine blood pressure less than 90/70 mm Hg\]), unstable angina, or a cardiovascular or cerebral vascular event (ie, transient ischemic attack \[TIA\], stroke) within the previous 3 months prior to enrollment, OR a history of dizziness, vertigo or any other typical signs and symptoms of low blood pressure. * Recent history (ie, within the past year) or active addiction, abuse, misuse of and/or dependence on drugs and/or alcohol. * Use of herbal therapies that may impact the study (eg, Saw Palmetto) within 2 weeks of screening and/or is predicted to need herbal therapies during the study. Individuals currently taking herbal therapies may be eligible for study if willing to complete a 2-week washout period. * Use of finasteride or a drug with a similar action during the 12 months prior to study screening. Individuals treated for short periods with 5-alpha reductase inhibitors (5ARIs) or drugs with antiandrogenic properties within 12 months of screening may be eligible for study. * Use of a non-approved (investigational) drug within the last 4 weeks prior to enrollment, or current participation in another clinical study. * Allergic or intolerant to finasteride and/or tamsulosin.",,exclude,Oncology indication not related to transgender health,exclude,Unverified legacy keyword heuristic: Oncology indication not related to transgender health,legacy_keyword_heuristic_unverified,,
NCT01653925,Molecular Mechanisms of Dutasteride and Dietary Interventions to Prevent Prostate Cancer and Reduce Its Progression,INTERVENTIONAL,ACTIVE_NOT_RECRUITING,Prostatic Neoplasms; Low Grade Prostate Cancer,,"OTHER: Dietary intervention first — The dietary intervention will be aimed to increase intake of ω-3 long chain fatty acids and to reduce intake of saturated and trans fatty acids. Three consultations with a nutritionist experienced in clinical trials will be planned over a 6-month period. An additional 2 consultations in the last 6 months with the study nutritionist will be planned for men allocated to the dietary fat intervention arm first. Then, after the 6 months of diet intervention, drug intervention with 5α-Reductase Inhibitor will be add to diet for the 6 following months.; DRUG: Drug (Dutasteride) intervention first — 5α-Reductase Inhibitor will be taken daily in tablet dosage form (0.5 mg) taken orally for 12 months depend of the group. After 6 months of drug intake, dietary fat intervention will be add to treatment for the following 6 months. Three consultations with a nutritionist experienced in clinical trials will be planned over this 6-month period.",,Inclusion Criteria: * Low-risk prostatic neoplasms * Candidate for active surveillance * Informed consent Exclusion Criteria: * Current fish oil supplementation * Current NSAID use,,exclude,Oncology indication not related to transgender health,exclude,Unverified legacy keyword heuristic: Oncology indication not related to transgender health,legacy_keyword_heuristic_unverified,,
NCT01662466,Effect of Testosterone Treatment on Embryo Quality,INTERVENTIONAL,UNKNOWN,Primary Ovarian Insufficiency; Female Infertility Due to Diminished Ovarian Reserve,,DRUG: Testosterone cream (0.5mg per gram) — Testosterone cream 2 gms per day applied transdermally to the left wrist to deliver 1.mg daily dose with estimated absorption of 100 ug per day testosterone; DIETARY_SUPPLEMENT: DHEA — DHEA 25mg tid; DRUG: Placebo — Carrier cream without added testosterone in the identical type of pump,,"Inclusion Criteria: * Women with 38 to 44 years old planning to undergo ovulation induction for IVF who are willing to sign an informed consent. * BMI \> 18 and \<= 30 kg/m\^2 * FSH \> 10 mIU/mL * AMH =\< 1.05 ng/mL * Using DHEA for treatment of DOR/POA. * Baseline Total Testosterone less than 30 ng per deciliter (1.0 nmol per liter) or serum free testosterone concentrations of less than 3.5 pg per milliliter (12.1 pmol per liter), which are below the median values for normal premenopausal women (Endocrine Sciences, Calabasas Hills, Calif.). Exclusion Criteria: * History of hormone dependent neoplasm * History of severe acne or hirsutism. * Hyperlipidemia. * Pre existing cardiac, renal or hepatic disease",,exclude,Cisgender/unrelated indication,exclude,Unverified legacy keyword heuristic: Cisgender/unrelated indication,legacy_keyword_heuristic_unverified,,
NCT01720459,Effects of Micronized Trans-resveratrol Treatment on Polycystic Ovary Syndrome (PCOS) Patients,INTERVENTIONAL,UNKNOWN,Polycystic Ovary Syndrome (PCOS),,DIETARY_SUPPLEMENT: Micronized trans-resveratrol; DIETARY_SUPPLEMENT: Placebo,,"Inclusion Criteria: * PCO - Androgen Excess Society criteria: hyperandrogenism (hirsutism) / hyperandrogenemia (testosterone \>70ng/dl) and/or oligomenorrhea (\<8 spontaneous menses per year) and/or polycystic ovarian morphology on ultrasound * Normal prolactin, TSH, 17-OH progesterone * No evidence of androgen producing malignancy, Cushing's syndrome or acromegaly * Age 18-40 Exclusion Criteria: * Use of oral contraceptives and/or other steroid hormones 3 months prior to the study",,exclude,Cisgender/unrelated indication,exclude,Unverified legacy keyword heuristic: Cisgender/unrelated indication,legacy_keyword_heuristic_unverified,,
NCT01755182,Systemic Therapy With or Without Upfront Transarterial Embolization for Inoperable Liver Metastasis of Neuroendocrine Tumors,INTERVENTIONAL,TERMINATED,Neuroendocrine Tumors,,"DRUG: approved pharmacologic therapy; PROCEDURE: TAE — after randomization, and after 3 months",,"Inclusion Criteria: * Diagnosis of NET of gastroenteropancreatic (GEP), pulmonary or unknown primary site origin * Unresectable liver metastases, according the judgment of surgeon, (the reasons for the opinion of surgeon should be made explicit) * Hepatic involvement ≤50% volume of the organ * Radiological evidence of hepatic lesions (contemporaneous progression or appearance of extrahepatic lesions are allowed if not critical sites) that require change or initiation of systemic pharmacotherapy * Patients undergoing , previously treated , or never treated with systemic medical therapy are eligible * Patients with or without carcinoid syndrome are eligible * Well (G1) or medium (G2) differentiated histology (according to WHO 2010 classification) * Ki67 ≤ 20% (G1-G2) * Life expectancy \> 6 months * Age ≥ 18 and \< 80 years Exclusion Criteria: * Previous loco-regional post-surgical treatment * Poorly differentiated histology * Severe concomitant morbidities such as: severe coagulopathy, severe liver failure (to be detailed), renal failure (creatinine \> 2.0 mg/dl) and heart failure (NYHA 3-4 or unstable ischemic heart disease), contraindicating the interventional procedure or influencing the general prognosis (Investigator to provide details of exclusion) * Extrahepatic metastasis in critical locations as: brain, spinal cord, lung with respiratory impairment, symptomatic vertebral lesions * Patients with only extra-hepatic lesions",,exclude,Does not explicitly meet both criteria (Trans population + GAHT),exclude,Unverified legacy keyword heuristic: Does not explicitly meet both criteria (Trans population + GAHT),legacy_keyword_heuristic_unverified,,
NCT01812161,Effect of Low-frequency Electroacupuncture (EA) on Polycystic Ovary Syndrome,INTERVENTIONAL,COMPLETED,Polycystic Ovary Syndrome,,"OTHER: acupuncture protocol 1 — Disposable, single-use, sterilized needles made of stainless steel, 0.25 x 30 mm and 0.30 x 40/50mm (Wuxi Jiajian Medical Instrument. 251226 Wuxi, China) will be inserted to a depth of 15-35 mm in some acupoints. After getting the needle sensation (de qi), some acupoints will receive electrical stimulation and the others will receive manual stimulation. All participants will receive treatment twice a week; each treatment session can be separated by an interval of 2-4 days, with a maximum of 32 treatment sessions during 16 weeks. Each treatment session lasts for 30 minutes.; OTHER: Acupuncture protocol 2 — Disposable, single-use, sterilized needles (0.20 x 20mm) made of stainless steel will be inserted to a depth of \<5 mm at non-acupoints without evoking the needle sensation (Deqi). Electrodes will be attached to the needles and the stimulator will be turned on at an intensity of zero (no active current) in order to mimic EA in the acupuncture protocol 1 group. No manual stimulation of the needles will be performed.",,"Inclusion Criteria: * 1\) Unmarried women with age between 18 and 28 years and without bearing requirement within 4 months. * 2\) Confirmed diagnosis of PCOS according to the Rotterdam criteria: Oligomenorrhea(Menstrual cycle\> 35 days, and less than 8 cycles per year), or amenorrhea (Menstrual cycle\> 90 days) and one of the following two criteria; clinical or biochemical hyperandrogenism and/or polycystic ovarian morphology. Exclusion Criteria: * 1\) Patients with hyperprolactinemia. * 2\) Patients with androgens secrete increased abnormal which caused by adrenal or ovarian tumors. * 3\) Patients with uncorrected thyroid disease\[thyroid-stimulating hormone (TSH) \<0.2 milli-International Unit /milliliter(mIU/mL) or \>5.5 mIU/mL\]except the patients with normal TSH in the past 1 year. * 4)Suspected Cushing syndrome patients. * 5)Patients who Received Estrogen, Progesterone or Oral contraceptives Oral contraceptives and hormone medications within the past 1 months. It takes at least one month to Eliminate these medicines, or it will influence the results * 6\) Patients who Received other medications that have influence on Reproductive function. or metabolism within the past 2 months( such as Anti obesity medications，Anti diabetic medications， traditional Chinese medicine and so on). * 7)Patients who took acupuncture treatment within the past 3 months. * 8)Patient who are unwilling to give written consent to the study.",,exclude,Cisgender/unrelated indication,exclude,Unverified legacy keyword heuristic: Cisgender/unrelated indication,legacy_keyword_heuristic_unverified,,
NCT01828320,"Triple Vulnerability? Circadian Tendency, Sleep Deprivation and Adolescence",INTERVENTIONAL,COMPLETED,Eveningness/Sleep,,"BEHAVIORAL: Cognitive Behavior Therapy for Insomnia, Interpersonal and Social Rhythms Therapy, Chronotherapy; BEHAVIORAL: Psychoeducation",,"Inclusion criteria. 1. Scoring within the lowest quartile of the Children's Morningness-Eveningness Preferences Scale (CMEP; 27 or lower) and a 7-day sleep diary showing a sleep onset time of of 10:40 pm or later for 10-13 year olds, 11 pm or later for 14-16 year olds, and 11:20 pm or later for 17-18 year olds at least 3 nights per week. Must have had the current pattern of late bedtimes for the last 3 months. 2. 'At risk' in one of the five health domains: emotional, behavioral, social, physical, and cognitive. Emotional risk will be operationalized as a score of 4 or above on any of the following items on the Child Depression Rating Scale: Difficulty Having Fun, Social Withdrawal, Irritability, Depressed Feelings, Excessive Weeping, or a T-score of 61 or above on the Multidimensional Anxiety Scale for Children (MASC), based on age group (10-11 years, 12-15 year, 16-19 years) using the MASC-10 Profile. Behavioral risk will be operationalized as a Sensation Seeking Scale score greater than 3.93 for males ages 10-13, greater than 3.19 for females 10-13, greater than 4.07 for males 14-18, or greater than 3.19 for females 14-18; taking Attention-deficit/hyperactivity disorder (ADHD) medication or Kiddie Schedule for Affective Disorders and Schizophrenia for School-Age Children (KSADs) diagnosis of ADHD; current alcohol or substance abuse; or past alcohol or substance dependence. Social and cognitive risk will be defined as ""worse"" than others the teen's age in one or more social behavior from Child Behavior Checklist (CBCL) Section VI or failing one or more academic class from CBCL Section VII, respectively. Physical risk will be operationalized as a Physical Health Questionnaire-15 score of 4 or above, six or more days of school absences, or a BMI above the 85th percentile for the participant's sex and age. 3. Age between 10 and 18 and living with a parent or guardian and and attending a class/job by 9am at least 3 days per week; 4. English language fluency; 5. Able and willing to give informed assent. Exclusion criteria. 1. An active, progressive physical illness (e.g., cancer, respiratory disorder) or neurological degenerative disease directly related to the onset and course of the sleep disturbance; 2. Evidence from clinical diagnosis or report by youth or parent of sleep apnea, restless legs or periodic limb movements during sleep. Youth presenting with provisional diagnoses of any of these disorders (e.g., sleep apnea) will be referred for a non-study polysomnography (PSG) evaluation at the parent's discretion and will be enrolled only if the diagnosis is disconfirmed; 3. Mental retardation, autism spectrum disorder, or other significantly impairing pervasive developmental disorder. Based on previous recruitment experiences in our youth depression study, we expect this exclusion to be invoked very infrequently (once every few years); 4. Bipolar disorder or schizophrenia or another current Axis I disorder if there is a significant risk of harm and/or decompensation if treatment of that comorbid condition is delayed as a function of participating in any stage of this study. Otherwise, we will allow all other comorbid psychiatric conditions to (i) to maximize representativeness and (ii) because a byproduct may be that the treatment constitutes a helpful 'transdiagnostic' treatment for youth across psychiatric disorders. 5. A medication-free group may be difficult to recruit and would likely be unrepresentative. Hence, participants will not be excluded on the basis of stable use of medications (\> 4 weeks). The exception was use of hypnotics and other medications known to alter sleep (e.g., melatonin). 6. History of substance dependence in the past six months; 7. Current suicide risk sufficient to preclude treatment on an outpatient basis.",,exclude,Does not explicitly meet both criteria (Trans population + GAHT),exclude,Unverified legacy keyword heuristic: Does not explicitly meet both criteria (Trans population + GAHT),legacy_keyword_heuristic_unverified,,
NCT01858194,REnal Sympathetic dEnervaTion as an a Adjunct to Catheter-based VT Ablation,INTERVENTIONAL,COMPLETED,Ventricular Tachycardia,,"DEVICE: Renal sympathetic denervation — * The ablation catheter is placed within a long vascular sheath and advanced into the renal artery. The sheath is advanced over the catheter to engage the renal artery ostium and allow for contrast injection and visualization of the vessel during catheter manipulation. * After completion of the measurement, no more than six radiofrequency ablation lesions separated both longitudinally and rotationally (a ""spiral pattern"", see figure) will be placed per renal artery. The power will be started at 10 W and titrated to a maximum 20 W, as deemed appropriate by the impedance drop (goal 10% drop). Each lesion should be between 30-120 seconds in duration (no more than 120 seconds per lesion).; DEVICE: VT ablation alone — Placebo arm will receive standard VT ablation using current techniques",,"Inclusion Criteria: * ≥ 18 years of age * Structural heart disease (post-MI, dilated cardiomyopathy, sarcoid myopathy, hypertrophic cardiomyopathy, chagas-related cardiomyopathy, etc.) * Planned for catheter-based ablation of VT * All patients will have an existing ICD * Accessibility of renal vasculature (determined by renal angiography) * Ability to understand the requirements of the study * Willingness to adhere to study restrictions and comply with all post- procedural follow-up requirements Exclusion Criteria: * MI or CVA within 30 days * Coronary Artery Bypass Graft (CABG) within 30 days of this procedure * Known renovascular abnormalities that would preclude RSDN (eg, renal artery stenosis) * GFR \<30 ml/min (unless receiving dialysis) * Life expectancy \<1 year for any medical condition * Any condition resulting in a contraindication to anticoagulation (e.g. GI bleeding) * Inability to give informed consent * Known pregnancy or positive -HCG within 7 days of procedure.",,exclude,Does not explicitly meet both criteria (Trans population + GAHT),exclude,Unverified legacy keyword heuristic: Does not explicitly meet both criteria (Trans population + GAHT),legacy_keyword_heuristic_unverified,,
NCT01880489,Multicomponent Intervention to Reduce Sexual Risk and Substance Use,INTERVENTIONAL,COMPLETED,HIV; Sexually Transmitted Infections; Substance Use,,"BEHAVIORAL: MI + CBST Intervention — The intervention focuses on exploring health goals, creating an action plan, learning about the impact stress, stigma, and substance use can have on health, improving personal growth and social support, and connecting with resources. The first two sessions will be primarily Motivational Interviewing and will explore participants' feelings about their sexual risk, substance use, non-medically monitored hormone and silicone use, and any other issues. Group sessions (Sessions 3-6) will incorporate Cognitive Behavioral Skills Training focusing barriers to physical and mental health. The last session will focus on reviewing progress toward health goals, identifying barriers to change, and generating a plan for connection to ongoing care to reach target health goals.",,"Inclusion Criteria: * 18 years of age or older * Identify as a transgender woman (assigned male at birth and currently identify as female) * Report 3 or more acts of unprotected anal or vaginal sex in the past 90 days and at least 1 in the past 30 days * Report 5 or more days of illicit drug use in the past 90 days and at least 2 in the past 30 * Provide contact information * Reside in the NYC metropolitan area * Able to complete a survey in English (Spanish-language assistance can be provided by bilingual staff) * Provide informed consent Exclusion Criteria: * Unstable, serious psychiatric symptoms * Current suicidal/homicidal ideation * Evidence of gross cognitive impairment * Currently enrolled in a drug abuse treatment or enrolled in an HIV risk or drug use intervention study",,exclude,Does not explicitly meet both criteria (Trans population + GAHT),exclude,Unverified legacy keyword heuristic: Does not explicitly meet both criteria (Trans population + GAHT),legacy_keyword_heuristic_unverified,,
NCT01882985,"Docetaxel Plus Lycopene in Castration Resistant, Chemotherapy-Naïve Prostate Cancer Patients",INTERVENTIONAL,COMPLETED,Adenocarcinoma of the Prostate; Recurrent Prostate Cancer; Stage I Prostate Cancer; Stage IIA Prostate Cancer; Stage IIB Prostate Cancer; Stage III Prostate Cancer,,DRUG: Docetaxel — Given IV; DIETARY_SUPPLEMENT: Lycopene — Given PO,,"Inclusion Criteria: * Patient must have a histological diagnosis of adenocarcinoma of the prostate and 2 rising pre-study PSA values \>= 1 ng/ml at least 1 week apart within 28 days prior to enrollment * Patients must be unresponsive to androgen-deprivation therapy (ADT), as indicated by a rising PSA level above the ADT nadir * Patient must not have received chemotherapy, biologic therapy, or any other investigational drug for any reason within 28 days prior to start of therapy, and must have recovered from toxicities of prior therapy to grade 1 or less * Patients must have been surgically or medically castrated; if the patient is being treated with medical castration, he must be willing to continue this treatment for the duration of the study; ADT should not be initiated, terminated, or dose-adjusted during the study * Prior external beam radiation therapy (to less than 30% of the bone marrow only) is allowed; at least 28 days must have elapsed since the completion of radiation therapy and the patient must have recovered from side effects; prior treatment with samarium-153 or strontium-86 is allowed if at least eight weeks have elapsed since dosing, and all toxicities have resolved to grade 1; soft tissue disease which has been radiated in the prior 2 months is not assessable as measurable disease * Patients may have received prior surgery; however, at least 21 days must have elapsed since completion of surgery and the patient must have recovered from all side effects * Normal serum bilirubin and serum glutamic oxaloacetic transaminase (SGOT) or serum glutamic pyruvate transaminase (SGPT) =\< 1.5 x the institutional upper limit of normal obtained within 14 days prior to start of therapy; liver function tests should be evaluated prior to each treatment * Serum creatinine =\< 1.5 x the institutional upper limit of normal obtained within 14 days prior to start of therapy * Men of child bearing potential must be willing to consent to using effective contraception while on treatment and for at least 3 months thereafter * Patient must have an Eastern Cooperative Oncology Group (ECOG) performance status 0-2 * Absolute neutrophil count \>= 1,500/microliter (mcL) * Hemoglobin of \>= 8.0gm/dL * White blood cell count \> 2,500/mcL * Platelets \>= 100,000/mcL * Patients with lower values may participate if, in the opinion of the investigator, the cytopenias are the result of bone marrow involvement with active prostate cancer * Patients must be able to take oral medications * All patients must be informed and must sign and give written informed consent in accordance with institutional and federal guidelines; patients who are unable to comply with study and/or follow-up procedures are ineligible Exclusion Criteria: * Uncontrolled brain or spinal cord metastases * History of congestive heart failure or myocardial infarction within the previous six months * History of allergy or hypersensitivity to any component of the study drugs * Evidence or history of a bleeding diathesis or coagulopathy, including therapy-induced coagulopathy * Presence of chronic diarrhea (\> grade 1 by Common Toxicity Criteria (CTC)), short bowel syndrome, pancreatic insufficiency, or malabsorption * Presence of any severe or uncontrolled concurrent medical condition which, in the opinion of the investigator, would increase the risk of serious toxicity from the study drugs * Concurrent use of any vitamin, herb, or mineral supplements for at least 14 days prior to start of therapy",,exclude,Oncology indication not related to transgender health,exclude,Unverified legacy keyword heuristic: Oncology indication not related to transgender health,legacy_keyword_heuristic_unverified,,
NCT01897324,IVF/ICSI Protocols in Poor Responders With Growth Hormone,INTERVENTIONAL,COMPLETED,Female Infertility Due to Diminished Ovarian Reserve,,"DRUG: Growth hormone (Norditropin, Novo nordisk)",,"Inclusion Criteria: ESHRE consensus 2011,At least two of the following three features must be present: * Advanced maternal age (≥40 years) or any other risk factor for POR; * A previous POR (≤3 oocytes with a conventional stimulation protocol); * An abnormal ovarian reserve test (i.e. AFC \< 5-7 follicles or AMH \< 0.5 -1.1 ng/ml). Exclusion Criteria: * female patients with causes of infertility other than poor ovarian reserve * females suffering from congenital or acquired uterine anomalies * females with focal uterine lesions * females who had previous ovarian surgeries * females with history of previous exposure to radiotherapy , or chemotherapy * females refusing to get enrolled in the study",,exclude,Does not explicitly meet both criteria (Trans population + GAHT),exclude,Unverified legacy keyword heuristic: Does not explicitly meet both criteria (Trans population + GAHT),legacy_keyword_heuristic_unverified,,
NCT01931982,Effect of Glucagon-like Peptide 1 (GLP-1) on Microvascular Myocardial Function in Patients With Type 2 Diabetes.,INTERVENTIONAL,COMPLETED,Type 2 Diabetes; Microvascular Dysfunction,,DRUG: Victoza,,"Inclusion Criteria: * Type 2 diabetes on monotherapy with metformin or sulfonylurea or combination therapy of metformin and sulfonylurea. * Age: 25-75 years * BMI\>25 kg/m2 * HbA1c 6,0-10 % Exclusion Criteria: * Current treatment with insulin or Dipeptidyl peptidase IV inhibitor. * Haemoglobin \< 6.5 mmol/l * Documented significant stenosis of the left anterior descending artery (LAD) at coronary angiography or CT-angiography or regional dysfunction documented during dipyridamol stress-echocardiography. If stress test at baseline shows significant stenosis the patient will be excluded from the study. * Allergy towards victoza ® (liraglutide ), Dipyridamol, Nitroglycerin or rescue medicine: Theophyllin * Pregnancy * Severe asthma * Active cancer * Severe co-morbidity with limited life-expectancy * Estimated glomerular filtration rate (eGFR) \<60 (measured at baseline) * Severe hepatic co-morbidity * Chronic alcohol abuse * Heart failure with a left ventricular ejection fraction \</= 45% * Atrial fibrillation * Chronic or previous acute pancreatitis * Inflammatory bowel disease.",,exclude,Does not explicitly meet both criteria (Trans population + GAHT),exclude,Unverified legacy keyword heuristic: Does not explicitly meet both criteria (Trans population + GAHT),legacy_keyword_heuristic_unverified,,
NCT01999686,"PCOS Treatment Using DLBS3233, Metformin, and Combination of Both",INTERVENTIONAL,COMPLETED,Polycystic Ovary Syndrome (PCOS); Insulin Resistance,,"DRUG: DLBS3233; DRUG: Metformin XR; DRUG: Placebo metformin — Placebo metformin has the same ingredients with Metformin XR caplet, except that it does not contain the active substance (metformin).; DRUG: Placebo DLBS3233 — Placebo DLBS3233 has the same ingredients with DLBS3233 capsule, except that it does not contain the active substance (DLBS3233).",,"Inclusion Criteria: 1. Signed written informed consent prior to participation in the study. 2. Female subjects in reproductive age (i.e. 18-40 years) willing to conceive. 3. Subject with a diagnosis of polycystic ovary syndrome confirmed by two of the following (Rotterdam Criteria): * Hyperandrogenism (defined by elevated free testosterone concentration; or Ferriman-Gallwey Score of ≥ 8). * Ovarian dysfunction indicated by menstrual irregularity: oligomenorrhea (cycles of \> 35 days), or amenorrhea (no menses in the last of 3 months) after negative screening pregnancy test. * Polycystic ovary as shown by ultrasonography (USG). 4. Subject with insulin resistance defined by : HOMA-IR of \> 2.00. 5. Subject with body mass index (BMI) of 19-35 inclusive. 6. Able to take oral medication. Exclusion Criteria: 1. Pregnant or lactating women (urinary pregnancy test will be applied at screening). 2. Based on previous or current medical (either laboratory or clinical) examination, subjects known to have any of the following conditions: * Cushing's syndrome, late onset of congenital adrenal hyperplasia, androgen-secreting tumors, uncontrolled thyroid disease, hyperprolactinemia. 3. Known to have the following medical condition: * Diabetes mellitus, * Uncontrolled hypertension * Symptomatic cardiovascular diseases: * Acute or chronic infections at baseline. * Any known malignancies. 4. History of gynecological surgery. 5. Impaired renal function 6. Impaired liver function 7. Medically-assisted weight loss with medications or surgical procedures. 8. Currently having laparoscopic ovarian diathermy (LOD). 9. Currently under treatment with in vitro fertilization (IVF) techniques. 10. Have been regularly taking any of the following medications, within ≤ 3 months prior to screening, such as: * Clomiphene citrate * Insulin sensitizers, i.e. metformin and thiazolidinediones * Aromatase inhibitors, such as: anastrozole, letrozole * Glucocorticoids * Gonadotropins * Gonadotropin-releasing hormone agonists (GnRHa) * Oral contraceptive pills (OCPs) * Antiandrogens, such as: spironolactone, cyproterone acetate (CPA), and flutamide * Any traditional or herbal medicines 11. Participating in other clinical trial within 30 days prior to screening.",,exclude,Cisgender/unrelated indication,exclude,Unverified legacy keyword heuristic: Cisgender/unrelated indication,legacy_keyword_heuristic_unverified,,
NCT02018497,Essential Hypotension and Allostasis Registry,OBSERVATIONAL,UNKNOWN,Blood Pressure; Depression; Panic Attack; Fibromyalgia; POTS; Inappropriate Sinus Tachycardia; Coronary Heart Disease; Acute Coronary Syndrome (ACS); Acute Myocardial Infarction (AMI); Cerebrovascular Disease (CVD); Transient Ischemic Attack (TIA); Atrial Fibrillation; Diabetes Mellitus; Cancer; Systolic Heart Failure; Diastolic Heart Failure; Chronic Fatigue Syndrome; Syncope; Vasovagal Syncope,,,"Consecutive patients that visits a cardiologist's office in Medellin, Colombia. The population consists of patients of any age and gender, which are classified according to their blood pressure in: normotensive, hypertensive and hypotensive, they are also classified according to their adaptability in hypo, normo and hyper.","Inclusion Criteria: * Any patient regardless of the age of gender Exclusion Criteria: * Any non-correctable secondary cause of increase or decrease in blood pressure * or a pathology that alters the prognosis before the entrance of the patient into this registry. * nephropathy prior to the admission, * familial dyslipidemia, * previous gastric bypass, * pre-existing heart failure, * chemotherapy-induced cardiotoxicity, * arrhythmogenic right ventricular dysplasia, * long QT syndrome, * hypertrophic cardiomyopathy * restrictive cardiomyopathy or sudden death syndromes other than coronary disease * Down syndrome, * having one single kidney before entering to this registry, * polycystic kidney, * disability to continue with the treatment * organ transplantation (other than cornea), * HIV positive, * homocystinuria, * myelomeningocele, * autoimmune diseases, * paraplegia, * chronic infections (TB), * myocarditis of any cause, * blood dyscrasia with coagulation disorders, * history of pulmonary embolism, * sustained or non-sustained ventricular tachycardia, * idiopathic tachycardia associated with syncope which is not cured by radiofrequency ablation, * pulmonary hypertension, * diabetes insipidus, * COPD, * Gitelman syndrome, * Cervical cancer associated with human Papillomavirus, * multiple sclerosis, * hemochromatosis, * not compact ventricle. It is important to emphasize that all of these patients, currently excluded from the registry, may be studied in the future, they keep on follow-up and taken 6 BP. Additionally it is planned to compare the evolution of patients with secondary causes of hypertension or hypotension with essential disorders",,exclude,Does not explicitly meet both criteria (Trans population + GAHT),exclude,Unverified legacy keyword heuristic: Does not explicitly meet both criteria (Trans population + GAHT),legacy_keyword_heuristic_unverified,,
NCT02060474,Thyroid Hormone Analog Therapy in MCT8 Deficiency: Triac Trial Patients,INTERVENTIONAL,COMPLETED,Allan-Herndon-Dudley Syndrome,,DRUG: Triac — Triac is a naturally occuring T3 metabolite with similar bioactivity and receptor binding profile.,,"Inclusion Criteria: * clinically relevant mutation in the MCT8 gene, resulting in the clinical phenotype of AHDS. Exclusion Criteria: * Major illness or recent major surgery (within 4 weeks) unrelated to AHDS * Patients who are participating in ongoing RCTs of therapeutic interventions (including clinical trials of investigational medicinal products); * Known allergy to components in Triac tablets; * Patients that have any contra-indication for Triac treatment.",,exclude,Does not explicitly meet both criteria (Trans population + GAHT),exclude,Unverified legacy keyword heuristic: Does not explicitly meet both criteria (Trans population + GAHT),legacy_keyword_heuristic_unverified,,
NCT02119377,First Australian National Trans Mental Health Study,OBSERVATIONAL,COMPLETED,Transsexualism,,OTHER: questionnaire,"This is a study of trans people living in Australia aged 18 years or older. The investigators used the term trans in an inclusive way, and included people who use (or used) words like transsexual, transgender, sistergirl, brotherboy, androgynous, or genderqueer to describe themselves. All trans people, including those who just describe themselves as men or women were encouraged to participate.",Inclusion Criteria: * Live in Australia * Self-identify as trans Exclusion Criteria: * Aged less than 18 years,,exclude,Does not explicitly meet both criteria (Trans population + GAHT),exclude,Unverified legacy keyword heuristic: Does not explicitly meet both criteria (Trans population + GAHT),legacy_keyword_heuristic_unverified,,
NCT02185274,Observational Study on Metabolism and Psychopathology in Transsexual Patients,OBSERVATIONAL,COMPLETED,Transsexualism,,,Patients will be recruited from the outpatient clinics of the corresponding centres. Every patient is eligible who has not yet received any cross-sex hormone treatment. Patients will be invited to participate at the regular visit after which it is planned to start hormone treatment. Further visits will follow the regular check-up visits in the corresponding centers.,"Inclusion criteria * Patients with the diagnosis gender identity disorder (ICD-10: F64.0), who have given written informed consent following adequate oral and written information. General Exclusion criteria * Patients below the age of 18 * Legally incompetent patients * Prior intake of cross-sex hormones * Missing written informed consent * Intersexuality",,include,Transgender population and GAHT intervention/exposure identified,include,Unverified legacy keyword heuristic: Transgender population and GAHT intervention/exposure identified,legacy_keyword_heuristic_unverified,,
NCT02229617,Subcutaneous Testosterone Project,INTERVENTIONAL,COMPLETED,Gender Dysphoria,,DRUG: Subcutaneous testosterone,,Inclusion Criteria: * Transgender males or identifying along the male spectrum * Currently on stable doses of weekly IM testosterone * Using either Testosterone cypionate or enanthate * Between 19-59 years old * Stable doses of regular medications * Receive their transgender care from one of five(5) Vancouver-based physicians who specialize in transgender care (Three Bridges or Raven Song Community Health Centres). Exclusion Criteria: * Medically or psychiatrically unstable * Recent or imminent surgery (6-8 weeks) that has or may affect testosterone dosage * Unable to present for nine(9) weeks of weekly blood work and two(2) weeks of alternate day blood work,,include,Transgender population and GAHT intervention/exposure identified,include,Unverified legacy keyword heuristic: Transgender population and GAHT intervention/exposure identified,legacy_keyword_heuristic_unverified,,
NCT02264743,Oral Verses Patch Trial In Menopausal Women - Individualisation of Oestrogen Therapy,INTERVENTIONAL,UNKNOWN,Venous Thrombosis; Insulin Resistance,,DRUG: Femoston Conti — Ultra-low-dose oral E2/D \[Oestradiol 17β 0.5mg/dydrogesterone 2.5 mg\] oral Femoston Conti 0.5mg Estradiol\&Dydrogesterone vs Oestradiol\&Norethisterone acetate; DRUG: EVOREL® CONTI — Trans-dermal Estradiol 25mcg/norethisterone acetate 85 mcg 1/2 an Evorel Conti patch,,"Inclusion Criteria: * Healthy and postmenopausal woman who have had a normal ultrasound result * Aged 40 - 60 years * At least 1 year post last menstrual period (per participant report) * BMI 18 - 32 * Normal mammogram within 2 years of study commencement * Continue on any concomitant medications without any change during the study give informed consent Exclusion Criteria: * Estrogen or androgen therapy during preceding 3 months * Use of hormone implants during the preceding 12 months * Have received any medications which may interfere with the study (SSRI, antiandrogens, * PDE5 inhibitors, DHEA, SERMS) * Have a significant psychiatric disorder * Have a history of breast or oestrogen dependent cancer * Have diabetes, thrombo-embolic disorders (recent MI angina DVT varicose veins or recurrent DVT), cardiovascular disease, liver disease any condition affecting carbohydrate metabolism, uncontrolled hypertension and uncontrolled hyperlipidaemia * Untreated endometrial hyperplasia * Dubin-Johnson syndrome and Rotor syndrome * Undiagnosed vaginal bleeding * Women who have had a hysterectomy",,exclude,Cisgender/unrelated indication,exclude,Unverified legacy keyword heuristic: Cisgender/unrelated indication,legacy_keyword_heuristic_unverified,,
NCT02378246,Swedish Iodine in Pregnancy and Development in Children (SWIDDICH) Study,INTERVENTIONAL,ACTIVE_NOT_RECRUITING,Thyroid Gland; Node; Pregnancy; Cognitive Developmental Delay,,DIETARY_SUPPLEMENT: Iodine; DIETARY_SUPPLEMENT: Placebo,,"PREGNANT WOMEN Inclusion criteria * Pregnant, week \<13 * Age 18-40 years * Intent of a full term pregnancy * Agreement of taking no iodide containing supplements during the study except for study supplement Exclusion Criteria * Known current thyroid disease * Risk factors for thyroid disease (history or heredity for thyroid, other autoimmune disease or symptoms of hypo-/hyperthyroidism) where the TSH is abnormal * Possibility to not attend to the protocol according to the investigator's opinion * Less than 6 months from previous pregnancy or lactating period * Vegan CONTROL WOMEN Inclusion criteria * Age 18-40 years * Agreeing not to take iodide containing supplements 1 week prior to the collecting of the samples. Exclusion criteria * Current thyroid disease * Risk factors for thyroid disease (history or heredity for thyroid or other autoimmune disease or symptoms of hypo-/hyperthyroidism) where the TSH is abnormal * Possibility to not attend to the protocol according to the investigator's opinion * Currently pregnant or lactating * Less than 6 months from previous pregnancy or lactating period * Vegans",,exclude,Does not explicitly meet both criteria (Trans population + GAHT),exclude,Unverified legacy keyword heuristic: Does not explicitly meet both criteria (Trans population + GAHT),legacy_keyword_heuristic_unverified,,
NCT02380027,PRostate Evaluation for Clinically Important Disease: Sampling Using Image-guidance Or Not?,INTERVENTIONAL,COMPLETED,Prostate Neoplasm,,DEVICE: MRI — This will be a multi-parametric MRI of the prostate; PROCEDURE: MRI-targeted biopsy — This will be a biopsy targeted to suspicious areas on the MRI; PROCEDURE: TRUS-biopsy — This will be a standard 12 core trans-rectal prostate biopsy,,"Inclusion Criteria: 1. Men at least 18 years of age referred with clinical suspicion of prostate cancer who have been advised to have a prostate biopsy 2. Serum PSA ≤ 20ng/ml within the previous 3 months 3. Suspected stage ≤ T2 on rectal examination (organ-confined prostate cancer) within the previous 3 months 4. Fit to undergo all procedures listed in protocol 5. Able to provide written informed consent Exclusion Criteria: 1. Prior prostate biopsy 2. Prior treatment for prostate cancer 3. Contraindication to MRI (e.g. claustrophobia, pacemaker, estimated glomerular filtration rate ≤ 50mls/min) 4. Contraindication to prostate biopsy 5. Men in whom artifact would reduce the quality of the MRI 6. Previous hip replacement surgery, metallic hip replacement or extensive pelvic orthopaedic metal work 7. Unfit to undergo any procedures listed in protocol",,exclude,Oncology indication not related to transgender health,exclude,Unverified legacy keyword heuristic: Oncology indication not related to transgender health,legacy_keyword_heuristic_unverified,,
NCT02381340,ACE Stapler Sub Study,OBSERVATIONAL,COMPLETED,Obesity,,DEVICE: ACE stapling procedure — Endoscopic trans-oral gastroplication,Patients that will undergo an ACE stapling procedure for the treatment of obesity.,"Inclusion Criteria: Criteria for inclusion in main ACE stapling study: * Subject must be able to understand and be willing to sign an informed consent document. * Subject must be willing and able to participate in all aspects of the study and agree to comply with all study requirements for the duration of the study. This includes availability of reliable transportation and sufficient time to attend all follow-up visits. * Subject has a BMI of 40 - 45 or 30 to 39.9 plus one or more co-morbid diseases expected to improve with weight loss, including but not limited to hypertension, dyslipidemia, obstructive sleep apnea, or diabetes mellitus. * Subject must be fully ambulatory, without chronic reliance on walking aids such as crutches, walkers or a wheelchair. * Subject must be of sufficient and stable medical health, as evaluated by the Principal Investigator. * Subject must have a primary care physician that will manage the subject for any co-morbid conditions throughout the study. * Subject must have failed standard obesity therapy of diet, exercise, behaviour modification, and pharmacologic agents either alone or in combination, as assessed by an interview with a member of the study team at baseline. * Subject agrees to refrain from any type of reconstructive surgery that may affect body weight such as mammoplasty or abdominal lipoplasty or liposuction, during the trial. Inclusion criteria sub study • Patient must be included in the main study Exclusion Criteria: Main study * Subject has history of/or signs and/or symptoms of gastro-duodenal ulcer disease. * Subject has poorly controlled diabetes as indicated by the lack of stable diabetes medications and doses over the last month, or has a history of diabetes for greater than 10 years. * Subject has had significant weight loss in the last 3 months, or between baseline and the study procedure. * Subject has a history or is diagnosed with eating disorders. * Subject has history of peptic ulcer and tests positive for H. pylori, unless treated before the procedure. * Subject has symptomatic congestive heart failure, cardiac arrhythmia or unstable coronary artery disease. * Subject has pre-existing respiratory disease such as chronic obstructive pulmonary disease (COPD), pneumonia or cancer. * Subject has significant esophageal disease including Zenker's diverticulum, grade 3-4 reflux esophagitis, stricture, Barrett's esophagus, esophageal cancer, esophageal diverticulum, dysphagia, achalasia, or symptoms of dysmotility. * Subject is observed during EGD to have heavily scarred, malignant or poor quality/friable tissue in areas of the stomach where plications are to be placed. * Subject has renal and/or hepatic insufficiency. * Subject has thyroid disease which is not controlled with medication. * Subject has a history of intestinal strictures or adhesions. * Subject has systemic infection in the body at the time of the plication procedure. * Female subject who is pregnant (i.e., has a positive urine or blood pregnancy test prior to the procedure), is suspected to be pregnant, is lactating or is of childbearing potential but refuses to use adequate contraception during the study. * Female subject who started birth control pills less than 3 months before enrollment, or who plans to start taking birth control pills during the study. * Subject has had previous bariatric, gastric or esophageal surgery; intestinal obstruction; portal gastropathy; gastrointestinal tumors; esophageal or gastric varices, or gastroparesis. * Subject has severe coagulopathy (prothrombin time \> 3 seconds over control or platelet count \< 100,000) or is presently taking heparin, coumadin, warfarin, or other anticoagulants or other medications which impede coagulation or platelet aggregation. * Subject has chronic/acute upper GI bleeding conditions. * Subjects who are unable to discontinue use of aspirin and/or non-steroidal anti-inflammatory agents (NSAIDs) at least 14 days prior to a plication procedure and continuing for 14 days post-procedure. * Subjects undergoing chronic steroid therapy. * Subjects undergoing immunosuppressive therapy. * Subjects who cannot discontinue either prescription or over the counter weight loss medications for at least 30 days prior to the procedure as well as during the trial period. * Subjects who have started medications within the last 3 months that are known to cause weight gain. * Subjects who have cardiac pacemakers or other electronic implantable devices. * Subjects who have hiatal hernias greater than 2 cm. * Subjects who have current or potential neck masses that in the opinion of the investigator, may interfere with study-related procedures, or has a Mallampati (intubation) score greater than 3. * Subjects who have poorly controlled psychiatric disease including but not limited to manic-depressive disorder, schizophrenia, borderline personality disorder, depression or suicidal tendencies. * Subject has Crohn's disease or Ulcerative Colitis. * Subject currently uses or has a history of illicit drug(s) or abuses alcohol (defined as regular or daily consumption of more than 4 alcoholic drinks per day). * Subject has participated in a clinical study with an investigational new drug, biological, or therapeutic device within ≤ 28 days prior to enrollment in this study, and does not agree to abstain from participation in other clinical trials of any kind during this study. Exclusion criteria sub study * Presence of contra-indications for MRI and f-MRI, as mentioned in Attachment 1 and 2. * Hypersensibility to contrast (Dotarem) * Claustrophobia * Pregnancy",,exclude,Does not explicitly meet both criteria (Trans population + GAHT),exclude,Unverified legacy keyword heuristic: Does not explicitly meet both criteria (Trans population + GAHT),legacy_keyword_heuristic_unverified,,
NCT02381821,Endometrial Volume and Sub-endometrial Vascularity as Predictors of In-vitro Fertilization Success,OBSERVATIONAL,COMPLETED,"Reproductive Techniques, Assisted",,"OTHER: 3 D ultrasound and Doppler examination — Endometrial thickness was measured in the longitudinal plane at the widest anteroposterior diameter with a trans-vaginal 2D ultrasound, and then 3D mode was then activated with power Doppler setting for this study standardized using a frequency at 4-9 MHZ pulse repetition frequency at 0.5KHz gain at-3.0 and wall motion filter at 1. The sub-endometrial region was considered to be within 3 mm of the originally defined myometrial-endometrial contour. The endometrial volume (EV) and 3D power Doppler indices below the endometrium were measured using the automated VOCAL™ for the 3D power Doppler histogram analysis; DRUG: GnRH agonist — All women received daily subcutaneous 0.1 mg triptorelin injection started from day 21) of the cycle preceding stimulation. Downregulation of the pituitary gonadotropins was confirmed after 12 days , gonadotropin (Gn) induction was started using Human menopausal gonadotropins for ovarian stimulation. The starting dose was 225 to 300 IU . Ultrasound Folliculometry was done every other day . When two or more follicles reached a minimum mean diameter of 18 mm, triggering of ovulation trigger was done using Human chorionic gonadotropin (hCG) 10,000 IU and ovum pick up was scheduled 36 hours later","women with primary or secondary infertility and were scheduled for a first IVF/ICSI treatment cycle due to Pelvic Inflammatory disease, ovulatory dysfunction, tubal infertility, unexplained infertility , combined infertility with normal transvaginal ultrasound.","Inclusion Criteria: * A normal transvaginal ultrasound is defined as having no visible intracavitary pathology (e.g. submucous myomas, polyps or septa) and was be performed in the follicular phase of the menstrual cycle. Intramural myomas without impression or deformation of the uterine cavity were incorporated in the definition of a normal ultrasound Exclusion Criteria: * Exclusion criteria included Females aged above 40 years old , patients with endometriosis, abnormal endocrine functions as Diabetes mellitus, thyroid disorders and adrenal abnormalities ,general diseases, those with ovarian cysts or have azospermic partners",,exclude,Cisgender/unrelated indication,exclude,Unverified legacy keyword heuristic: Cisgender/unrelated indication,legacy_keyword_heuristic_unverified,,
NCT02396459,Triac Trial II in MCT8 Deficiency Patients,INTERVENTIONAL,ACTIVE_NOT_RECRUITING,Allan-Herndon-Dudley Syndrome,,"DRUG: Tiratricol — Tiratricol, individually titrated dose",,"Inclusion Criteria: * Signed and dated informed consent form from the parents or legal guardian. * Parents stated willingness to comply with all study procedures and availability for the duration of the study. * The participant should be aged between 0 and 30 months on the day of inclusion. * The participant should be male and have a pathogenic mutation in the MCT8 gene. Exclusion Criteria: * Previous treatment with tiratricol. * Previous treatment with LT4 and/or PTU and/or other anti-thyroid medication for a period longer than three months. Patients previously treated with LT4 for a shorter period than 3 months may be included in the study (baseline visit) six weeks (or longer) after last dose of LT4 if two consecutive analyses show stable TFT\*. Patients treated with PTU and/or other anti-thyroid medication for a shorter period than three months may be included in the study (baseline visit) six weeks (or longer) after last dose. * Major illness or recent major surgery (within four weeks of baseline visit 1) unrelated to MCT8 deficiency. * Known allergic reactions to components of the IMP. Patients with galactose intolerance, Lapp lactase deficiency or malabsorption of glucose or galactose (the IMP contains lactose). * Treatment with another investigational drug or participation in other interventional trial within three months prior to baseline visit 1.",,exclude,Does not explicitly meet both criteria (Trans population + GAHT),exclude,Unverified legacy keyword heuristic: Does not explicitly meet both criteria (Trans population + GAHT),legacy_keyword_heuristic_unverified,,
NCT02434562,Development and Validation of in Vitro Cell-based Bioassays for Nuclear Receptor Activation,OBSERVATIONAL,COMPLETED,Hypogonadism; Estrogens; Testosterone; Androgens,,OTHER: Serum (with or without urine) samples,"Patients in the department of Endocrinology/Andrology, Urology and Oncology","Inclusion Criteria: * Known or expected medical condition affecting androgens, estrogens or SHBG Exclusion Criteria: * Inability to provide written informed consent * Known or suspected bloodborne infectious diseases (e.g. HIV, viral hepatitis etc.) * Anemia (\<11 g/dL hemoglobin) or being a Jehovah's Witness",,exclude,Does not explicitly meet both criteria (Trans population + GAHT),exclude,Unverified legacy keyword heuristic: Does not explicitly meet both criteria (Trans population + GAHT),legacy_keyword_heuristic_unverified,,
NCT02518009,GEnder Dysphoria Treatment in Sweden,OBSERVATIONAL,COMPLETED,Transsexualism,,OTHER: Genetic men treated with estrogen — Observational during estrogen treatment; OTHER: Genetic women treated with androgen — Observational during androgen treatment,Subjects that are under investigation for gender dysphoria that have been accepted but not yet started their treatment with contrary sex hormones are asked if they want to participate.,Inclusion Criteria: * Otherwise healthy Exclusion Criteria: * Infectious disease * Treatment with Warfarin or other anti coagulants. * History of cardiovascular disease. * Serious illness or mental disorder. * Diabetes type 1 * Language difficulties,,include,Transgender population and GAHT intervention/exposure identified,include,Unverified legacy keyword heuristic: Transgender population and GAHT intervention/exposure identified,legacy_keyword_heuristic_unverified,,
NCT02524041,Association Between Serum Periostin Levels and Cortical Porosity in Patients With Secondary Hyperparathyroidism,INTERVENTIONAL,COMPLETED,Hyperparathyroidism,,DEVICE: HR-pQCT — The Xtrem CT scanco device is a HR-pQCT used for 3D bone measurements at the tibia and the radius levels in humans; OTHER: blood specimen — blood specimen,,"Inclusion Criteria: * Hyperparathyroidism defined by a parathyroid hormone serum level above 65 ng/ml, secondary to Chronic Kidney Disease (CKD) ou vitamin D deficiency Exclusion Criteria: * Concurrent bone disease (such as Paget's disease, osteomalacia), * Other endocrinopathy having an impact on bone metabolism (such as Cushing, hyperthyroidism, severe hypogonadism (except menopause)), * Current or previous bisphosphonate treatment. * Transplantation * parathyroidectomy * Life expectancy less than 3 months. * Lack of study understanding. * Lack of agreement. * Under legal control.",,exclude,Does not explicitly meet both criteria (Trans population + GAHT),exclude,Unverified legacy keyword heuristic: Does not explicitly meet both criteria (Trans population + GAHT),legacy_keyword_heuristic_unverified,,
NCT02550431,Trans Health: Evaluation of Markers of Cardio-metabolic Health and Well-being in Transgender Youth,OBSERVATIONAL,COMPLETED,Transgendered Persons,,,Transgender youth ages 9 to 21 years of age who have been on a Gonadotropin-releasing hormone (GnRH) agonist or cross-sex hormones for at least three months,Inclusion Criteria: * Followed in Endocrinology Clinic or Adolescent Medicine Clinic at Children's Hospital Colorado * Between age 9 and 21 years (inclusive) * Identifies as transgender * Has been on pubertal blockade or cross-sex hormones for at least three months. Exclusion Criteria: * Known diabetes * Presence of significant medical or psychiatric comorbidities * Using hormones not prescribed by a physician,,include,Transgender population and GAHT intervention/exposure identified,include,Unverified legacy keyword heuristic: Transgender population and GAHT intervention/exposure identified,legacy_keyword_heuristic_unverified,,
NCT02551367,Letrozole Versus Clomiphene Citrate for Ovulation Induction in Women With Poly Cystic Ovary Syndrome ( PCOS ),INTERVENTIONAL,UNKNOWN,Anovulation; Polycystic Ovary Syndrome,,"DRUG: Letrozole — 2.5 mg will taken from day 2 to day 6 of the cycle , for 3 consecutive cycles; DRUG: Clomiphene citrate — 50 mg twice daily orally from day 2 to day 6 , for 3 consecutive cycles; DRUG: hcg hormone — 10.000 iu im injection when follicle diameter reach 18 mm by transvaginal ultrasound",,"Inclusion Criteria: 1. Age between 20-35 2. Primary or secondary infertility 3. Patients diagnosed as PCOs according to Rotterdam criteria (Rotterdam ESHRE/ASRM-Sponsored PCOS Consensus Workshop Group.,2003) Exclusion Criteria: Any patients have any causes of infertility other than which mentioned in the inclusion criteria as: 1. Hyperprolactinemia. 2. Male factor of infertility. WHO Guidelines 2010 for Normal seminal fluid analysis : * Volume\> 1.5 ml * ph 7.2 to 8.0 * Liquefaction time 20 to 30 min * Sperms concentration \>15 million/ml * Total motility 40%(Progressive motility + non progressive motility) * Progressive motility 32% * Morphology \> 4% normal forms 3. Thyroid dysfunction. 4. Diabetes Mellitus. 5. Known or suspicious tubal factor infertility by HSG or laparoscope. 6. Endometrioses or pelvic inflammatory diseases .",,exclude,Cisgender/unrelated indication,exclude,Unverified legacy keyword heuristic: Cisgender/unrelated indication,legacy_keyword_heuristic_unverified,,
NCT02715232,Effects of Sex Steroids on the Serotonin System,INTERVENTIONAL,UNKNOWN,Gender Dysphoria,,"DRUG: Testosterone — 100mg testosterone undecanoat every 8-12 weeks, or alternatively 50mg testosterone transdermally, or 50mg testosterone creme; DRUG: Lynestrenol — 2-3 tablets/day, if menstruation still occurs; DRUG: Cyproterone Acetate — 25mg daily; DRUG: Estradiol — 75 microgram transdermal therapeutic system twice a week, or p.o. estradiol 2x2mg/day, or estradiol gel 1,5-3mg; DRUG: Triptorelin acetate — 4,12mg every 4-6 weeks (powder for suspension for injection s.c. or i.m.",,"Inclusion Criteria: * DSM-5 diagnosis of Gender Dysphoria (DSM-5: 302.85; ICD-10: F64.1) (for transsexuals only) * Somatic health based on history, physical examination, ECG, laboratory screening, SCID * willingness and competence to sign the informed consent form Exclusion Criteria: * concomitant major medical or neurological illness * internal or neurologic medical histories as well as pregnancy (positive urine pregnancy test) or breastfeeding * other DSM-5 Axis-I comorbidities, determined by a structured clinical interview (SCID), especially body dysphoric disorder (DSM-5: 300.7; ICD-10: F45.22), schizophrenia spectrum and other psychotic disorders * steroid hormone treatment within 6 months prior to inclusion * treatment with psychotropic agents such as SSRIs * any implant or stainless steel graft * abnormal values in routine laboratory screening or general physical examination * current substance abuse or current or past substance related disorder * for participants who participated in an earlier neuroimaging study using ionizing radiation, the total radiation exposure dose of 20 mSv over the last 10 years must not be exceeded, as specified in the legislation on radiation protection (Allg. Strahlenschutzverordnung 2010; www.ris.bka.gv.at) * failure to comply with the study protocol or to follow the instructions of the investigating team",,include,Transgender population and GAHT intervention/exposure identified,include,Unverified legacy keyword heuristic: Transgender population and GAHT intervention/exposure identified,legacy_keyword_heuristic_unverified,,
NCT02741154,Role of Aromatase Inhibitor to Enhance Ovulation in Poor Responder During Induction With Short Antagonist Protocol in Cases of ICSI,INTERVENTIONAL,COMPLETED,Infertility Indicated for ICSI,,DRUG: induction with aromataze inhibitor — letrozole 2.5mg once daily start in the first day of menses for 5days; DRUG: HMG — HMG 300 IU injection once daily start at first day of menses with follow up by trans vaginal ultrasound (TVUS ) till at least three follicles reach 14 mm in diameter; DRUG: GnRh a — antagonist given 0.1 ml injection once daily with continous follow up when at least three follicles reach 17mm in diameter HCG 10.000 IU injection and ovum pick up 24-36hours after injection; DRUG: HCG — 10.000 IU HCG injection when at least three follicles reach 17mm in diameter,,Inclusion Criteria: * infertlity indicated for ICSI * Ovarian factor * Tubal factor * Unexplained infertility * poor responders Exclusion Criteria: * Expected high responder * Endometriosis * Male and uterine factors * Ovarian mass or cyst,,exclude,Cisgender/unrelated indication,exclude,Unverified legacy keyword heuristic: Cisgender/unrelated indication,legacy_keyword_heuristic_unverified,,
NCT02766764,Combined Dehydropeiandrosterone and Growth Hormone in Women With Expected Poor Ovarian Response Undergoing ICSI,INTERVENTIONAL,UNKNOWN,Subfertility,,DRUG: DHEA — Women will receive oral DHEA 25 mg t.d.s. for 12 weeks before ICSI.; DRUG: Growth hormone — Women will receive GH subcutaneous injections daily from day 6 of hMG administration until the day of hCG administration.; DRUG: Placebo 1 — Women will receive an oral placebo similar to DHEA t.d.s for 12 weeks before ICSI; DRUG: Placebo 2 — Women will receive subcutaneous placebo injections similar to GH daily starting from day 6 of hMG injections until the day of hCG injection,,Inclusion Criteria: * Women undergoing ICSI with expected poor ovarian response according to the Bologna criteria Exclusion Criteria: * Body mass index \>35 Kg/m2. * Women with a single ovary. * Allergy to DHEA or GH. * Diabetic women on insulin as insulin lowers DHEA levels and might reduce its effectiveness,,exclude,Does not explicitly meet both criteria (Trans population + GAHT),exclude,Unverified legacy keyword heuristic: Does not explicitly meet both criteria (Trans population + GAHT),legacy_keyword_heuristic_unverified,,
NCT02766803,Effects of Simvastatin and Micronized Trans-resveratrol Treatment on Polycystic Ovary Syndrome (PCOS) Patients,INTERVENTIONAL,UNKNOWN,"PCOS, Insulin Resistance",,DRUG: Simvastatin and micronized trans-resveratrol,,"Inclusion Criteria: * PCOs * insulin resistance * normal prolactin, TSH, 17 OH progesterone No evidence of androgen producing malignancy, Cushing's syndrome or acromegaly Exclusion Criteria: * use of oral contraceptives and/or other steroid hormones 3 months prior to the study",,exclude,Cisgender/unrelated indication,exclude,Unverified legacy keyword heuristic: Cisgender/unrelated indication,legacy_keyword_heuristic_unverified,,
NCT02936258,PRostate Evaluation for Clinically Important Disease: MRI vs Standard Evaluation Procedures,INTERVENTIONAL,UNKNOWN,Prostate Cancer,,PROCEDURE: Standard of Care — Men in Arm B will undergo a 12-core systematic TRUS guided biopsy. All men in the study will be followed for two years or until they have had radical treatment (whichever comes first).; PROCEDURE: MRI — Men will undergo a MRI followed by either a targeted biopsy of suspicious areas or will be followed for two years if there is no suspicious areas identified by MRI.; PROCEDURE: MRI Targeted Biopsy — Men will undergo a MRI followed by either a targeted biopsy of suspicious areas or will be followed for two years if there is no suspicious areas identified by MRI.,,"Inclusion Criteria: In order to be eligible, all inclusion criteria must be met: 1. Men at least 18 years of age referred with clinical suspicion of prostate cancer who have been advised to have a prostate biopsy; 2. ≥5% chance of high-grade prostate cancer as calculated using individualized risk assessment of prostate cancer calculator, PCPTRC 2.0, found at http://deb.uthscsa.edu/URORiskCalc/Pages/calcs.jsp; 3. Serum PSA ≤ 20ng/ml within 3 months of randomization 4. Fit to undergo all procedures listed in protocol; 5. Able to provide written informed consent. Exclusion Criteria: 1. Prior prostate biopsy 2. Prior treatment for prostate cancer 3. Contraindication to MRI (e.g. claustrophobia, pacemaker, estimated GFR ≤ 50mls/min) 4. Contraindication to prostate biopsy 5. Men in whom artifact would reduce the quality of the MRI, i.e. previous hip replacement surgery, metallic hip replacement or extensive pelvic orthopaedic metal work 6. Unfit to undergo any procedures listed in protocol.",,exclude,Oncology indication not related to transgender health,exclude,Unverified legacy keyword heuristic: Oncology indication not related to transgender health,legacy_keyword_heuristic_unverified,,
NCT02936505,Clinical Study Evaluating Two Treatment Protocols for Immunosuppressive Drugs. Looking at 3-year Incidence of CLAD.,INTERVENTIONAL,ACTIVE_NOT_RECRUITING,Lung Transplantation; Allografts,,"DRUG: Cyclosporine — Cyclosporin A (Sandimmun Neoral® or similar): * Cyclosporin A given orally pretransplant in the dose of 2-3 mg/kg. * Continued postop day 1 in the dose of 3mg/kgx2, according to local practice and blood concentration: 0-3 months 250-300; 3-6 months 200-250; 6-12 months 150-200; \>12 months 100-150 ng/ml. Cyclosporine A will be administered twice daily.; DRUG: Mycophenolate mofetil (MMF) — MMF target dose: 2000 mg/day (1gx2): o Controlled by a single Area Under the Curve (AUC) measurement day 90 with a target AUC between 40 and 60 mg.h/L and corrected accordingly.; DRUG: Rabbit Anti thymocyte globulin — Induction therapy: Thymoglobulin® (Rabbit Anti thymocyte globulin)(1.5 mg/kg given immediately postoperatively).; DRUG: Corticosteroids — Corticosteroids: * Day 0 (day of lung transplantation); 500+500mg methylprednisolone iv. before reperfusion, i.e. restoration of blood flow into the transplanted allograft. * From day 1: Initiated at 0.2 mg/kg/day; tapered to 0.1 mg/kg 3-6 months; less than 0,1 mg/kg \> 6 months.; DRUG: Tacrolimus — * Tacrolimus should be given orally pretransplant in the dose of 0.1 mg/kg. * Continued postop day 1 according to local practice and blood concentration: 0-3 months 10-14, 3-6 months 8-12, 6-12 months 8-10, \>12 months 6-8 ng/ml. Tacrolimus will be administered once daily.",,"Inclusion Criteria 1. Male or female lung recipients 18-70 years of age undergoing primary double (including size reduction) lung transplantation. 2. Patient willing and capable of giving written informed consent for study participation and anticipated to be able to participate in the study for 36 months. Exclusion Criteria 1. Recipients of multiorgan transplant, and or previously transplanted with any organ, including previous lung transplantation. 2. Patients with hypersensitivity to, or other reasons to not be able to take the immunosuppressive drugs used in the study. 3. Donor lung cold ischemic time \> 12 hours. 4. Patients who previously have been treated with anti-thymocyte globulin preparations (e.g. ATG-Fresenius®, Thymoglobulin®). 5. Patients who are recipients of ABO-incompatible transplants. 6. Patients with platelet count \< 50,000/mm3 at the evaluation before transplantation. 7. Patients who are unlikely to comply with the study requirements. 8. Patients, and/or those receiving organs from donors, who are positive for HIV, Hepatitis B surface antigen or Hepatitis C virus. 9. Patients with donor greater than 75 years. 10. Patient who have received an unlicensed drug or therapy within one month prior to study entry or if such therapy is to be instituted post-transplantation. 11. Patient unable to participate in the study for the full 36-month period 12. Patients with any past (within the past 3-5 years) or present malignancy (other than excised basal cell carcinoma). 13. Females capable of becoming pregnant must have a negative pregnancy test prior to randomization. Females are recommended to practice a medically approved method of birth control for the duration of the study and a period of 8 weeks following discontinuation of study medication, even where there has been a history of infertility",,exclude,Does not explicitly meet both criteria (Trans population + GAHT),exclude,Unverified legacy keyword heuristic: Does not explicitly meet both criteria (Trans population + GAHT),legacy_keyword_heuristic_unverified,,
NCT02983110,Sex Hormone Therapy and Mucosal Tissues,OBSERVATIONAL,COMPLETED,Hiv,,"PROCEDURE: Anoscopy with Rectal Tissue Sampling — All subjects will provide 10 pieces of rectal tissue; PROCEDURE: Phlebotomy — • Procedure: Blood plasma/serum collection Approximately 17 mL of blood will be taken from each subject just prior to tissue sampling.; PROCEDURE: Female Genital Tract Sampling — Cohorts B only will have cervical cells, cervical tissue, and vaginal tissue collected","This study will consist of 20 HIV positive men and women between 18-65 years of age (inclusive) with an intact gastrointestinal tract, uterus/cervix (if cisgender women), and male genital tract (if cisgender man) who are available to complete all study procedures at UNC.","Inclusion Criteria: \- All subjects eligible to enroll must meet the following inclusion criteria, regardless of cohort: * HIV-positive adults aged 18-65, inclusive on the date of screening, clinically healthy, with an intact gastrointestinal tract. Any screening test may be repeated once in the screening window to confirm or verify eligibility. * Evidence of a personally signed and dated informed consent document indicating that the subject has been informed of all the pertinent details of the study. * Willing and able to comply with scheduled visits, treatment plan laboratory tests, and other trial procedures * Subjects must not be actively involved in the conception process, currently pregnant/lactating/ or in the immediate post-partum period. * Subjects must be willing to abstain from all sexual activity, and all intravaginal and intrarectal products for at least 72 hours prior to the sampling day, until seven days later * HIV RNA viral load undetectable (\<50 copies/mL or less per institution) within at least the previous six months prior to screening. Repeat HIV RNA Viral load testing may be conducted at screening, if indicated. --\>80% adherent to their antiretroviral regimen per self-report, and a compliant diary card 5 days before intensive sampling * Actively adherent to an antiretroviral regimen containing both tenofovir (TDF) and emtracitabine (FTC) for \>1 month (if switched from previous regimen) or \>3 months (if previously antiretroviral naive) as part of their standard clinic care * Negative, or treated, sexually transmitted infections at screening including syphilis, gonorrhea, chlamydia, and trichomoniasis * All subjects must have an estimated calculated creatinine clearance of (eCcr) at least 60mL/min by the Cockcroft-Gault formula * No clinical or surgical abnormalities (i.e. hysterectomy) that would preclude sample collection * Hemoglobin Grade 2 or lower, with no clinical significant medical issues that would preclude blood sampling * Coagulation testing Grade 2 or lower, with no clinically significant medical issues that would preclude tissue sampling Exclusion Criteria: * Age outside of desired range * Subject is HIV negative * Impaired renal function, as documented with a creatinine clearance \<60mL/min with the Cockcroft-Gault equation * Receiving an antiretorivral regimen that does not include TDF/FTC, or adherent to a TDF/FTC regimen less than one month, or patient is unlikely to remain on this regimen during the sampling period * Less than 80% adherence to anti-retroviral medications, and more than 3 missed doses in the month preceding enrollment * Subject is not able or willing to follow the diet and lifestyle guidelines necessary for the study period * Active, untreated, sexually transmitted infection, including syphilis, gonorrhea, chlamydia or trichomoniasis or symptomatic bacterial vaginosis * Clinical, laboratory, or surgical abnormalities that would preclude sample collection (for example but not limited to: hysterectomy) * Subjects actively involved in the conception process, currently pregnant or lactating, or immediately post-partum",,exclude,Does not explicitly meet both criteria (Trans population + GAHT),exclude,Unverified legacy keyword heuristic: Does not explicitly meet both criteria (Trans population + GAHT),legacy_keyword_heuristic_unverified,,
NCT02985996,Body Compartment PK for New HIV Pre-exposure Prophylaxis Modalities,INTERVENTIONAL,COMPLETED,HIV Infections,,"DRUG: Truvada — Truvada is intended for the treatment of HIV-1 infection. Truvada is a combination of emtricitabine 200 mg and tenofovir disoproxil fumarate 300 mg in one tablet.; DRUG: Genvoya — Genvoya is a 1-pill, once-a-day prescription medicine used to treat HIV-1. Genvoya is a combination of 150 mg of elvitegravir, 150 mg of cobicistat, 200 mg of emtricitabine, and 10 mg of tenofovir alafenamid in one tablet.",,"Inclusion Criteria: * HIV-negative man who reports receptive anal sex with another man in the last 6 months * Male to female transgender women who have sex with men who report receptive anal intercourse with another man in the last 6 months and are not currently taking hormonal therapy or plan to take hormonal therapy for the duration of the study * Not currently taking PrEP and no plans to initiate during study * Able to provide informed consent in English * No plans for relocation in the next 3 months * Willing to undergo peripheral blood and rectal biopsy sampling * Willing to use study products as directed * Willing to abstain from receptive anal intercourse 3 days prior to starting study product and for the duration of the study and for 7 days after any rectal biopsy procedure. Exclusion Criteria: * History of inflammatory bowel disease or other inflammatory, infiltrative, infectious or vascular condition involving the lower gastrointestinal tract that, in the judgment of the investigators, may be worsened by study procedures or may significantly distort the anatomy of the distal large bowel * Significant laboratory abnormalities at baseline visit, including but not limited to: 1. Hgb ≤ 10 g/dL 2. PTT \> 1.5x ULN or INR \> 1.5x ULN 3. Platelet count \<100,000 4. Creatinine clearance \<60 * Any known medical condition that, in the judgment of the investigators, increases the risk of local or systemic complications of endoscopic procedures or pelvic examination, including but not limited to: 1. Uncontrolled or severe cardiac arrhythmia 2. Recent major abdominal, cardiothoracic, or neurological surgery 3. History of uncontrolled bleeding diathesis 4. History of colonic, rectal, or vaginal perforation, fistula, or malignancy 5. History or evidence on clinical examination of ulcerative, suppurative, or proliferative lesions of the anorectal or vaginal mucosa, or untreated sexually transmitted disease with mucosal involvement * Continued need for, or use during the 14 days prior to enrollment, of the following medications: 1. Aspirin or more than 4 doses of NSAIDs 2. Warfarin, heparin (low-molecular weight or unfractionated), platelet aggregation inhibitors, or fibrinolytic agents 3. Any form of rectally administered agent besides products lubricants or douching used for sexual intercourse * Continued need for, or use during the 90 days prior to enrollment, of the following medications: 1. Systemic immunomodulatory agents 2. Supraphysiologic doses of steroids 3. Experimental medications, vaccines, or biologicals * Intent to use HIV antiretroviral pre-exposure prophylaxis (PrEP) during the study, outside of the study procedures * Symptoms of an untreated rectal sexually transmitted infection (e.g. rectal pain, discharge, bleeding, etc.) * Current use of hormonal therapy * Any other clinical condition or prior therapy that, in the opinion of the investigator, would make the patient unsuitable for the study or unable to comply with the study requirements.",,include,Transgender population and GAHT intervention/exposure identified,include,Unverified legacy keyword heuristic: Transgender population and GAHT intervention/exposure identified,legacy_keyword_heuristic_unverified,,
NCT03060785,Finding the Right Tenofovir/Emtricitabine Regimen for Pre-Exposure Prophylaxis (PrEP) in Transgender Women,INTERVENTIONAL,COMPLETED,HIV Prevention,,DRUG: Tenofovir Disoproxil Fumarate/Emtricitabine,,"Inclusion Criteria: * TGW and cis men (male at birth and not a TGW) * 18 to 65 years of age, inclusive on the date of screening * Provides informed consent for the study * Non-reactive HIV test results within four weeks of enrollment * An estimated calculated creatinine clearance (eCcr) of at least 70 mL/min * Agrees to use condoms for all sexual events during study participation. * Taking daily oral Truvada® (Tenofovir disoproxil fumarate (TDF) 300 mg/Emtricitabine (FTC) 200 mg) for at least one week at the time of study PK sampling visit * TGW have to be on an estradiol and have a serum total estradiol level \> 100 picograms(pg)/ml Exclusion Criteria: * Significant colorectal symptom(s) as determined by medical history or by participant self-report * Participant-reported symptoms and/or clinical or laboratory diagnosis of active rectal infection requiring treatment per current Centers for Disease Control (CDC) guidelines * A positive test for Herpes Simplex Virus -2 (HSV-2) (individuals with active lesions only) * Co-enrollment in any other HIV interventional research study (excluding behavioral only interventions) or prior enrollment in the active arm of a HIV vaccine trial. * Positive hepatitis B surface antigen (HBsAg) test * Interleukin therapy; medications with significant nephrotoxic potential, including but not limited to amphotericin B, aminoglycosides, cidofovir, foscarnet and systemic chemotherapy; medications that may inhibit or compete for elimination via active renal tubular secretion (including but not limited to probenecid); systemic immunomodulatory medications * Participants with a history of having a gastrectomy, colostomy, ileostomy, or any other procedure altering the gastrointestinal tract or drug absorption * Medications that prolong clotting time * Any other condition or prior therapy that, in the opinion of the investigator, would preclude informed consent, make study participation unsafe, make the individual unsuitable for the study or unable to comply with the study requirements.",,include,Transgender population and GAHT intervention/exposure identified,include,Unverified legacy keyword heuristic: Transgender population and GAHT intervention/exposure identified,legacy_keyword_heuristic_unverified,,
NCT03078829,The Relation of GnRH Treatment to QTc Interval in Transgender Females,OBSERVATIONAL,TERMINATED,Gender Dysphoria,,DRUG: Treatment with a GnRh agonists — All patients will be treated with GnRH agonists,Transgender males to females meeting entrance criteria who receive care at UCSF CAGC (Child and Adolescent Gender Center) clinic in Mission Bay,"Inclusion Criteria: 1. Transgender males to females in pubertal stage Tanner stage 4-5 2. starting GnRH agonist treatment Exclusion Criteria: 1. Heart disease or arrhythmias at base line 2. Electrolyte abnormalities at baseline (abnormal serum levels of calcium, potassium or magnesium) 3. Failure to obtain informed consent from a parent or guarding or informed assent from a youth.",,exclude,Does not explicitly meet both criteria (Trans population + GAHT),exclude,Unverified legacy keyword heuristic: Does not explicitly meet both criteria (Trans population + GAHT),legacy_keyword_heuristic_unverified,,
NCT03081559,Improving Engagement in HIV Care for High-risk Women,INTERVENTIONAL,COMPLETED,"HIV/AIDS; Adherence, Medication",,BEHAVIORAL: Healthy Divas — Peer-based counseling to improve medication adherence and engagement in care,,"Inclusion Criteria: 1. 18+ years old; and 2. Assigned male sex at birth but does not currently identify as male; and 3. English- or Spanish-speaking; and 4. HIV+ confirmed via antibody testing; and 5. Evidence of suboptimal engagement in HIV care, as indicated by one or more of the following: 1. Not on ART; (b) If on ART, reporting less than perfect adherence on a validated adherence rating scale; or (c) Reporting no HIV primary care appointments in the prior 6 months. Exclusion Criteria: Evidence of severe cognitive impairment or active psychosis, as determined by the Project Director in consultation with the Principal Investigator.",,exclude,Does not explicitly meet both criteria (Trans population + GAHT),exclude,Unverified legacy keyword heuristic: Does not explicitly meet both criteria (Trans population + GAHT),legacy_keyword_heuristic_unverified,,
NCT03088631,Metformin in Intracytoplasmic Sperm Injection Cycles,INTERVENTIONAL,COMPLETED,Intracytoplasmatic Sperm Injection,,DRUG: Metformin — will receive metformin (1500 mg/day) starting with the commencement of oral contraceptive pills in the preceding cycle until the day of human chorionic gonadotropin triggering.; OTHER: Placebo — will receive corn-flour placebo tablets (three tablets daily).,,"Inclusion Criteria: * First or second trial ICSI cycle. * Age: 20 -38 years * BMI: patients with BMI ≥ 30 kg/m2 were advised to lose weight for 6 months through lifestyle modifications. * AMH ≥1 ng/ml * Basal FSH \< 10 IU/ml. * Normal uterine cavity evidenced by HSG or office hysteroscopy * Normal levels of prolactin and TSH before starting COS cycle Exclusion Criteria: * Patients with recurrent two or more failed intra-cytoplasmic sperm injection cycles. * Uterine anomalies or Synechiae. * Severe male factor infertility * Patients known to have diabetes, renal, liver disease, alcoholism, or drug abuse were excluded * Patients who were on metformin treatment were asked to have a one month washout period before study participation. * Poor responders",,exclude,Does not explicitly meet both criteria (Trans population + GAHT),exclude,Unverified legacy keyword heuristic: Does not explicitly meet both criteria (Trans population + GAHT),legacy_keyword_heuristic_unverified,,
NCT03120936,The Stay Study: A Demonstration Project Advancing PrEP Delivery in the San Francisco Bay Area Transgender Community,INTERVENTIONAL,COMPLETED,Transgender Persons; Pre-Exposure Prophylaxis,,"DRUG: Emtricitabine / Tenofovir Disoproxil Oral Tablet — Open-label emtricitabine 200mg/tenofovir 300mg; BEHAVIORAL: PrEP support — HIV/STI testing and counseling, adherence counseling, medical exams, safety monitoring, short message system (SMS), ie text message, and peer support, panel management.",,"Inclusion Criteria: * Self-identify as a transgender woman, transgender man, or gender non-conforming * Willing and able to provide written informed consent; * Age ≥ 18 years; * HIV-1-uninfected defined per site HIV testing algorithm performed within 7 (and up to 14) days of enrollment if PrEP naïve or within 90 days if currently on PrEP (see SSP manual) * Expressed desired to use or continue PrEP, anticipated risk, or evidence of risk for acquiring HIV-1 infection including having any cisgender male or transgender female partners in the past 12 months and not in a mutually monogamous partnership with a recently tested, HIV-negative partner AND at least one of the following; 1. any anal or vaginal sex in the past 12 months; or 2. any STI diagnosed or reported in the past 12 months; or 3. an ongoing sexual relationship with an HIV-positive partner; or 4. exchange of money, gifts, shelter, or drugs for sex * Fluent in English or Spanish Exclusion Criteria: * Individuals with any of the following will be excluded: * confirmed HIV infection by laboratory testing * clinical symptoms consistent with possible acute HIV infection \[fatigue, fever, rash, night sweats, and adenopathy\]; * underlying bone disease (osteopenia or osteoporosis) * Receipt of prohibited medications: interleukin therapy, medications with significant nephrotoxic potential (including but not limited to amphotericin B, aminoglycosides, cidofovir, foscarnet and systemic chemotherapy), and medications that may inhibit or compete for elimination via active renal tubular secretion (including but not limited to probenecid) * No prior or current participation in the active arm of an HIV vaccine trial with evidence of vaccine-induced seropositivity. * Unwilling to attend quarterly follow-up visits, which will include risk reduction/adherence counseling and repeat laboratory testing * Has any other condition that, based on the opinion of the investigator or designee, would preclude provision of informed consent; make participation in the project unsafe; complicate interpretation of outcome data; or otherwise interfere with achieving the project objectives.",,include,Transgender population and GAHT intervention/exposure identified,include,Unverified legacy keyword heuristic: Transgender population and GAHT intervention/exposure identified,legacy_keyword_heuristic_unverified,,
NCT03191474,Linkage of Transgender Individuals to PrEP,INTERVENTIONAL,COMPLETED,HIV Seronegativity; Linkage,,"BEHAVIORAL: T-POWr Intervention — All participants will be asked to complete a secure confidential online survey focusing on needs assessment. Participants in the T-POWr Intervention Arm will receive a client-centered case management consultation based on how the participant responds to the online survey. The T-POWr will refer participants to assistance services based on the needs assessment, including accessing general health care, health insurance, hormone replacement therapy, housing, mental health care, domestic violence care, substance use treatment, etc. Each resource is extensively vetted to assure a trans-friendly experience and will be tailored to each geographic area across the project enrollment sites. The study facilitates referrals for services but will not provide extensive and ongoing case management.",,Inclusion Criteria: * Age 18 years or older * Self-identifies as a transgender or gender non-conforming person * Self-identifies as HIV-negative or unknown status * Ability to provide informed consent * English or Spanish speaking Exclusion Criteria: * Severe active substance abuse or mental illness that the investigator feels will interfere with the ability to provide informed consent,,exclude,Does not explicitly meet both criteria (Trans population + GAHT),exclude,Unverified legacy keyword heuristic: Does not explicitly meet both criteria (Trans population + GAHT),legacy_keyword_heuristic_unverified,,
NCT03220152,Implementation of PrEP to HIV in Brazilian Transgender Women,INTERVENTIONAL,UNKNOWN,"HIV, Prevention",,DRUG: emtricitabine / tenofovir 200/300 mg — Fixed dose combination of emtricitabine / tenofovir 200/300 mg once daily orally during one year,,"Inclusion Criteria: * Male (at birth) AND transgender women identity; * Willing and able to provide informed consent in writing; * Age = or \> 18 years; * Not infected by HIV-1, in accordance with the flowchart of testing from Brazilian Ministry of Health; * Evidence risk for acquiring HIV-1, including any of the following: * Anal or vaginal sex without a condom with two or more men or transgender women in the last 12 months, or * 2 or more episodes of anal sex with at least one HIV+ sexual partner HIV + in the last 12 months, or * Sex with a man or trans woman and diagnosis or report of any of the following STDs in the last 12 months: syphilis, rectal gonorrhea or chlamydial infection in the rectum.; * Report of exchanging sex for money, presents, shelter or drugs. * Able to provide a residential address or contact phone itself, or two personal contacts who would know about his whereabouts during the study period demonstrative; * Adequate renal function: Creatinine clearance \> or = 60 ml / min, estimated by the formula modification of diet in renal disease (MDRD, from English 'Modification of Diet in Renal Disease') within 45 days of enrollment; * urine Tape with negative result or showing only traces of protein within 45 days prior to enrollment; Exclusion Criteria: * Signs or symptoms of acute HIV infection,which is confirmed by laboratory examination in subsequent samples; * Active and severe infections previously diagnosed, including active tuberculosis or osteomyelitis and all infections requiring parenteral antibiotics (except STD that require intramuscular injections of antibiotics); * clinically significant active medical problems, including heart disease poorly controlled (eg, symptoms ischemia, congestive heart failure) previously diagnosed malignancy, or which will require additional treatment; * Patients with positive tests for antigens of hepatitis B surface (HBsAg); * History of pathological bone fractures unrelated to trauma; * Patients using any of the following: ARV, including nucleoside inhibitors, non-nucleoside reverse transcriptase inhibitors, protease inhibitors and antiretroviral agents under study, treatment with interferon (alpha, beta, or gamma) or interleukin (e.g. ,IL-2), with potential significant nephrotoxic agents, other agents which may inhibit or compete for renal elimination via active tubular secretion (eg probenecid) and / or other agents under study; * Participation in a clinical trial using concomitant agents under investigation, including placebo-controlled trials using such agents; * Patients who have any condition at the time of inclusion in the study, according to the opinion of the investigator, may prevent the provision of informed consent, make study participation unsafe, complicate data interpretation, or interfere anyway with the achievement of project objectives.",,exclude,Does not explicitly meet both criteria (Trans population + GAHT),exclude,Unverified legacy keyword heuristic: Does not explicitly meet both criteria (Trans population + GAHT),legacy_keyword_heuristic_unverified,,
NCT03230084,Use of a Home-based PDG Urine Test to Confirm Ovulation,INTERVENTIONAL,COMPLETED,"Infertility, Female",,"DEVICE: Urine PDG test — Urine dipstick test that detects the presence of the urinary metabolite of progesterone, PDG.",,"Inclusion Criteria: * Females aged 18 to 42 years * Have had a menstrual cycle length of 25-35 days for the past 3 months * Are able to provide informed consent * Are willing to complete a trial diary Exclusion Criteria: * Have current or recent (in the past 6 months) use of any hormonal contraception (e.g. the Pill, Norplant, Depo Provera injections) * Have current or recent (in the past 6 months) breastfeeding * Have use of emergency contraception (e.g. the morning after pill or Plan B) in the past two menstrual cycles * Cannot medically receive frequent blood tests, for example due to a blood clotting disorder * Are pregnant at the time of enrollment to study * Plan to donate blood during the study",,exclude,Does not explicitly meet both criteria (Trans population + GAHT),exclude,Unverified legacy keyword heuristic: Does not explicitly meet both criteria (Trans population + GAHT),legacy_keyword_heuristic_unverified,,
NCT03259516,Nivolumab With Chemotherapy in Refractory MDS,INTERVENTIONAL,TERMINATED,Myelodysplastic Syndromes,,"DRUG: Nivolumab — 1 mg/kg by vein on Days 1 and 15 of a 28 day cycle; DRUG: Azacitidine — 75 mg/m2 subcutaneously on Days 1-7 of a 28 day cycle; DRUG: Fludarabine — 25 mg/m2 by vein on Days 1, 2 and 3 of a 28 day cycle. Dose reduction to 15 mg/m2 is permitted in cases of grade 4 hematological toxicity after first cycle.; DRUG: Cyclophosphamide — 300 mg/m2 by vein on Days 1, 2 and 3 of a 28 day cycle.; DRUG: Cytarabine — 10 mg/m2 subcutaneously two times a day on Days 1-10 of a 28 day cycle; DRUG: all trans retinoic acid — 45 mg/m2 per os daily during the whole course of treatment; DRUG: Sildenafil — 20 mg per os three times a day during the whole course of treatment; DRUG: Melphalan — 2 mg per os daily during the whole course of treatment",,"Inclusion Criteria: * Patients with myelodysplastic syndrome (MDS) (up to 20% blasts) of any risk. Patients with lower risk MDS (low and int-1 by IPSS) should have failed prior non-hypomethylating agent therapy (ie growth factors or lenalidomide). Patients with higher risk MDS (int-2 or high by IPSS) should have failed prior at least one therapy with a hypomethylating agent or Ara-C. * Age 18 years or older. * No severe organ dysfunction: creatinine \<=2.5 x ULN; serum bilirubin \<=2.5 x ULN; AST and ALT \<=5 x ULN. * Karnofsky index \>=70% * Females of childbearing potential must have a negative serum or urine beta human chorionic gonadotrophin (beta-hCG) pregnancy test result within 24 hours prior to the first dose of treatment and must agree to use an effective contraception to avoid pregnancy for 24 weeks * Males who have partners of childbearing potential must agree to use an effective contraceptive method during the study and for 24 weeks after the last dose of nivolumab. Exclusion Criteria: * Another malignancy requiring treatment at the time of inclusion * History of interstitial lung disease or pneumonitis * Patients with any other known concurrent severe and/or uncontrolled medical condition (e.g. uncontrolled diabetes; cardiovascular disease including congestive heart failure NYHA Class III or IV, myocardial infarction within 6 months, and poorly controlled hypertension; chronic renal failure; or active uncontrolled infection) which, in the opinion of the investigator could compromise participation in the study * Active, known or suspected autoimmune disease requiring treatment at the time of inclusion * Pregnancy or breastfeeding * Patients unwilling or unable to comply with the protocol * Somatic or psychiatric disorder making the patient unable to sign informed consent * Prior treatment with anti-PD-1, anti-PD-L1, or anti-CTLA4 therapy",,exclude,Does not explicitly meet both criteria (Trans population + GAHT),exclude,Unverified legacy keyword heuristic: Does not explicitly meet both criteria (Trans population + GAHT),legacy_keyword_heuristic_unverified,,
NCT03270969,A Pharmacokinetic Evaluation of Tenofovir/Emtricitabine as HIV Pre-Exposure Prophylaxis in Transgender Women,INTERVENTIONAL,COMPLETED,HIV Prevention,,DRUG: Tenofovir Disoproxil Fumarate/Emtricitabine — Participants will receive daily TDF/FTC for 14 days,,"Inclusion Criteria: * Evidence of a personally signed and dated informed consent document indicating that the participant has been informed of all pertinent aspects of the study. * Participants who are willing and able to comply with scheduled visits, treatment plan, laboratory tests, and other study procedures. * Self identify as a transgender woman. * Receiving estradiol (oral/sublingual tablets or transdermal patches) with oral spironolactone for at least 3 months prior to study entry. * Serum estradiol level \>100 pg/mL. * Non-reactive 4th or 5th generation screening test for HIV. * Adults (19 years or older). * Able to read and speak English to ensure appropriate ability to obtain informed consent. Exclusion Criteria: * Participants will not be included in the study if one, or more, of the following criteria are met: * Use of drugs known to be contraindicated with TDF, FTC, estradiol, or spironolactone within 30 days of study entry. The study team will review all concomitant medications at screening based on the US Department of Health and Human Services drug interaction table and the drug product labeling. * Use of injectable estradiol (valerate or cypionate). * Presence of any active condition or clinically significant disease that, in the investigator's opinion, would compromise the subject's safety or outcome of the study, including qualifying for non-occupational post-HIV exposure prophylaxis. * Signs or symptoms of acute HIV infection within the last 30 days. * Laboratory values obtained within 30 days prior to study entry: * Creatinine clearance (CrCl) less than 60 mL/min as estimated by the Cockcroft-Gault equation. * Positive hepatitis B surface antigen and/or hepatitis C antibody. * Alanine transaminase (ALT), Aspartate transaminase (AST) or alkaline phosphatase \> 5x the upper limit of normal (ULN). * Hemoglobin \<10 g/dL. * Platelets \<50,000/mm3.",,include,Transgender population and GAHT intervention/exposure identified,include,Unverified legacy keyword heuristic: Transgender population and GAHT intervention/exposure identified,legacy_keyword_heuristic_unverified,,
NCT03293771,Transgender Post-reassignment Urogynecologic Measures and Perceptions,OBSERVATIONAL,UNKNOWN,Gender Identity Disorder of Adult; Voiding Disorders; Sexual Dysfunction,"The intent of this mixed methods study for transgender women after gender confirmation surgery is to characterize and subsequently create a validated screening questionnaire for postoperative urologic and pelvic floor symptoms. For individuals who seek gender-confirming treatment, about 13% undergo genital surgery for cosmetic purposes with or without gonadectomy, and this number is increasing. Patient satisfaction following surgery is high, particularly regarding sexual and cosmetic outcomes; however, unexpected negative functional outcomes such as bowel and bladder dysfunction and pelvic organ prolapse impact overall patient satisfaction. The available information suggests that 16-33% of patients experience incontinence postoperatively, with stress predominance, 32-47% experience abnormal voiding, and 24-66% experience overactive bladder symptoms. Outside of the typically assessed voiding symptoms, unique complaints of MTF postoperative patients include obstructive voiding symptoms due to urethral stenosis, persistent perimeatal erectile tissue, prostatic hypertrophy, and irritation from neovaginal tissue. Additionally, may of these patients develop symptomatic neovaginal prolapse, requiring re-suspension. We suggest that further clarification regarding MTF postoperative urologic and pelvic floor complaints can be achieved via a mixed methods approach. By using focus group interviews to create specific evaluative questions for this unique population, we can then prospectively assess patients undergoing surgery via a national multicenter sampling strategy. The goal of the study is to better understand the unique symptoms these women experience and create a validated, reliable screening questionnaire to monitor patients after surgery.",OTHER: Focus group interviews — Focus group participants will be asked about their postoperative urogynecologic experience. Confidentiality will be enforced and participants will be made aware that they may opt out of answering any questions.; DIAGNOSTIC_TEST: Questionnaire packet — Participants will be asked to complete a questionnaire packet comprised of three previously validated questionnaires and one newly created focused questionnaire. They will be asked to complete the new questionnaire again 2 weeks later. We estimate about 10 minutes will be required to complete the packet.,"Stage 1 (Focus group) participants will be comprised of healthy volunteers from the transgender community who have completed male-to-female gender confirmation surgery. They will be recruited through local clinics, physician referral, or community support groups. Stage 2 (Questionnaire) participants will be recruited through multiple transgender centers at time of surgical scheduling or within 4 weeks after male-to-female gender confirmation surgery.","Inclusion Criteria: * Stage 1 -- Male-to-female transgender women who are at least 4 weeks postoperative following genital surgery for gender confirmation * Stage 2 -- Male-to-female transgender women who are scheduled to undergo surgery or are within 4 weeks postoperative * Both stages -- Minimum age 18 years old * Both stages -- English fluency * Both stages -- Reliable contact information and/or permanent residence Exclusion Criteria: * Preexisting pelvic pathology, including abnormal anatomy or baseline voiding dysfunction * Urinary or intestinal problems prior to surgery lasting greater than 6 weeks",,exclude,Does not explicitly meet both criteria (Trans population + GAHT),exclude,Unverified legacy keyword heuristic: Does not explicitly meet both criteria (Trans population + GAHT),legacy_keyword_heuristic_unverified,,
NCT03395574,Effect of Terlipressin on Cerebral Oxygen Saturation During Liver Transplantation,INTERVENTIONAL,COMPLETED,Terlipressin Adverse Reaction; Liver Transplantation,,DRUG: Terlipressin — drug will be given after 30 minutes of induction of anesthesia; DRUG: Normal saline — drug will be given after 30 minutes as placebo in control group,,Inclusion Criteria: * ASA II-IV undergoing orthotopic liver transplantation. * Age above 18 years. Exclusion Criteria: * Age below 18 years. * Patients on Terlipressin preoperative. * Patients known allergic to Terlipressin. * Portal vein thrombosis. * Ischemic heart disease. * Patients with T. bilirubin level above 7 mg/dl,,exclude,Does not explicitly meet both criteria (Trans population + GAHT),exclude,Unverified legacy keyword heuristic: Does not explicitly meet both criteria (Trans population + GAHT),legacy_keyword_heuristic_unverified,,
NCT03436992,Estrogen and Diabetes,INTERVENTIONAL,COMPLETED,"Diabetes Mellitus, Type 1",,"DIETARY_SUPPLEMENT: Antioxidant Cocktail — Vitamin C, Vitamin E, alpha lipoic acid; DIETARY_SUPPLEMENT: Resveratrol — 1500 mg trans-resveratrol; OTHER: Placebo — placebo",,"Inclusion Criteria: * Both men and premenopausal * Normal menstrual cycle interval of 25-35 days for at least 3 previous cycles * All races * Clinical diagnosis of insulin-dependent type 1 diabetes (patients only) Exclusion Criteria: * Clinical diagnosis of hepatic, cardiovascular, or renal disease * Uncontrolled Diabetes (HbA1c\>9%) * Diabetic complications (i.e. macrovascular, microvascular, or autonomic) * Proteinuria * Uncontrolled Hypertension (\>140/90 mmHg on therapy) * Hormonal use of birth control (past 3 months) * Pregnancy * Oligomenorrhea * Direct vasoactive medications (i.e. nitrates) * Anti-estrogens (i.e. SERMs) * Plycystic ovarian syndrome (defined by NIH guidelines-hyperandrogenic anovulation) * Undetectable Anti-Mullerian Hormone (AMH) following screening",,exclude,Does not explicitly meet both criteria (Trans population + GAHT),exclude,Unverified legacy keyword heuristic: Does not explicitly meet both criteria (Trans population + GAHT),legacy_keyword_heuristic_unverified,,
NCT03445910,Intrauterine Injection of Human Chorionic Gonadotrophin and Pregnancy Rate in ICSI,INTERVENTIONAL,COMPLETED,Repeated Implantation Failure,,DRUG: Human chorionic gonadotropin — intrauterine injected of 500 IU of hCG on the day of ovum pick-up and,,"Inclusion Criteria: A- Age between 20 and 35 years old. B- Patients undergoing ICSI trial after one or more previous failure. Exclusion Criteria: A- Females with any local cause, uterine pathology, e.g: uterine myoma or previous myomectomy, endometriosis or the presence of hydrosalpinges. B- Patients undergoing ICSI trial for the first time. C- Previous Asherman Syndrome.",,exclude,Cisgender/unrelated indication,exclude,Unverified legacy keyword heuristic: Cisgender/unrelated indication,legacy_keyword_heuristic_unverified,,
NCT03457233,The Impact of Body Weight on Reproductive Outcomes in Poor Ovarian Responders in ICSI Cycles,INTERVENTIONAL,UNKNOWN,Invitro Fertilization,,"DRUG: Gonadotropins — 1\) Gonadotrophines is started on day 2 with HMG(merional, IBSA) ,until the day of HCG administration; DRUG: GNRH antagonist — cetrorelix 0,25mg s.c is given using flexible protocol, it is given when at least one follicle reaches size 14 mm to prevent premature lutenization ,until the day of hCG administration; DRUG: Human chorionic gonadotropin Chorimon — 10000 IU of HCG are given intramuscular when 2 or more mature follicles reach 18 - 20 mm; DRUG: Natural progesterone — 400 mg vaginal tablets twice daily from the day of ovum pick up till HCG tesing",,"Inclusion Criteria: * 4- Poor responder according to ESHRE consensus; in which at least 2 of the following should be present: Advanced maternal age (≥ 40 years old) or any other risk factor A previous poor ovarian response (cycles cancelled or ≤ 3 oocytes with a conventional protocol)An abnormal ovarian reserve test (ORT); antral follicle count (AFC) \< 5-7 follicles or anti-mullerian hormone (AMH) ≤0.5- 1.1 ng/ml In the absence of advanced maternal age or abnormal ORT, two previous episodes of poor ovarian response after maximal stimulation patients are also considered poor responders according to ESHRE consensus. Presence and Adequate visualization of both ovaries Uterine cavity within normal anatomy assessed with HSG, hysteroscopy and TVUS Exclusion Criteria: Any factor which may affect reproductive outcome other than that the patient is a poor responder will be excluded from the study, like: 1. Severe male factor . 2. Uterine factor (eg: fibroid, polyp, Ashermann, .. etc) 3. Immunological disorder (eg: SLE, APS, … etc) 4. Thyroid or adrenal dysfunction 5. Neoplasia (especially: hypothalamic, pit, ovarian) 6. Women diagnosed with PCOS according to Rotterdam criteria 7. Hydrosalpinx that hasn't been surgically removed or ligated. 8. Untreated hyperprolactinemia 9. Abnormal bleeding disorder 10. Hepatic or renal dysfunction 11. Hypersenstivity to study medication ( GNRH antagonist) 12. Need to take medication that can influence ovarian stimulation 13. Endometriosis grade 3 or 4 14. Ovarian cyst\> 10 cm.",,exclude,Cisgender/unrelated indication,exclude,Unverified legacy keyword heuristic: Cisgender/unrelated indication,legacy_keyword_heuristic_unverified,,
NCT03465852,HIV Prevention Among Latina Transgender Women Who Have Sex With Men: Evaluation of a Locally Developed Intervention,INTERVENTIONAL,COMPLETED,HIV Infections,,"BEHAVIORAL: ChiCAS — Promotes access to and participation by HIV negative Hispanic/Latina transgender women who have sex with men in PrEP, medically supervised hormone therapy, and consistent condom use.",,"Inclusion Criteria: 1. Self-identify as male-to-female transgender or report having been born male and identifying as female; 2. Self-identify as Hispanic or Latina; 3. Are ≥ 18 years of age; 4. Report sex with at least 1 man in the past 6 months; 5. Are HIV negative (based on self-report and verification by HIV testing); 6. Are fluent in Spanish; and 7. Provide informed consent. Exclusion Criteria: (a) Having participated in any HIV prevention intervention within the past 12 months, including Chicas or other interventions co-developed by Wake Gorest University (HOLA en Grupos or HOLA). * Are ≥ 18 years of age;",,exclude,Does not explicitly meet both criteria (Trans population + GAHT),exclude,Unverified legacy keyword heuristic: Does not explicitly meet both criteria (Trans population + GAHT),legacy_keyword_heuristic_unverified,,
NCT03476356,L-Carnitine and Clomiphene Citrate for Induction of Ovulation in Women With Polycystic Ovary Syndrome,INTERVENTIONAL,COMPLETED,Polycystic Ovary Syndrome,,"DRUG: oral clomiphene citrate — oral clomiphene citrate 50 mg tablet, two times per day will be received from the third day of the cycle until the seventh day of the cycle.; DRUG: oral carnitine supplementation — oral carnitine supplementation 1g tablet, three times per day will be received from the third day of the cycle until the day of the pregnancy test.",,Inclusion Criteria: 1. Age ranging from 18-35 years. 2. Normal Hysterosalpingo-graphy (HSG). 3. Normal Semen analysis of the husband. 4. Diagnosed with PCOS based on the (ESHRE/ASRM) guidelines criteria (Rotterdam Criteria 2003). Exclusion Criteria: 1. Patient's refusal. 2. Male factors of infertility and/or abnormal HSG. 3. Hyperprolactinemia (prolactin ≥ 22 ng/dl). 4. FSH on day 3 \> 15 mIU/mL. 5. Gross ovarian pathology diagnosed by ultrasound.,,exclude,Cisgender/unrelated indication,exclude,Unverified legacy keyword heuristic: Cisgender/unrelated indication,legacy_keyword_heuristic_unverified,,
NCT03484611,Prediction of Metaphase II Oocytes According to Different Levels of Serum AMH in Poor Responders Using the Antagonist Protocol,INTERVENTIONAL,UNKNOWN,Invitro Fertilizaion,,"DRUG: GnRH antagonist — 0,25mg s.c, cetrotide, serono laboratories, Aubonne Switzerland) is given using flexible protocol, it is given when at least one follicle reaches size 14 mm to prevent premature lutenization ,until the day of hCG administration; DRUG: Gonadotropins — started on day 2 of the menstrual cycle until the day of HCG administration(choriomon,IBSA10000IU)with starting dose 300IU to 450IU; DRUG: Human chorionic gonadotropin — 10000 IU is given to induce final oocytes maturation when at least 2 follicles reached 14 mm or more; PROCEDURE: Embryo transfer — 0ne to three grade 1 or 2 embryos were transferred on day 3 after oocyte retrieval. Embryo transfer was performed with a Wallace catheter (Smith Medical International Ltd, Hythe, Kent, UK); DRUG: Progesterone — vaginal prontogest 400 mg twice daily",,"Inclusion Criteria: * 3- On antagonist protocol 4- Poor responder according to ESHRE consensus; in which at least 2 of the following should be present: * Advanced maternal age (≥ 40 years old) or any other risk factor * A previous poor ovarian response (cycles cancelled or ≤ 3 oocytes with a conventional protocol) * An abnormal ovarian reserve test (ORT); antral follicle count (AFC) \< 5-7 follicles or anti-mullerian hormone (AMH) ≤0.5- 1.1 ng/ml NB: In the absence of advanced maternal age or abnormal ORT, two previous episodes of poor ovarian response after maximal stimulation patients are also considered poor responders according to ESHRE consensus. * Presence and Adequate visualization of both ovaries * Uterine cavity within normal anatomy Exclusion Criteria: Any factor which may affect reproductive outcome other than that the patient is a poor responder will be excluded from the study, like: 1. Severe male factor . 2. Uterine factor (eg: fibroid, polyp, Ashermann, .. etc) 3. Immunological disorder (eg: SLE, APS, … etc) 4. Thyroid or adrenal dysfunction 5. Neoplasia (especially: hypothalamic, pit, ovarian) 6. Women diagnosed with PCOS according to Rotterdam criteria 7. Hydrosalpinx that hasn't been surgically removed or ligated. 8 . Untreated hyperprolactinemia 9 . Abnormal bleeding disorder 10.Hepatic or renal dysfunction 11.Hypersenstivity to study medication ( GNRH antagonist) 12.Need to take medication that can influence ovarian stimulation 13.Endometriosis grade 3 or 4 14.Ovarian cyst\> 10 cm.",,exclude,Cisgender/unrelated indication,exclude,Unverified legacy keyword heuristic: Cisgender/unrelated indication,legacy_keyword_heuristic_unverified,,
NCT03516747,Preoperational Fine Needle Aspiration of Pathological Parathyroid Gland,INTERVENTIONAL,WITHDRAWN,Parathyroid Adenoma; Hypercalcemia,,"DIAGNOSTIC_TEST: pre operative parathyroid hormone level measurement — At the clinic, the participants will undergo ultrasound examination with fine needle aspiration. The aspirated material will be sent for parathyroid hormone level measurement.; DIAGNOSTIC_TEST: pre operative parathyroid cytology — At the clinic, the participants will undergo neck ultrasound examination with fine needle aspiration. The aspirated material will be sent for cytology examination.; DIAGNOSTIC_TEST: parathyroid hormone level measurement — At surgery, after the pathologic gland is excised , the gland will be aspirated. The material will be sent for parathyroid hormone level measurement.; DIAGNOSTIC_TEST: parathyroid cytology — At surgery, after the pathologic gland is excised , it will be aspirated again for cytologic examination.",,Inclusion Criteria: * above 18 years old * participants that suffer from primary hyperparathyroidism with an indication for parathyroidectomy Exclusion Criteria: * Chronic renal failure * kidney transplant participant * MEN (multiple endocrine neoplasia) syndrome * pregnancy,,exclude,Does not explicitly meet both criteria (Trans population + GAHT),exclude,Unverified legacy keyword heuristic: Does not explicitly meet both criteria (Trans population + GAHT),legacy_keyword_heuristic_unverified,,
NCT03528135,Project PRIDE (Promoting Resilience In Discriminatory Environments),INTERVENTIONAL,COMPLETED,Human Immunodeficiency Virus; Sexually Transmitted Infections; Anxiety; Depression; Substance Use Disorders,"The specific aims are to: 1. Pilot test a randomized controlled trial of Project PRIDE for feasibility for subsequent research projects. A sample of 123 men aged 18-25 who identify as gay, bisexual, queer, or some other non-heterosexual identity, who are HIV negative, who report at least once instance of condomless anal sex in the absence of PrEP in the past 60 days, and who report drug use at least once in the past 60 days will be recruited and randomized to one of two conditions: 1. Project PRIDE: an eight-session primary HIV-prevention intervention; or 2. Wait-list control condition: after approximately 5 months, participants will receive Project PRIDE. 2. Test the feasibility of obtaining biological measures of stress, drug use, and HIV/sexually transmitted infection (STI) status. To examine the impact of the intervention on stress physiology, participants will provide saliva samples that will be used to assess diurnal stress (i.e., cortisol) at pre-test, post-test, and 3-month follow-up. To substantiate self-report measures, participants will provide urine samples that will be used to assess drug use. Participants will be tested for gonorrhea, and chlamydia at each time point by providing a separate urine sample, HIV via oral swab and for syphilis by providing a blood sample. 3. It is hypothesized that, compared to the wait-list control group, those in the treatment group will report significant reductions in mental health problems (depression, anxiety. loneliness), minority stressors (internalized homonegativity, sexual orientation concealment), substance use (drug and alcohol), condomless anal sex, number of sex partners, and stress-related biomarkers (salivary cortisol). In addition, compared to the wait-list control group, those in the treatment group will report significant improvements in self-esteem.",BEHAVIORAL: Project PRIDE — See arms section.,,"Inclusion Criteria: * Self-identification as male * Self-identification as gay, bisexual, queer, or some other non-heterosexual identity * Aged 18-25 * HIV-negative as assessed via OraQuick * Self-report of at least one instance of condomless anal or vaginal sex (insertive or receptive) while not taking Truvada for pre-exposure prophylaxis (PrEP) in the past 60 days * Self-report of drug use in the past 60 days * Willingness to complete HIV/STI test, drug test, questionnaires, and randomization * Willingness to collect and return saliva * Ability and willingness to stop prescription medication on the day of saliva collection * Proficient in English Exclusion Criteria: * Failure to meet any inclusion criterion will result in exclusion from the study",,exclude,Does not explicitly meet both criteria (Trans population + GAHT),exclude,Unverified legacy keyword heuristic: Does not explicitly meet both criteria (Trans population + GAHT),legacy_keyword_heuristic_unverified,,
NCT03557268,Pubertal Blockade and Hormone Therapy in Transgender Youth,OBSERVATIONAL,COMPLETED,Gender Identity; Gender Dysphoria; Gender Identity Disorder in Adolescence and Adulthood,,,16 female-to-male youth will be enrolled from 2 groups: 1) 8 female-to-male youth who have been on a gonadotropin-releasing hormone analogue for \> 6 months; 2) 8 female-to-male (age-matched) youth who never received gonadotropin-releasing hormone analogue therapy.,"Inclusion Criteria: * Identify as female-to-male * Age 13-16 years at the time of enrollment * If on a gonadotropin-releasing hormone analogue, \> 6 months exposure * Plan to start testosterone clinically in \< 6 months. Exclusion Criteria: * Cognitive, psychiatric, or physical impairment resulting in inability to tolerate the study procedures * Diabetes * Antipsychotic medication * Hypertension (resting BP ≥ 140/90 mm/Hg) * Weight \> 400 lbs (DXA and MRI limit) * On estrogen and/or progesterone medications",,include,Transgender population and GAHT intervention/exposure identified,include,Unverified legacy keyword heuristic: Transgender population and GAHT intervention/exposure identified,legacy_keyword_heuristic_unverified,,
NCT03572387,A Pilot Study of 5-AZA and ATRA for Prostate Cancer With PSA-only Recurrence After Local Treatment,INTERVENTIONAL,COMPLETED,Prostatic Neoplasms; Prostate Neoplasms; Prostate Cancer,,"DRUG: 5-Azacitidine — subcutaneously on days 1-5 at a dose of 40 mg/m\^2; DRUG: all trans retinoic acid — 45 mg/m\^2, will be taken orally on days 3-7 of each cycle, divided into two doses; DRUG: Lupron — 7.5 mg x 1",,"Inclusion Criteria: * Histologically confirmed adenocarcinoma of the prostate * Rising PSA * PSADT ≤ 10 months prior to initiation of ADT * No evidence of regional or active distant metastases, except for regional metastasis where salvage radiation therapy is not an option * Indication for ADT after receiving definitive local therapy * Males ≥ 18 years. * ECOG performance status of ≤ 2 * Men must agree to use a condom and not father a child or donate sperm for the duration of the study and for 90 days after completion of therapy * Ability to understand and the willingness to sign a written informed consent * Ability to adhere to the study visit schedule and requirements of the protocol Exclusion Criteria: * Patients who have received ADT and/or other chemotherapy within 3 months prior to entering the study. * Patients who have had radiotherapy or surgery within 4 weeks prior to entering the study. Minimally-invasive procedures for the purpose of diagnosis or staging of the disease are permitted. * Patients may not be receiving any other investigational agents. * Patients with known brain metastases should be excluded from this clinical trial because of their poor prognosis and because they often develop progressive neurologic dysfunction that would confound the evaluation of neurologic and other adverse events. * History of allergic reactions attributed to compounds of similar chemical or biologic composition to 5-AZA and ATRA. * Uncontrolled intercurrent illness including, but not limited to, ongoing or active infection, symptomatic congestive heart failure, unstable angina pectoris, cardiac arrhythmia, or psychiatric illness/social situations that would limit compliance with study requirements. * Significant active cardiac disease within the previous 6 months * Inadequate organ and marrow function as defined below: * leukocytes ≤ 3,000/mcL * absolute neutrophil count ≤ 1,500/mcL * platelets ≤ 100,000/mcl * total bilirubin above normal institutional limits * AST(SGOT)/ALT(SPGT) ≥ 2.5 X institutional upper limit of normal * creatinine above normal institutional limits",,exclude,Oncology indication not related to transgender health,exclude,Unverified legacy keyword heuristic: Oncology indication not related to transgender health,legacy_keyword_heuristic_unverified,,
NCT03593317,Blockade of the Renin-angiotensin-aldosterone System in Patients With ARVD,INTERVENTIONAL,RECRUITING,Arrhythmogenic Right Ventricular Dysplasia,,DRUG: Spironolactone — The doses used in the study are the doses used in standard clinical practice. Initial dose is 25 mg/day until study end . The duration of treatment for each patient is 12 months.; DRUG: Placebo — Placebo will be taken once a day at the same time of day. The duration of treatment for each patient is 12 months.,,"Inclusion Criteria: * \>18years old * Diagnosis of ARVD based on Task Force criteria. Two major criteria: 1 morphologic and one rhythmic or 1 major and 2 minor criteria established by the European Society of Cardiology/International Society and Federation of Cardiology. * Left Ventricular Ejection Fraction \>40% * Written informed consent. Exclusion Criteria: * Patients under judicial protection. * Female patient who is pregnant or lactating, or is of child bearing potential (defined as a sexually mature woman not surgically sterilized or not post-menopausal for at least 24 consecutive months if ≤ 55 years or 12 months if \> 55 years) and who did not agree to use highly effective methods of birth control throughout the study. * No health insurance. * Right heart failure patient (RV volume\>150ml). * Spironolactone contraindication: anuria, hyperkalemia (K+\>5 mmol/l), renal failure (DFGCréat\>22 mL/min/1,73 m2), end-stage liver failure, Addison's Disease, hypersensitivity to spironolactone or to any of the excipients (patients with galactose intolerance, lapp lactase deficiency or glucose or galactose malabsorption syndrome), association with eplerenone, association with other hyperkalemic diuretics, association with potassium salts, not recommended in cirrhotic patients (natraemia\<125 mmol/l) or in patients likely to present an acidosis. * Mandatory indication for a combination of ACE inhibitor and sartan or renin inhibitor (each authorized separately). * Acute phase of systemic disease. * Uncompensated hypothyroidism. * Acute hyperthyroidism. * Normal right ventricular volume. * Heart transplantation. * Swallowing disorders. * Participation in any other interventional clinical investigation that may have an impact on our study.",,exclude,Does not explicitly meet both criteria (Trans population + GAHT),exclude,Unverified legacy keyword heuristic: Does not explicitly meet both criteria (Trans population + GAHT),legacy_keyword_heuristic_unverified,,
NCT03595956,Transgender Cohort Study of Gender Affirmation and HIV-related Health,OBSERVATIONAL,UNKNOWN,"HIV/AIDS; STI; Gender Dysphoria; Transsexualism; Gender Identity; Depression, Anxiety",,OTHER: Medical gender affirmation — The intervention to be evaluated is medical gender affirmation delivered in primary care (medical gender affirmation: hormones and/or surgery vs none).,"A total of 4,500 participants (46% people of color; 45% transgender women, 33% transgender men; 22% nonbinary individuals) will be enrolled across both study sites.","Inclusion Criteria: * Age 18 years or older; * Have a gender identity differing from their assigned sex at birth (verified at screening via two-step method cross-categorizing natal sex and gender identity); * Current or new primary care patient at Fenway Health or Callen-Lorde Community Health Center (primary care patients are defined as those who had at least one medical visit in a 12-month period); * Able to read, speak, and understand English and/or Spanish; * Willing and able to provide informed consent. Exclusion Criteria: * Under 18 years of age; * Unable to read, speak, and understand English and/or Spanish; * Unable to provide informed consent due to severe mental or physical illness, or substance intoxication at the time of consent.",,exclude,Does not explicitly meet both criteria (Trans population + GAHT),exclude,Unverified legacy keyword heuristic: Does not explicitly meet both criteria (Trans population + GAHT),legacy_keyword_heuristic_unverified,,
NCT03602222,An LGBT-Competency Program for Mental Health Professionals in Romania,INTERVENTIONAL,COMPLETED,"Stigma, Social; Gays; Lesbians; Bisexuals; Gender Dysphoria","Lesbian, gay, bisexual and transgender individuals (LGBTI) present increased morbidity compared to the general population, which is attributed to healthcare discrimination and lack of LGBT-specific expertise, especially in high-stigma countries. Motivated by fear, Romanian LGBTI conceal their identities and report significantly more barriers to healthcare access than heterosexuals. Poor mental health, specifically anxiety and depression, is elevated for Romanian LGBTI, and associated with poor physical health (e.g., HIV risk, alcohol abuse.) However, LGBT-competent mental health professionals (MHPs) are nearly non-existent in Romania, and thus the negative impact of homophobia on mental health cannot be ameliorated. Given that a pilot of an in-person LGBT-affirmative MHP training recently tested in Romania showed significant receptivity and increased competence among MHPs, this training is ripe for testing its feasibility and efficacy in creating significant change via mobile delivery, in a randomized controlled trial (RCT). Proving the efficacy of this first mobile training and supervision model has high potential for cost-effective and expeditious boundless dissemination. Aim 1 will test the relative feasibility and efficacy of the mHealth MHP training by conducting an RCT comparing a mobile training (MT) of MHP LGBT-competency program (n=60) to the equivalent in-person training (IPT) (n=60) recently piloted. Both programs' content and structure will be identical (2-day trainings and two boosters 6 months apart). At baseline, 4, 8, and 12 months, all MHPs' LGBT-related attitudes, knowledge of LGBT health needs and clinical practice, and LGBT caseload will be assessed in a mobile fashion. In Aim 2 will test the efficacy of a companion mHealth supervision and consultation program in maintaining LGBT competency and enhancing LGBT-friendly practice. Half of the MHPs in each group will receive mHealth supervision and expert consultation program, consisting of monthly 2-hour virtual group meetings to discuss case studies, in order to determine the added benefit of mobile supervision. At the end of the study, 10 MHPs will provide interview-based program feedback. In Aim 3, the investigators will build mHealth research capacity among MHPs by demonstrating how to integrate mobile data collection tools in clinical practice to monitor client progress for personalized treatment plans.",BEHAVIORAL: Mobile web training LGBT mental health — Mobile web training LGBT mental health: Half of the participants were randomly assigned to receive the training in LGBT mental health in a the mobile fashion (on the web).; BEHAVIORAL: In-person training LGBT mental health — In-person training LGBT mental health: Half of the participants were randomly assigned to receive the training in LGBT mental health in-person.,,Inclusion Criteria: * Romanian practicing MHPs (psychologists or psychiatrists) or MHPs in training Exclusion Criteria: * All those who do not meet the inclusion criteria,,exclude,Does not explicitly meet both criteria (Trans population + GAHT),exclude,Unverified legacy keyword heuristic: Does not explicitly meet both criteria (Trans population + GAHT),legacy_keyword_heuristic_unverified,,
NCT03620734,Study to Determine Interaction Between the Use of Feminizing Hormone Therapy and Antiretroviral Agents Concomitantly Among Transgender Women,OBSERVATIONAL,COMPLETED,PrEP and ART,,,transgender women (TGW),"Inclusion Criteria: 1. Thai nationality 2. Age 18-40 years old 3. Male-to-female transgender individual 4. PrEP/ART naïve 5. Body mass index 18.5-25 kg/m2 6. Calculated creatinine clearance (CrCl) ≥60 mL/min, as estimated by the Cockcroft- Gault equation 7. Alanine aminotransferase (ALT) ≤2.5 x ULN 8. Have signed the informed consent form Exclusion Criteria: 1. Known history of allergy to hormonal or ARV component to be used in the study 2. Male-to-female transgender who underwent orchiectomy 3. Any of the following in HIV-infected participants * CD4 \< 350 cells/mm3 * History of psychiatric disorder that may be worsening by taking EFV 4. Previous use of injectable GAHT in the past 6 months 5. Current use of any of the following medication: * Anticonvulsant: Phenytoin, carbamazepine or phenobarbitol * Ergot-containing agents: dihydroergotamine, ergotamine or other ergot derivatives * Sedatives: Midazolam or triazolam * Herbs: Gingko biloba, St John's wort or milk thistle * Anti-infective agents: Erythromycin, clarithromycin, ketoconazole, itraconazole, rifampicin or rifabutin 6. Alcohol or drug use that, in the opinion of the investigator, would interfere with completion of study procedures",,include,Transgender population and GAHT intervention/exposure identified,include,Unverified legacy keyword heuristic: Transgender population and GAHT intervention/exposure identified,legacy_keyword_heuristic_unverified,,
NCT03637920,Sexuality in Transmen During Hormone and Operative Treatment,OBSERVATIONAL,UNKNOWN,Gender Dysphoria; Gender Identity Disorder; Transsexualism; Body Image; Sexuality,,,"The study includes biological women, who identify as men and are planning to go through gender reassignment. The participants age is between 18 and 50. Participants are recruited at the Medical University Hospital of Graz and the consulting center ""Courage"".",Inclusion Criteria: * Transsexualism (Female to Male) approved by a psychologist's oder psychiatrist's report * good German skills * fully competent * good computer skills Exclusion Criteria: * insufficient German * patient rejects the participation,,exclude,Does not explicitly meet both criteria (Trans population + GAHT),exclude,Unverified legacy keyword heuristic: Does not explicitly meet both criteria (Trans population + GAHT),legacy_keyword_heuristic_unverified,,
NCT03643120,Gender Dysphoria Among Adolescents (Norwegian Title: Kjønnsdysfori Blant Ungdom),INTERVENTIONAL,UNKNOWN,Gender Dysphoria,"The aim of this study is to explore how gender dysphoria is experienced among adolescents aged 13 - 18 from a clinical population. The method is qualitative, with a phenomenological approach. Qualitative in-depth data on how gender dysphoria is experienced by the adolescents themselves is lacking in the research literature. As a consequence the within perspective from the clients is lacking. In addition, one aim is to help develop further hypothesis and clinical theory and rationale.",OTHER: Qualitative interview — Explorative study of gender dysphoria.,,Inclusion Criteria: * Referred to the National Treatment Unit for Transsexuality/Gender dysphoria Exclusion Criteria: * Not referred to the National Treatment Unit for Transsexuality/Gender dysphoria,,exclude,Does not explicitly meet both criteria (Trans population + GAHT),exclude,Unverified legacy keyword heuristic: Does not explicitly meet both criteria (Trans population + GAHT),legacy_keyword_heuristic_unverified,,
NCT03651427,Cross-sex Hormone Therapy and Neuronal Plasticity,INTERVENTIONAL,UNKNOWN,Gender Dysphoria,,DRUG: Estradiol — Induced hypogonadism and re-institution of CSHT,,"Inclusion Criteria: * Transgender women * Age 18 to 60 years old. Exclusion Criteria: * Use of psychostimulant drugs * Use of Antidepressive, Mood Stabiliser, Anti-psychotic, Benzodiazepines, anti-convulsivants, Anorexigenic * Endocrinological disease (other than diabetes) * Arterial Hypertensive Disease of Diabetes Mellitus out of control target * Neurological disease, including stroke or recent cranial trauma with loss or consciousness * HIV with low CD4 or high viral charge or symptomatic AIDS * Neoplasia",,include,Transgender population and GAHT intervention/exposure identified,include,Unverified legacy keyword heuristic: Transgender population and GAHT intervention/exposure identified,legacy_keyword_heuristic_unverified,,
NCT03652623,"Transgender Youth and PrEP: PK, Safety, Uptake & Adherence - PK Study",INTERVENTIONAL,COMPLETED,HIV/AIDS; Gender; Behavior and Behavior Mechanisms,,"DRUG: TDF/FTC — In Phase 1, a PK study will be conducted to evaluate the differential PK of TDF/FTC in a cohort of transgender youth on cs-HT by conducting a PK trial of daily TDF/FTC among transgender women taking estradiol and transgender men taking testosterone (ages 15-24 years) using video-based directly observed therapy (DOT) to insure daily TDF/FTC adherence and maximize drug exposure.",,"Inclusion Criteria: * Self-identification as a transgender individual \[As determined by the two-step process of gender identification whereby potential participants will be asked their gender identity and sex assigned at birth\] * HIV-uninfected by EIA and viral load within 7 days of study entry * Creatinine clearance ≥ 60 mL/min by Cockroft Gault for ages ≥18 years (Schwartz equation for those \<18) * Willing to comply with all study procedures * On a stable dose of cs-HT for at least 2 months verified by clinical chart review and willing to not change doses for duration of PK study Exclusion Criteria: * Hospitalization within 30 days of study entry (elective procedures okay with team approval) * Condition (medical, psychological, or social) that, in the opinion of the study investigators, would preclude the participant from completing study-required procedures * Previous participation in an HIV vaccine study, unless the participant can document placebo arm assignment * Use of TDF/FTC in the past 3 months",,exclude,Does not explicitly meet both criteria (Trans population + GAHT),exclude,Unverified legacy keyword heuristic: Does not explicitly meet both criteria (Trans population + GAHT),legacy_keyword_heuristic_unverified,,
NCT03683043,Comparative Study Between ICSI Results in Transvaginal Ultrasound Guided Embryo Transfer and Transabdominal Ultrasound Guided Embryo Transfer,INTERVENTIONAL,UNKNOWN,Invitro Fertilization,,"DRUG: Long GnRH agonist protocol — 8\. The patients follow long protocol, which includes down regulation starting on day 21 of the previous cycle. The patient is seen after 14 days to confirm down regulation. Serum E2 ≤ 50 pg/ mL and no ovarian cysts observed in transvaginal US. 9\. Induction is started on day 3 of the current cycle by gonadotrophins (FSH and LH) daily IM or SC injections provided that the different preparations at the market can be used.; PROCEDURE: Embryo transfer — Cusco speculum was used to allow access to the cervix. The vagina was flushed by saline, and the cervical mucus is removed by Q-tips and/ or suction tubes. In few cases, where patients had long vaginae; two Sims' speculums were used to spread the vaginal anterior and posterior vaginal walls apart. In these cases, the attending nurse assisted the gynecologists during transfer The gynecologist asks the embryologist to load the embryos in the transfer catheter, and the gynecologist receives the loaded catheter from a window connecting the lab and operating room. In cases of trans-vaginal ultrasound guided embryo transfer the embryologist hands in the catheter to the gynecologists in the outer sheath and the gynecologist injects slowly the fluid containing the embryo/s. All patients are asked to rest for 30 minutes after the transfer",,"Inclusion Criteria: * Infertile female patients aged 20-37 years old undergoing IVF * Long protocol * Embryo transfer of fresh cycles D3 Exclusion Criteria: * Uterine abnormalities e.g. sub-mucous fibroid, or fibroids indenting the endometrium, polyps, Ashermann, etc. * Poor responders * Female patients ˃35 years old * Medical disorders e.g. DM, HTN * Immunological disorders e.g. SLE, APS * Cervical distortions * Thyroid or adrenal dysfunction * Endometriosis grade 3 or 4",,exclude,Cisgender/unrelated indication,exclude,Unverified legacy keyword heuristic: Cisgender/unrelated indication,legacy_keyword_heuristic_unverified,,
NCT03725280,Micro RNA Profile in the Ovarian Follicle Fluid of Transgender Men,OBSERVATIONAL,UNKNOWN,IVF; Fertility Preservation; Infertility,,PROCEDURE: IVF — None interventional study (Collection of ovarian follicular fluid during IVF treatment),"Transgender men before testosterone therapy Transgender men after testosterone therapy, Patients with polycystic ovarian syndrome (PCOS) and high testosterone levels undergoing IVF treatments Egg donors undergoing IVF treatments",Inclusion Criteria: \* Patients aged 18 and older. Exclusion Criteria: * Patients under 18 years old. * Patients who did not respond to hormone therapy and the IVF cycle was discontinued.,,include,Transgender population and GAHT intervention/exposure identified,include,"Record-level AI review: transgender men before versus after testosterone therapy are explicit study groups, making GAHT an exposure/comparison despite the IVF setting.",record_level_ai_review_2026-08-16,,
NCT03757117,Gender-Affirmative Transgender Care to Improve the HIV Treatment Cascade,INTERVENTIONAL,COMPLETED,HIV-1-infection,,DRUG: Feminizing hormone therapy — Estradiol valerate was initiated at 2 mg PO daily and increased to 4 mg after 4 to 12 weeks Antiandrogen therapy with spironolactone started at a dose of 50 mg PO daily and increased every 4 weeks to 200 mg daily; BEHAVIORAL: Peer navigation — Transgender women community peer navigation,,"Inclusion Criteria: * Self-identification as transgender man-to-woman (e.g., ""trans"", ""transgender"", ""transvestite"", or ""in the female trans man-woman spectrum) * 18 years of age or older * Unaware of HIV serostatus o living with HIV but not engaged in care * Be willing and able to provide written informed consent to participate, including the understanding of the importance of adhering to the requirements of the study protocol, especially in incorporating prevention, testing and treatment of HIV/STI with feminization hormone therapy with peer-to-peer healthcare navigator support. * Residence in the city of Lima * Laboratory values obtained within 21 days prior to their participation in the study: * Absolute neutrophil count ≥ 750 cells/mm3 * Hemoglobin ≥7.0 g/dL * Platelet count ≥50,000 cells/mm3 * Aspartate aminotransferase, alanine aminotransferase, and alkaline phosphatase ≤5 times below the lower limit of normal * Serum lipase ≤1.5 times below the lower limit of normal * Serum creatinine ≤1.4 times below the lower limit of normal * Calculated creatinine clearance (CrCl) ≥50 mL/min according to the Cockcroft-Gault formula Exclusion Criteria: * Medical evaluation resulting in a contraindication of the use of hormone therapy * Measure of non-conformity with his gender inconsistent with the identity of transgender woman * Allergy or sensitivity or known hypersensitivity to any component of hormones for feminization or their formulations * Use or active drug or alcohol dependence that in the investigator's opinion, would interfere with adherence to study requirements * Active tuberculosis * History of pancreatitis * Serious medical or psychiatric condition that in the investigator's opinion, would interfere with the ability to adhere to study requirements * Current treatment with any of the following drugs: * Systemic corticosteroids. A short cycle of less than or equal to 21 days of corticosteroids is allowed * Systemic chemotherapeutic agents * Systemic hepatotoxic or nephrotoxic agents * Immunomodulatory treatments * Investigational agents",,include,Transgender population and GAHT intervention/exposure identified,include,Unverified legacy keyword heuristic: Transgender population and GAHT intervention/exposure identified,legacy_keyword_heuristic_unverified,,
NCT03784404,Trans-vaginal Aspiration of Small Ovarian Endometrioma. Comparison of Two Different Techniques Before ICSI,INTERVENTIONAL,UNKNOWN,Ovarian Endometrioma,,"PROCEDURE: Transvaginal aspiration — under sedation transvaginal insertion of spinal needle through the cul de sac under ultrasonographic guidance to reach cyst cavity followed by aspiration of the chocolate material followed by irrigation of the cyst cavity with normal saline solution till complete elimination of the chocolate material; PROCEDURE: transvaginal aspiration and surgicel injection — under sedation transvaginal insertion of spinal needle through the cul de sac under ultrasonographic guidance to reach cyst cavity followed by aspiration of the chocolate material followed by irrigation of the cyst cavity with normal saline solution till complete elimination of the chocolate material follwed by insertion of 3-4 pieces of small surgicel inside the cyst cavity; DRUG: Intracytoplasmic sperm injection — Candidates for the standard long protocol received triptorelin 0.1 mg Subcutanous daily starting from day 21 of the previous cycle. On the second day of the stimulation cycle, pituitary downregulation was confirmed. Controlled ovarian stimulation was then started on day 3 using Human Menopausal Gonadotropin (Menogon; Ferring). The dose of gonadotropin was individualized. The patients were monitored with serial ultrasound and serum E2. When at least 3 follicles reached 18 mm, ovulation was triggered using Human Chorionic Gonadotropin 10000 IU (Epifasi 10000 IU; Eipico, Tenth of Ramadan, Egypt) IM and ovum pickup was performed 35 hours later. All cases received luteal support in the form of progesterone 400 mg twice daily. Embryo transfer was done on day 3 or 5 using Labotect semi-rigid catheter (Labotect GmbH, Kassel area, Germany) under abdominal ultrasound guidance.",,"Inclusion Criteria: * Subfertile women indicated for ICSI * having a single endometrioma of less than 5 cm with typical sonographic criteria; a cyst with 1 to 4 locules and ground glass appearance of the cyst fluid with no papillary projections and no or minimal vascularization of the cyst capsule. Since endometriotic cysts measuringmore than 1 cm are readily diagnosed by ultrasound,25 we chose a diameter of 2 cm as the lower limit to declare a cyst as endometrioma. * All cases had a normal uterine cavity demonstrated by ultrasonography and hysteroscopy. Exclusion Criteria: * bilateral or multiple endometriomas, lesions of more than 5 cm or showing atypical sonographic features presence of uterine pathology (eg, polyp or fibroid) * follicle-stimulating hormone (FSH) of more than 10, * body mass index of more than 30, age more than 40 years, * cases who received previous GnRH therapy for treatment of endometriosis within 12 months of the study * patients who received oral contraceptive pills or any form of hormones for the previous 3 months, * patients with previous surgical resection of endometrioma * severe male factor.",,exclude,Cisgender/unrelated indication,exclude,Unverified legacy keyword heuristic: Cisgender/unrelated indication,legacy_keyword_heuristic_unverified,,
NCT03789331,Anogenital Distance Differences Between Transgender Males and Female Individuals,OBSERVATIONAL,UNKNOWN,Sexual Orientation Conflict Disorder,,"OTHER: Anogenital distance measurement — The women were kindly asked to lay down in the lithotomy position with their thighs at 45° to the examination table. A digital caliper (Mitutoyo 500-752-10 ABSOLUTE Digimatic Coolant Proof Caliper 0-150mm / 0-6"", Mitutoyo Corporation, Japan) was used to measure anogenital distance. Anogenital distance anus to clitoris: will be measured in centimeters from the anterior clitoral surface to the center of the anus. Anogenital distance anus to fourchette: will be measured in centimeters from the posterior fourchette to the center of the anus. Two investigators who were blind to the gynecological status of the women will measure each distance three times, and the mean value of the six measurements of each anogenital distance will be used.","The study population will be healthy transgender male individuals whose gender identity (Male) are different from their birth-assigned sex (Female). These individuals are healthy biologically female persons and want to change their gender to male status. In Turkey, if a woman wants to change her gender, she has to bring a lawsuit against the birth registration office to change her gender to male status. Medico-legal assessments then have to be made at a tertiary gynecological center through the court. The participants will be invited to the study at the time of medico-legal evaluation before the sex reassignment surgery.","Inclusion Criteria: * Individuals who are 18-50 years old. * Healthy transgender male individuals whose gender identity (Male) are different from their birth-assigned sex (Female). The participants will be invited to the study at the time of medico-legal evaluation before the sex reassignment surgery. Exclusion Criteria: * Individuals who are older than 50 (People older than 50 cannot change their gender legally in Turkey). * Other sexual orientation disorders. (Lesbian, Gay, Bisexual, Queer, Intersex, or Asexual persons)",,exclude,Does not explicitly meet both criteria (Trans population + GAHT),exclude,Unverified legacy keyword heuristic: Does not explicitly meet both criteria (Trans population + GAHT),legacy_keyword_heuristic_unverified,,
NCT03826563,Melatonin Effects on Sleep and Circadian Rhythm in Youth and Young Adults With At-risk Symptoms,INTERVENTIONAL,COMPLETED,Psychosis; Sleep,,DRUG: oral melatonin tablets (NatureMade brand) — melatonin tablets; OTHER: Placebo — pill placebo,,"Inclusion Criteria: * Males or females age 11-30 years old and patient at the Children's Hospital of Philadelphia (CHOP), University of Pennsylvania (UPenn), or member of the surrounding community * Subthreshold psychosis-risk positive symptoms (e.g. hallucinations or unusual beliefs) on the Structured Interview of Psychosis-Risk Syndromes (SIPS) * At least mild sleep disturbances on the SIPS (\>=1 on the SIPS sleep item (G1)) with difficulties with * Must have difficulties with sleep onset, sleep awakenings, or maintaining a regular sleep schedule. * Willingness to report all changes in medications and therapy during the study * Intelligence Quotient (IQ) \> 70 * If female, not breastfeeding and not pregnant and willing to use effective birth control for the duration of the study (e.g. abstinence or oral contraception). * Medically healthy * Fluent in English Exclusion Criteria: * Psychiatric symptoms with imminent safety concern (e.g. intractable and escalating suicidal ideation) * Currently taking melatonin, having taken melatonin daily within the 2 weeks prior to Visit 1, or having a history of an intolerance or allergy to melatonin. * Medication or treatment changes in the 4 weeks prior to Visit 1 . * Anticipated medication or other treatment (e.g. type of psychotherapy) changes in the three weeks after study enrollment. * IQ \<70 * Taking any medication whose potential interactions with melatonin present a significant risk or limit the effect of melatonin in the judgment of the investigators.",,exclude,Does not explicitly meet both criteria (Trans population + GAHT),exclude,Unverified legacy keyword heuristic: Does not explicitly meet both criteria (Trans population + GAHT),legacy_keyword_heuristic_unverified,,
NCT03836027,Fertility Desires and Reproductive Needs of Transgender People,OBSERVATIONAL,COMPLETED,Fertility Preservation; Parenting; Gender Dysphoria,,OTHER: No intervention — No intervention,"Participation to the study will be proposed consecutively to all subjects, fulfilling inclusion criteria, attending in-office follow-up visit for gender dysphoria in the Department of Endocrinology, Diabetology and Nutrition of the University Hospital of Nancy","Inclusion Criteria: * Age ≥ 18 years * Follow-up in the Department of Endocrinology, Diabetology and Nutrition of the University Hospital of Nancy * Gender dysphoria according to the ICD 11 * Voluntary, informed consent to participate in research * Compulsory affiliation to the social security system Exclusion Criteria: -Refusal or incapacity to be involved in the study",,exclude,Does not explicitly meet both criteria (Trans population + GAHT),exclude,Unverified legacy keyword heuristic: Does not explicitly meet both criteria (Trans population + GAHT),legacy_keyword_heuristic_unverified,,
NCT03848234,"Estradiol Patch as add-on to Antipsychotics in Patients With Schizophrenia, Schizoaffective or Schizophreniform Disorder",INTERVENTIONAL,COMPLETED,Schizophrenia; Schizoaffective Disorder; Schizophreniform Disorders,,DRUG: Estradiol — 2 trans dermal patches to be changed twice a week for the duration of 8 weeks.; DEVICE: Placebo — 2 trans dermal patches to be changed twice a week for the duration of 8 weeks.,,"Inclusion Criteria: 1. Female, 18-45 years of age, inclusive 2. Willing and able to provide informed consent, after the nature of the study has been fully explained 3. Current DSM-IV-TR diagnosis of schizophrenia, schizoaffective or schizophreniform disorder as confirmed by modified SCID. 4. Total PANSS score \> 60 and (PANSS positive subscale \>15 and/or PANSS negative subscale \>15) 5. Must be on a stable dose of any antipsychotic drug, for at least 2 weeks prior to the baseline visit, at doses within the PORT criteria, whenever possible. Patients receiving higher doses will have their records reviewed to insure that their dose is required and, if possible, will be stabilized on a lower dose prior to study entry. 6. Patients who are physically and endocrinologically healthy, 7. Inpatients or outpatients. Inpatients will be randomized 3 days or more after admission Exclusion Criteria: 1. Unwilling or unable, in the opinion of the Investigator, to comply with study instructions 2. Pregnant or breast-feeding 3. Women who are menopausal. 4. Patients treated with oral estrogen preparations containing estradiol greater than 30 mcg. 5. Women who have known severe abnormalities in the hypothalamo-pituitary gonadal axis, thyroid disorders, severe medical conditions and disorders that would contraindicate estrogen use (breast cancer, migraine with aura or stroke) 6. History of endometrial cancer or breast cancer, vaginal bleeding between periods, untreated endometrial hyperplasia, previous or present thrombembolism, known thrombophilic disorders, abnormal liver function tests, porphyria. 7. History of 1st and 2nd grade family with breast or uterine cancer, 8. Likely allergy or sensitivity to estradiol. 9. Schizoaffective disorder in the manic phase. 10. At significant risk of committing suicide, or in the opinion of the Investigator, currently is at imminent risk of suicide or harming others. 11. Patients with a current DSM-IV substance or alcohol abuse. Patients with a history of and/or current recreational use of cannabinoids or alcohol, and/or patients who smoke cigarettes can be included. 12. Concurrent delirium, mental retardation, drug-induced psychosis, or history of clinically significant brain trauma documented by CT or MRI. 13. Patients receiving phenobarbital, phenytoin, carbamazepine, rifampicin, rifabutin, nevirapine, efavirenz, ritonavir and nelfinavir,or Hypericum perforatum",,exclude,Oncology indication not related to transgender health,exclude,Unverified legacy keyword heuristic: Oncology indication not related to transgender health,legacy_keyword_heuristic_unverified,,
NCT03864198,"To Evaluate the Effect of Reveratrol,Folic Acid, Vitamin D, Vitamin B12 and B6 in Male Infertility",INTERVENTIONAL,UNKNOWN,Male Infertility,,DIETARY_SUPPLEMENT: Genante — A dietary supplement for male infertility,,Inclusion Criteria: * male 18-50 years * oligozoospermia: \< 5 million spermatozoa/mL; * asthenozoospermia: \< 32% progressive motile spermatozoa; * teratozoospermia: \< 4% normal forms. Exclusion Criteria: * azoospermia * smoke * use drugs * use drugs with proven fertility toxicity * exposition to any environmental or occupational toxic substances * exposition to radiation or heat * orchitis secondary to mumps * sexually transmitted diseases * history of cryptorchidism * previous testicular torsion * genitourinary anomalies * alterations of the epididymis or deferens * inguinal surgery,,exclude,Does not explicitly meet both criteria (Trans population + GAHT),exclude,Unverified legacy keyword heuristic: Does not explicitly meet both criteria (Trans population + GAHT),legacy_keyword_heuristic_unverified,,
NCT03864913,Comparing Subcutaneous Testosterone to Intramuscular Testosterone in Gender Affirming Care of Transgender Male Adolescents,INTERVENTIONAL,COMPLETED,Health Services for Transgender Persons; Transgender Persons,,"DRUG: Testosterone injection — SQ or IM testosterone injections for pubertal induction of transgender male adolescents. Increasing doses per protocol at 3 month and 6 month follow up.; BEHAVIORAL: PedsQL questionnarie — Validated Pediatric Quality of Life questionnaire completed by subjects at baseline, 3 month and 6 month study visits.; OTHER: Masculinizing effects questionnaire — Subjects complete self-reported questionnaire at 3 month and 6 month study visits.; OTHER: Medication experience questionnaire — Subjects complete self-reported questionnaire at 3 month and 6 month study visits.",,Inclusion Criteria: * Testosterone naive * Transgender male * 14-19 years old Exclusion Criteria: * Transgender males who have received testosterone therapy in the past,,include,Transgender population and GAHT intervention/exposure identified,include,Unverified legacy keyword heuristic: Transgender population and GAHT intervention/exposure identified,legacy_keyword_heuristic_unverified,,
NCT03872648,TransCare - Genital Surgery for Trans Women in Centralized vs. Decentralized Health Care Delivery Settings,OBSERVATIONAL,UNKNOWN,Gender Dysphoria; Gender Identity Disorder; Transsexualism; Gender Identity,"Trans (i.e., transgender, transsexual) individuals experience a gender that does not match their sex assigned at birth (Gender Incongruence), which can lead to distress called gender dysphoria (formerly known as transsexualism). Trans health care (THC) is primarily focusing on transition-related medical interventions (e.g. genital surgery) to reduce gender dysphoria and improve the quality of life. To date, trans individuals access THC services in both decentralized (e.g., various transition-related interventions are spread over several locations) and centralized structures (e.g., gender affirmative medical treatments are provided by a single source). The TransCare study examines genital surgery for trans women (e.g. penile inversion vaginoplasty), focusing on the effect of different health care delivery settings (e.g., if patients received all treatments from a single source or spread over several locations) on psychosocial outcomes and the quality of healthcare.",,Trans woman seeking for surgical care at the Department of Urology at the University Medical Center Hamburg-Eppendorf,"Inclusion Criteria: * Age 16 years or older; * Gender different from their assigned male sex at birth * Current or new surgical care patient at Department of Urology at the University Medical Center Hamburg-Eppendorf * Able to read, speak, and understand German * Written informed consent after written and oral information Exclusion Criteria: * Under 16 years of age * Missing informed consent * Unable to speak German",,exclude,Does not explicitly meet both criteria (Trans population + GAHT),exclude,Unverified legacy keyword heuristic: Does not explicitly meet both criteria (Trans population + GAHT),legacy_keyword_heuristic_unverified,,
NCT03876145,The Four Methods of Ovarian Stimulation in Patients With Polycystic Ovarian Syndrome,INTERVENTIONAL,COMPLETED,Polycystic Ovary Syndrome; Ovarian Hyperstimulation Syndrome,,"OTHER: Minimal ovarian stimulation — After obtaining informed consent to participate in the study, the subjects will be randomly divided into the following 4 groups: The group of minimal ovarian stimulation with rec-FSH or HMG. The group of mild ovarian stimulation with rec-FSH or HMG. In all 4 experimental groups, after reaching at least three follicles the size of 12 millimeters (mm), daily administration of 0.25 milligram (mg) Cetrotide (antagonist GnRH) will be started and after reaching at least three follicles the size of 17 mm, 500 microgram Ovitrelle (recombinant Human curionic gonadotropin) will be prescribed. 36 hours later, ovulation process will be done. On the day of Ovitrelle administration, serum levels of estradiol and progesterone will be also evaluated. Based on the patient's condition and the quality of obtained oocytes and embryos, 2 embryos will be transferred.",,"Inclusion Criteria: 1. Infertile women with polycystic ovary syndrome based on Rotterdam criterion 2. 20\<Age\<38 3. BMI\<30 4. Non recurrent miscarriage 5. Non endocrine, hematologic and autoimmune disorders 6. Non chromosomal and genetic abnormalities 7. Non uterine anomalies, surgical history, endometriosis, adenomyosis, hydrosalpinx, uterine fibroids 8. Non azoospermia Exclusion Criteria: 1\. Patient's tendency for withdrawal",,exclude,Cisgender/unrelated indication,exclude,Unverified legacy keyword heuristic: Cisgender/unrelated indication,legacy_keyword_heuristic_unverified,,
NCT03878524,Serial Measurements of Molecular and Architectural Responses to Therapy (SMMART) PRIME Trial,INTERVENTIONAL,TERMINATED,"Accelerated Phase Chronic Myelogenous Leukemia, BCR-ABL1 Positive; Anatomic Stage IV Breast Cancer AJCC v8; Anemia; Ann Arbor Stage III Hodgkin Lymphoma; Ann Arbor Stage III Non-Hodgkin Lymphoma; Ann Arbor Stage IV Hodgkin Lymphoma; Ann Arbor Stage IV Non-Hodgkin Lymphoma; Atypical Chronic Myeloid Leukemia, BCR-ABL1 Negative; Blast Phase Chronic Myelogenous Leukemia, BCR-ABL1 Positive; Castration-Resistant Prostate Carcinoma; Chronic Phase Chronic Myelogenous Leukemia, BCR-ABL1 Positive; Hematopoietic and Lymphoid System Neoplasm; Locally Advanced Pancreatic Adenocarcinoma; Metastatic Breast Carcinoma; Metastatic Malignant Solid Neoplasm; Metastatic Pancreatic Adenocarcinoma; Myelodysplastic/Myeloproliferative Neoplasm With Ring Sideroblasts and Thrombocytosis; Myelodysplastic/Myeloproliferative Neoplasm, Unclassifiable; Primary Myelofibrosis; Recurrent Acute Lymphoblastic Leukemia; Recurrent Acute Myeloid Leukemia; Recurrent Chronic Lymphocytic Leukemia; Recurrent Chronic Myelogenous Leukemia, BCR-ABL1 Positive; Recurrent Hematologic Malignancy; Recurrent Hodgkin Lymphoma; Recurrent Myelodysplastic Syndrome; Recurrent Myelodysplastic/Myeloproliferative Neoplasm; Recurrent Myeloproliferative Neoplasm; Recurrent Non-Hodgkin Lymphoma; Recurrent Plasma Cell Myeloma; Recurrent Small Lymphocytic Lymphoma; Refractory Acute Lymphoblastic Leukemia; Refractory Acute Myeloid Leukemia; Refractory Chronic Lymphocytic Leukemia; Refractory Chronic Myelogenous Leukemia, BCR-ABL1 Positive; Refractory Chronic Myelomonocytic Leukemia; Refractory Hematologic Malignancy; Refractory Hodgkin Lymphoma; Refractory Malignant Solid Neoplasm; Refractory Myelodysplastic Syndrome; Refractory Myelodysplastic/Myeloproliferative Neoplasm; Refractory Non-Hodgkin Lymphoma; Refractory Plasma Cell Myeloma; Refractory Primary Myelofibrosis; Refractory Small Lymphocytic Lymphoma; Stage II Pancreatic Cancer AJCC v8; Stage III Pancreatic Cancer AJCC v8; Stage IV Pancreatic Cancer AJCC v8; Stage IV Prostate Cancer AJCC v8; Unresectable Pancreatic Adenocarcinoma",,"DRUG: Abemaciclib — Given PO; DRUG: Abiraterone — Given PO; DRUG: Afatinib — Given PO; BIOLOGICAL: Bevacizumab — Given IV; DRUG: Bicalutamide — Given PO; PROCEDURE: Biospecimen Collection — Undergo collection of biospecimens (including tissue, blood, or previously collected archival specimens); DRUG: Bortezomib — Given IV; DRUG: Cabazitaxel — Given IV; DRUG: Cabozantinib — Given PO; DRUG: Capecitabine — Given PO; DRUG: Carboplatin — Given IV; DRUG: Celecoxib — Given PO; DRUG: Cobimetinib — Given PO; DRUG: Copanlisib — Given IV; DRUG: Dabrafenib — Given PO; DRUG: Dacomitinib — Given PO; DRUG: Darolutamide — Given PO; DRUG: Dasatinib — Given PO; DRUG: Doxorubicin — Given IV; BIOLOGICAL: Durvalumab — Given IV; DRUG: Enasidenib — Given PO; DRUG: Entrectinib — Given PO; DRUG: Enzalutamide — Given PO; DRUG: Erlotinib — Given PO; DRUG: Everolimus — Given PO; DRUG: Fluorouracil — Given IV; DRUG: Idelalisib — Given PO; DRUG: Imatinib — Given PO; BIOLOGICAL: Ipilimumab — Given IV; DRUG: Lenvatinib — Given PO; DRUG: Leucovorin — Given IV; DRUG: Lorlatinib — Given PO; DRUG: Losartan — Given PO; DRUG: Nab-paclitaxel — Given IV; DRUG: Neratinib — Given PO; BIOLOGICAL: Nivolumab — Given IV; DRUG: Olaparib — Given PO; DRUG: Oxaliplatin — Given IV; DRUG: Palbociclib — Given PO; DRUG: Panobinostat — Given PO; BIOLOGICAL: Pembrolizumab — Given IV; BIOLOGICAL: Pertuzumab — Given IV; DRUG: Ponatinib — Given PO; OTHER: Quality-of-Life Assessment — Ancillary studies; DRUG: Regorafenib — Given PO; DRUG: Ruxolitinib — Given PO; DRUG: Sirolimus — Given PO; DRUG: Sorafenib — Given PO; DRUG: Sunitinib — Given PO; DRUG: Trametinib — Given PO; BIOLOGICAL: Trastuzumab Emtansine — Given IV; DRUG: Tretinoin — Given PO; DRUG: Vemurafenib — Given PO; DRUG: Venetoclax — Given PO; DRUG: Vismodegib — Given PO; DRUG: Vorinostat — Given PO",,"Key Inclusion Criteria: * Ability to understand and the willingness to sign a written informed consent document * Participants \>= 21 years old at time of informed consent. Both men and women and members of all races and ethnic groups will be included * Participants, both men and women, must agree to use an adequate method of contraception prior to study entry, for the duration of study participation, and for 4 months after completion of study * Women of childbearing potential must have a negative serum or urine pregnancy test within 14 days prior to start of study drug administration * Patients must have a histologically or cytologically-confirmed metastatic solid tumor or hematological malignancy that has progressed as follows: * Patients with a solid tumor must have metastatic disease and have progressed on at least 1 line of established therapy that is known to provide clinical benefit, or for whom no standard curative therapy exists. Participants with newly diagnosed, unresectable, locally-advanced or metastatic pancreatic adenocarcinoma and are beginning first-line treatment with a course of chemotherapy are eligible OR * Participants must have a hematological malignancy that is advanced, relapsed, or refractory to at least 1 line of established therapy that is known to provide clinical for the treatment of their disease. Hematological disease included in this study are as follows: * Acute myelogenous leukemia (AML), or * Myelodysplastic syndrome (MDS), or * MDS/myeloproliferative neoplasms (MDS/MPN), or * Primary myelofibrosis (PMF) * Acute lymphoblastic leukemia (ALL) * Chronic myelogenous leukemia (CML) * Non-Hodgkin lymphoma (NHL) or Hodgkin's disease (HD) * Chronic lymphocytic leukemia (CLL)/small lymphocytic lymphoma (SLL) * Multiple myeloma (MM) * Participants with a metastatic solid tumor or advanced hematological malignancy whom, due to medical issues cannot receive standard therapy shown to prolong survival, will be eligible, if other eligibility criteria are met * Patients with a metastatic solid tumor or advanced hematological malignancy that actively refuse chemotherapy that is considered standard treatment for their cancer, despite being informed by the investigator about the treatment options, are eligible for this study on a case-by-case basis (in consultation with the principal investigator \[PI\]). Potential participants actively refusing chemotherapy must have had progression or refractory disease prior to starting study treatment, and their refusal must be documented * Participants must have measurable disease: * Patients with solid tumors must have measurable disease as defined by Response Evaluation Criteria in Solid Tumors (RECIST) version (v) 1.1. At least one lesion that can be accurately measured in at least one dimension (longest diameter to be recorded for non-nodal lesions and short axis for nodal lesions) as \>= 20 mm with conventional techniques or as \>= 10 mm with spiral computed tomography (CT) scan, per RECIST (v1.1) * Note: Participants with lesions on a bone scan that are considered distinctly metastatic will also be included * Patients with lymphoma must have at least one non-irradiated tumor mass \> 15 mm (long axis of lymph node) or \> 10 mm (short axis of lymph node or extranodal lesions) on spiral CT-scan * Patients with CLL must have presence of radiographically measurable lymphadenopathy (defined as the presence of \>= 1 nodal lesion that measures \>= 2.0 cm in the longest diameter \[LD\] and \>= 1.0 cm in the longest perpendicular diameter \[LPD\] as assessed by CT or magnetic resonance imaging \[MRI\]) * Patients with MM must have at least one of the following: serum monoclonal component \> 1 g/dL (IgG), or \> 0.5 g/dL (IgA), or Bence-Jones (BJ) proteinuria \> 200 mg/24 hour, or measurable plasmacytoma (not previously irradiated) * Participants with a hematological malignancy must have their bone marrow biopsy and aspirate reviewed at Oregon Health \& Science University (OHSU) * Participants with a solid tumor must have lesions meeting the above criteria also and must be amenable to biopsy procedures performed per institutional standards * Participants must not currently be receiving any other investigational agents * Participants must have Eastern Cooperative Oncology Group (ECOG) performance status =\< 2 and a physician assessed life expectancy of \>= 6 months * Absolute neutrophil count (ANC) \>= 1,500/mcL (at time of registration and within 4 weeks prior to initiating on-protocol treatment) * Waived for those with hematological malignancy; and may be waived on a case-by-case basis for patient populations recognized to have normal baseline values below this level * Platelets \>= 100,000/mcL (at time of registration and within 4 weeks prior to initiating on-protocol treatment) * Waived for those with hematological malignancy * Hemoglobin \>= 9 g/dL or \>= 5.6 mmol/L (at time of registration and within 4 weeks prior to initiating on-protocol treatment) * Waived for those with hematological malignancy * Creatinine =\< 1.5 x upper limit of normal (ULN) OR measured or calculated creatinine clearance (glomerular filtration rate \[GFR\] can also be used in place of creatinine or creatinine clearance \[CrCl\]) \>= 60 mL/min/1.73 m\^2 for participants with creatinine levels \> 1 x institutional ULN (at time of registration and within 4 weeks prior to initiating on-protocol treatment) * Waived for those with hematological malignancy; and may be waived on a case-by-case basis for patient populations recognized to have normal baseline values below this level * Total bilirubin =\< 1.5 x ULN OR direct bilirubin =\< ULN for participants with total bilirubin levels \> 1.5 x ULN (at time of registration and within 4 weeks prior to initiating on-protocol treatment) * Creatinine clearance should be calculated per institutional standard. For participants with a baseline calculated creatinine clearance below normal institutional laboratory values, a measured baseline creatinine clearance should be determined. Individuals with higher values felt to be consistent with inborn errors of metabolism will be considered on a case-by-case basis * Aspartate aminotransferase (AST) (serum glutamic oxaloacetic transaminase \[SGOT\]) and alanine aminotransferase (ALT) (serum glutamate pyruvate transaminase \[SGPT\]) =\< 3 x ULN (at time of registration and within 4 weeks prior to initiating on-protocol treatment) * International normalized ratio (INR) or prothrombin time (PT) =\< 1.5 x ULN unless participant is receiving anticoagulant therapy as long as PT or partial thromboplastin time (PTT) is within therapeutic range of intended use of anticoagulants (at time of registration and within 4 weeks prior to initiating on-protocol treatment) * Activated partial thromboplastin time (aPTT) or PTT =\< 1.5 x ULN unless participant is receiving anticoagulant therapy as long as PT or PTT is within therapeutic range of intended use of anticoagulants (at time of registration and within 4 weeks prior to initiating on-protocol treatment) * Body mass index (BMI) \> \> 16.0 and \< 35.0 kg/m\^2 (at time of registration and within 4 weeks prior to initiating on-protocol treatment) * Participants with a BMI of \>= 30.0 will use ideal body weight indices in calculating the delivery of agents that are dosed based upon body surface area (i.e., mg agent/meter squared) or weight (i.e., mg agent/kg body weight) * Any prior therapy, radiotherapy (except palliative radiation therapy of 30 Gy or less), or major surgery must have been completed \>= 4 weeks prior to start of study treatment. All adverse events due to prior therapy must have resolved to a grade 1 or better (except alopecia and lymphopenia for all disease cohorts, and hematologic toxicity for those with a hematological malignancy) by start of treatment. Palliative radiation therapy must have been completed at least 2 weeks prior to start of treatment. The radiotherapy must not be to a lesion that is included as measurable disease * Additional cancer-specific inclusion criteria must also be met Key Exclusion Criteria: * Participants with metastases to the central nervous system that are considered uncontrolled and/or were diagnosed within the past 4 weeks of screening for this study * Participants cannot have an active malignancy of another cancer. Those with a history of prior malignancy will be considered on a case-by-case basis. Guiding examples for those who can be enrolled include: individuals who have been disease free for \> 5 years; individuals who are considered to have a high likelihood of being cured (e.g., prior history of stage 1 rectal cancer and currently otherwise disease free); adequately treated localized non-melanomatous skin cancer * Participants cannot be on other forms of anti-cancer therapy at the same time, except as described within this protocol. There must be at least a washout period that accounts for 5 half-lives (or \>= 21 days, whichever is longer) of last therapy * Participants with prostate cancer (PCa) will continue treatment with androgen deprivation therapy, either by prior castration or treatment with luteinizing hormone-releasing hormone (LHRH) antagonists or agonists, as is standard practice * Participants with breast cancer (BCa) who are HER2 positive may continue to receive anti-HER2 therapy per standard practice guidelines, while participants who are hormone receptor positive may continue to receive hormone therapy per standard practice guidelines * Participants with a hematological malignancy may continue to receive hydroxyurea or other hypomethylating agent for two cycles of SMMART-PRIME therapy, as described in this protocol * Uncontrolled intercurrent illness including, but not limited to, symptomatic congestive heart failure, unstable angina pectoris, serious cardiac arrhythmia, myocardial infarction within 6 months prior to enrollment, New York Heart Association (NYHA) class III or IV heart failure * Chronic graft versus host disease (GVHD) or on immunosuppressive therapy for the control of GVHD * Participants with uncontrolled infection will not be enrolled until infection is treated * Participant is seropositive with human immunodeficiency virus (HIV) or has active infection with hepatitis B virus (HBV) or hepatitis C virus (HCV) * HIV-infected patients on effective anti-retroviral therapy with undetectable viral load within 6 months are eligible for this trial * For patients with evidence of chronic HBV infection, the HBV viral load must be undetectable on suppressive therapy, if indicated * Individuals with a history of HCV infection must have been treated and cured. For patients with HCV infection who are currently on treatment, they are eligible if they have an undetectable HCV viral load * Participants with medical conditions, inclusive of psychiatric, that in the opinion of the investigators would jeopardize the patient or the study will be excluded * Participants that are pregnant or breast feeding * ON-TREATMENT: Individuals that have medical and/or psychiatric conditions that in the opinion of investigators would jeopardize participant safety or study integrity if they were to receive on-study treatment will not proceed further treatment and will be removed from study * ON-TREATMENT: If performance status is ECOG \> 2 * ON-TREATMENT: History of allergic reaction to a recommended study agent or its excipients * Additional cancer-specific exclusion criteria requirements",,exclude,Oncology indication not related to transgender health,exclude,Unverified legacy keyword heuristic: Oncology indication not related to transgender health,legacy_keyword_heuristic_unverified,,
NCT03899896,Voice Feminisation in Transgender Women,OBSERVATIONAL,COMPLETED,Speech Therapy; Transgender Women; Gender Dysphoria,"The voice is a reflection of our identity. In the case of transgender women, there may be a gap between perceived male voice and female appearance. Indeed, hormonal treatment in transgender women has no effect on the voice quality. This gap can have negative consequences on everyday life in banal situations such as telephonic contact leading to limited use of phone calls and social isolation. Differences between female and male voices seem to be socially determined and do not depend directly on sexual dimorphism of the phonatory organs. Speech therapy might thus be indicated as a vocal support for transgender women. Only few studies have examined the impact of perceived voice on the quality of life of transgender women.",,"Participation to the study will be proposed consecutively to all subjects, fulfilling inclusion criteria, attending in-office follow-up visit for gender dysphoria in the Department of Endocrinology, Diabetology and Nutrition of the University Hospital of Nancy","Inclusion Criteria: * Age ≥ 18 years * Follow-up in the Department of Endocrinology, Diabetology and Nutrition of the University Hospital of Nancy * Gender dysphoria according to the ICD 11 * Voluntary, informed consent to participate in research * Compulsory affiliation to the social security system Exclusion Criteria: -Refusal or incapacity to be involved in the study",,include,Transgender population and GAHT intervention/exposure identified,include,Unverified legacy keyword heuristic: Transgender population and GAHT intervention/exposure identified,legacy_keyword_heuristic_unverified,,
NCT03964779,Prevalence of Thyroid Dysfunction and Anti-thyroid Antibodies in Infertile Women,OBSERVATIONAL,UNKNOWN,"Infertility, Female",,DIAGNOSTIC_TEST: Hormonal assay — Measurement of Thyroid stimulating hormone; DIAGNOSTIC_TEST: Antibody assay — antithyroglobulin and antithyroid peroxidase,"120 women with infertility will be divided into three groups: * Group (A) consisting of 40 infertile women with either unexplained or anovulatory infertility with/without associated male factor of infertility, * Group (B) consisting of 40 infertile women with tubal (mechanical) factor of infertility with/without associated male factor of infertility, and * Group (C) consisting of 40 women with exclusive male factor of infertility and will be used as a control group.","Inclusion Criteria: * \- Age: 18 - 38 years * Infertile women whether due to functional, anatomical, male factors OR unexplained OR combined factors Exclusion Criteria: * \- Age: below 18 and above 38 years * Patients with autoimmune diseases (such as lupus and rheumatoid arthritis) * Acute illness that require hospitalization * Patients on the following medications: steroids, dopamine, iodine, amiodarone, lithium, donperidone, thyroid hormone, and phenytoin. * Patients who work at night.",,exclude,Does not explicitly meet both criteria (Trans population + GAHT),exclude,Unverified legacy keyword heuristic: Does not explicitly meet both criteria (Trans population + GAHT),legacy_keyword_heuristic_unverified,,
NCT03989778,Vitamin D and Polycystic Ovarian Syndrome (PCOS),INTERVENTIONAL,RECRUITING,"Infertility, Female; Infertility; Vitamin D Deficiency",,DRUG: Vitamin D — Vitamin D supplementation,,"Inclusion Criteria: * Females with age range 18- 36 years, from all ethnic background having primary infertility with diagnosis of PCOS when at least 2 of these 3 elements are present: hyperandrogenism, chronic anovulation and polycystic ovaries and Vitamin D deficiency serum levels \< 25 nmol/L Exclusion Criteria: exclusion criteria at baseline will be excluded from the study * Females with secondary Infertility * Hypercalcemia (plasma calcium concentrations\> 2.65 mmol/L) * Exclude women with Tuberculosis or other granulomatous disorders. * Women receiving vitamin D replacement, oral contraceptives, hormonal replacement therapy, glucocorticoids, calcium supplementation, insulin-sensitizing drugs(incretin mimetic drugs, thiazolidinedione, sulfonylurea), lipid-lowering drugs or other drugs affecting insulin sensitivity or serum androgens (e.g., niacin, corticosteroids, beta-blockers, calcium channel blockers, thiazide diuretics), anti-epileptics, anti-retroviral, cholestyramine, anti-fungal, statins, H2 blockers, immunosuppressants, chemotherapeutic agents, antimicrobials (Rifampicin, isoniazid, hydroqychloroquin) or any other drug modifying lipid metabolism in the previous 3 months prior to study * Women with congenital adrenal hyperplasia, Cushing's syndrome, androgen-secreting tumors, type 2 diabetes mellitus, renal, hepatic or thyroid disorders, hyperparathyroidism, malabsorption syndromes, Chronic Kidney Disease Hepatic failure, cystic fibrosis, vaginal bleeding of unknown etiology Women Those who had Bariatric surgery will also be excluded.",,exclude,Cisgender/unrelated indication,exclude,Unverified legacy keyword heuristic: Cisgender/unrelated indication,legacy_keyword_heuristic_unverified,,
NCT04028219,Transgender In Transition,OBSERVATIONAL,RECRUITING,Gender Incongruence,,"DIAGNOSTIC_TEST: Online surveys — Psychometric measures within 14 online surveys, which is one at each assessment point (before and 3, 6, 9, 12, 24, 36, 48, 60, 72, 84, 96, 108, 120 months after hormonal therapy).",Individuals with gender incongruence undergoing gender-affirming hormone treatment,Inclusion Criteria: * diagnosis of gender incongruence (ICD-11) or gender dysphoria (DSM-5) * written informed consent following adequate oral and written Information * before gender-affirming hormonal treatment Exclusion Criteria: * pregnancy or breast-feeding,,exclude,Does not explicitly meet both criteria (Trans population + GAHT),exclude,Unverified legacy keyword heuristic: Does not explicitly meet both criteria (Trans population + GAHT),legacy_keyword_heuristic_unverified,,
NCT04036500,Transgender Estradiol,INTERVENTIONAL,COMPLETED,Transgender Persons,,DRUG: Estradiol — Patients will be given estradiol: 1 mg oral and 1 mg sublingual.,,"Inclusion Criteria: * Transgender male-to-female * Naive to hormone therapy * English speaker * 18 years of age or older Exclusion Criteria: * History of hormone replacement therapy * Orchiectomy * Needle phobia * Serious bleeding condition * Active deep vein thrombosis, pulmonary embolism or history of these conditions * Active or recent (e.g., within the past year) arterial thromboembolic disease (e.g., stroke, myocardial infarction) * Liver dysfunction or disease * History of breast cancer * Known sensitivity or allergy to any components of the medications used * Taking potent CYP3A4 inhibitors or inducers, as determined by team pharmacist * Taking a medication that may cause additional physical or mental harm if stopped",,include,Transgender population and GAHT intervention/exposure identified,include,Unverified legacy keyword heuristic: Transgender population and GAHT intervention/exposure identified,legacy_keyword_heuristic_unverified,,
NCT04050371,Study of Truvada for HIV Pre Exposure Prophylaxis Using Daily Directly Observed Therapy to Look at Potential Interactions Between Truvada and Hormone Therapy,INTERVENTIONAL,COMPLETED,HIV Prevention; Transgender Health,,DRUG: 200 mg emtricitabine and 300 mg tenofovir disoproxil fumarate — All study participants received daily observed therapy with FTC/TDF.,,"Inclusion Criteria: All subjects: * HIV antibody seronegative (negative HIV rapid test), * 18 years or older, * Has a smart phone with access to two-way video call capability, * Willingness to be contacted for a short call every day for 4 weeks, * Adequate renal function (creatinine clearance ≥ 60 ml/min estimated by the Cockcroft Creatinine Clearance Formula), * Provides written informed consent, For Transgender women: * Male assigned sex at birth, and self-reported current gender identity as ""woman"" or ""transgender women"", or other trans-feminine spectrum identity, * Current feminizing Hormone Therapy (HT) use for at least 6 months, For Transgender men: * Female assigned sex at birth, and self-reported current gender identity as ""man"" or ""transgender man"", or other trans-masculine spectrum identity, * Current masculinizing Hormone Therapy (HT) use for at least 6 months with testosterone Exclusion Criteria * Expects to change or discontinue current HT use during the 4 weeks study period, * Signs of symptoms of acute viral syndrome, * Use of FTC or TDF in the past 90 days * Receiving ongoing therapy with any of the following: AntiRetroviral Therapy, including nucleoside analogs, non-nucleoside reverse transcriptase inhibitors, protease inhibitors or investigational antiretroviral agents interferon (alpha, beta, or gamma) or interleukin (e.g., IL-2) therapy, aminoglycoside antibiotics, amphotericin B, cidofovir, systemic chemotherapeutic agents, other agents with significant nephrotoxic potential, other agents that may inhibit or compete for elimination via active renal tubular secretion (e.g., probenecid), and/or other investigational agents * Renal insufficiency documented as Creatinine Clearance \< 60 ml/min * For masculine-spectrum identifying persons, positive pregnancy test at screening * At enrollment, has any other condition or factor that, based on the opinion of the investigator or designee, would preclude provision of informed consent; make participation in the study unsafe; complicate interpretation of study outcome data; or otherwise interfere with achieving the study objectives.",,include,Transgender population and GAHT intervention/exposure identified,include,Unverified legacy keyword heuristic: Transgender population and GAHT intervention/exposure identified,legacy_keyword_heuristic_unverified,,
NCT04064671,ZEPHYR: A Study Evaluating Surgical Outcome After Implantation of the Zephyr ZSI 475 FTM Inflatable Penile Implant in the Neophallus After Female-to-male Sex Reassignment Surgery,OBSERVATIONAL,RECRUITING,Erectile Dysfunction; Gender Dysphoria,This study will look into the surgical outcome after implantation of the Zephyr ZSI 475 FTM in the neophallus.,"OTHER: Implantation of the Zephyr ZSI 475 FTM erectile implant — Until recently, all penile implants were manufactured for erectile dysfunction in biological males and thus presumed the presence of two corpora cavernosa. In 2016 however, the Swiss company, Zephyr Surgical Implants (ZSI), created a 3-piece inflatable erectile device specifically for female-to-male transsexuals: the Zephyr ZSI 475 FTM. This prosthesis has a realistic gland shape, only one cylinder, and a specific anchorage device made of titanium and silicone to anchor the system to the pubic bone of the patient. These specific features could potentially address the aforementioned issues with implanting erectile devices in the neophallus and hopefully lead to better surgical outcomes in these particular patients.","All female-to-male transsexual patients asking for the implantation of an erectile device are carefully counseled and during their visit, all available devices are discussed with their inherent benefits and drawbacks. If the patient independently chooses for the Zephyr ZSI 475 FTM erectile device, and if this patient meets the aforementioned inclusion criteria, he will be included in this study after voluntarily signing the written informed consent form.",Inclusion Criteria: * Voluntarily signed written informed consent according to the rules of Good Clinical Practice (Declaration of Helsinki) and national regulations. * Age ≥ 18 years. * Female-to-male transsexual patient. * Implantation of Zephyr ZSI 475 FTM erectile device. Exclusion Criteria: * Absence of signed written informed consent. * Age \< 18 years. * Biological males. * Patients opting for penile implants other than the Zephyr ZSI 475 FTM.,,exclude,Does not explicitly meet both criteria (Trans population + GAHT),exclude,Unverified legacy keyword heuristic: Does not explicitly meet both criteria (Trans population + GAHT),legacy_keyword_heuristic_unverified,,
NCT04066283,Effects of Aging and Gender-Affirming Hormone Therapy on Vascular Endothelial Function and Metabolic Profiles in Transgender Women,OBSERVATIONAL,COMPLETED,Transgender; Gender Identity; Vascular Stiffness; Vascular Inflammation; Insulin Sensitivity; Blood Pressure; Lipid Disorder; Appetitive Behavior,,OTHER: No intervention — There was no intervention in this study,Transgender women from the Denver metropolitan area and/or who utilize health care at University of Colorado Hospital.,Inclusion Criteria: * Aged 18-40 years old or 50-75 years old * Identify as a transgender woman * Have taken estradiol and spironolactone for at least one year * Currently taking oral or transdermal estradiol Exclusion Criteria: * Don't identify as a transgender woman * Not currently taking estradiol or spironolactone * Have been on estradiol and spironolactone for less than one year * History of orchiectomy * Current tobacco smoker * Current illicit drug use * History of prior or active estrogen-dependent neoplasms * Acute liver or gallbladder disease * Venous thromboembolism * Hypertriglyceridemia \>500 mg/dL * Fasted plasma glucose \>7.0 mmol/L or previously treated diabetes * Resting blood pressure \>140/90 mmHg,,include,Transgender population and GAHT intervention/exposure identified,include,Unverified legacy keyword heuristic: Transgender population and GAHT intervention/exposure identified,legacy_keyword_heuristic_unverified,,
NCT04071574,Comparative Study on the Efficacy of Ovarian Stimulation Protocols on the Success Rate of ICSI in Female Infertility,INTERVENTIONAL,COMPLETED,Female Infertility; Female Infertility Due to Ovulatory Disorder; Premature Ovarian Failure; Polycystic Ovary Syndrome; Female Infertility of Tubal Origin; Ectopic Pregnancy; Salpingitis; Female Infertility Due to Tubal Block; Female Infertility Due to Tubal Occlusion; Hydrosalpinx; Female Infertility - Cervical/Vaginal; Female Infertility Endocrine; Endometriosis; Fibroids; Congenital Uterine Anomaly; Infections Uterine; Female Infertility of Other Origin,,DRUG: Human Chorionic Gonadotropin (hCG) — Administration of hCG (10.000IU) for ovulation triggering; DRUG: Gonadotropins — Administration of Menotropin (hMG / FSH and LH at a 1:1 ratio) (150-225IU/day); DRUG: GNRH-A Triptorelin — Administration of Triptorelin (0.1mg/day); DRUG: GnRH antagonist — Administration of cetrorelix (cetrotide) or ganirelix (orgulatron) (0.25mg/day),,"Inclusion Criteria: * must not show any of the excluded criteria * Patients affected by female infertility due to particularly Ovulatory Disorder, Premature Ovarian Failure, Polycystic Ovary Syndrome, Tubal Origin, Ectopic Pregnancy, Salpingitis, Tubal Block/Occlusion, Hydrosalpinx, Cervical/Vaginal, Endocrine, Endometriosis, Fibroids, Congenital Uterine Anomaly, Infections Uterine, and Female Infertility of Other Origin * The selection of subjects' age must be group matched between protocols of treatment. Premature ovarian failure is defined as AMH (Anti Mullerian Hormone) ≤ 2 ng/mL. * Willing to collaborate and to attend to the clinical follow-ups for the next three years * Patients willing to sign informed consent * Able and willing to comply with all study requirements * Absence of genetic causes * Medically suitable to undergo ovarian stimulation * Normal serum chemistry and hematology screening tests * Negative human immunodeficiency virus (HIV), hepatitis B (HBV), hepatitis C (HCV) serology * No history of malignancy * Complete history \& physical examination Exclusion Criteria: * Subjects to be excluded from the study if the male (husband) had any male infertility problem(s) * Patients with any genetic abnormalities * Patients with histories of neurologic conditions including moderate or severe head injury, stroke, cerebral or bone damage or malignancies, brain abnormalities, learning disability, major medical or psychiatric illness, and metabolic/cardiovascular disease or evidence of cardiac/renal damage or malignancies, alcohol, loss of weight during the last 2 years, chemotherapy or immunosuppressive therapy. * Women aged 45 years and older, under 21 years",,exclude,Cisgender/unrelated indication,exclude,Unverified legacy keyword heuristic: Cisgender/unrelated indication,legacy_keyword_heuristic_unverified,,
NCT04077138,"Transgender Youth and PrEP: PK, Safety, Uptake & Adherence - Intervention Development",OBSERVATIONAL,COMPLETED,HIV/AIDS; Gender; Behavior and Behavior Mechanisms,,,Transgender women youth and transgender men youth at high-risk of acquiring HIV,"Inclusion Criteria: * HIV uninfected * Able to provide informed consent in English * Self-reports HIV transmission risk behavior including one or more of the following: a) condomless anal or vaginal intercourse, b) 3 or more sexual partners in the past 3 months, c) any diagnosis by self-report of a STI in the past 12 months, and e) any history of transactional sex work Exclusion Criteria: * Hospitalization within 30 days of study entry (elective procedures okay with team approval) * Condition (medical, psychological, or social) that, in the opinion of the study investigators, would preclude the participant from completing study-required procedures * Previous participation in an HIV vaccine study, unless the participant can document placebo arm assignment * Use of TDF/FTC in the past 3 months",,exclude,Does not explicitly meet both criteria (Trans population + GAHT),exclude,Unverified legacy keyword heuristic: Does not explicitly meet both criteria (Trans population + GAHT),legacy_keyword_heuristic_unverified,,
NCT04077151,"Transgender Youth and PrEP: PK, Safety, Uptake & Adherence - Demonstration Project",INTERVENTIONAL,COMPLETED,HIV/AIDS; Gender; Behavior and Behavior Mechanisms,,"BEHAVIORAL: PrEP Demonstration Project — In phase 2, a culturally, developmentally, and gender-affirmative intervention to increase uptake of and adherence to PrEP among TW and TM youth will be developed by incorporates the PK data from phase 1 and data gathered from focus groups and in-depth interviews with young transgender women and transgender men. During phase 3, this intervention will be given to the experimental arm and tested versus a standard-of-care control group.",,"Inclusion Criteria: * Self-identification as a transgender individual \[As determined by the two-step process of gender identification whereby potential participants will be asked their gender identity and sex assigned at birth\] * HIV-uninfected by EIA and viral load within 7 days of study entry * Creatinine clearance ≥ 60 mL/min by Cockroft Gault for ages ≥18 years (Schwartz equation for those \<18) * Willing to comply with all study procedures * On a stable dose of cs-HT for at least 2 months verified by clinical chart review and willing to not change doses for duration of PK study Exclusion Criteria: * Hospitalization within 30 days of study entry (elective procedures okay with team approval) * Condition (medical, psychological, or social) that, in the opinion of the study investigators, would preclude the participant from completing study-required procedures * Previous participation in an HIV vaccine study, unless the participant can document placebo arm assignment * Use of TDF/FTC in the past 3 months",,exclude,Does not explicitly meet both criteria (Trans population + GAHT),exclude,Unverified legacy keyword heuristic: Does not explicitly meet both criteria (Trans population + GAHT),legacy_keyword_heuristic_unverified,,
NCT04093518,Estradiol as add-on to Antipsychotics,INTERVENTIONAL,UNKNOWN,Schizophrenia; Schizoaffective Disorder; Schizophreniform Disorders,,DRUG: Estradiol — 2 transdermal patches to be changed twice a week for the duration of 16 weeks; DRUG: Placebo — 2 transdermal patches to be changed twice a week for the duration of 16 weeks,,"Inclusion Criteria: 1. Female above 38, up to 45 years of age, inclusive 2. Willing and able to provide informed consent, after the nature of the study has been fully explained 3. Current DSM-V diagnosis of schizophrenia, schizoaffective or schizophreniform disorder as confirmed by modified SCID. 4. Total PANSS score \> 70 and (PANSS positive subscale \>15 and/or PANSS negative subscale \>15) 5. Must be on a stable dose of any antipsychotic drug, for at least 2 weeks prior to the baseline visit, at doses within the PORT criteria, whenever possible. Patients receiving higher doses will have their records reviewed to ensure that their dose is required and, if possible, will be stabilized on a lower dose prior to study entry. 6. Patients who are physically and endocrinologically healthy, 7. Not menopausal as assessed by asking patients if they are menstruating 8. Inpatients or outpatients. Inpatients will be randomized 3 days or more after admission Exclusion Criteria: 1. Unwilling or unable, in the opinion of the Investigator, to comply with study instructions 2. Pregnant or breast-feeding 3. Women who are menopausal. 4. Patients treated with oral estrogen preparations containing estradiol greater than 30 mcg. 5. Women who have known severe abnormalities in the hypothalamo-pituitary gonadal axis, thyroid disorders, severe medical conditions and disorders that would contraindicate estrogen use (breast cancer, migraine with aura or stroke) 6. History of endometrial cancer or breast cancer, history of breast or uterine cancer, no history of 1st and 2nd grade family with breast or uterine cancer, vaginal bleeding between periods. 7. Likely allergy or sensitivity to estradiol. 8. Schizoaffective disorder in the manic phase. 9. At significant risk of committing suicide, or in the opinion of the Investigator, currently at imminent risk of suicide or harming others. 10. Patients with a current DSM-V substance or alcohol abuse. Patients with a history of and/or current recreational use of cannabinoids or alcohol, and/or patients who smoke cigarettes can be included. 11. Concurrent delirium, mental retardation, drug-induced psychosis, or history of clinically significant brain trauma documented by CT or MRI. 12. Patients receiving phenobarbital, phenytoin, carbamazepine, rifampicin, rifabutin, nevirapine, efavirenz, ritonavir and nelfinavir,or Hypericum perforatum.",,exclude,Oncology indication not related to transgender health,exclude,Unverified legacy keyword heuristic: Oncology indication not related to transgender health,legacy_keyword_heuristic_unverified,,
NCT04096053,Transgender Education for Affirmative and Competent HIV and Healthcare,INTERVENTIONAL,COMPLETED,"Stigma, Social; HIV/AIDS; Health Care Acceptability","Educational workshops are an efficacious strategy to increase healthcare providers' ability to provide gender-affirming care for transgender (trans) people. This strategy may also reduce healthcare providers' stigma towards trans people and people living with HIV. There is less evidence, however, of educational workshops that address HIV prevention and care among trans women. This protocol details the development and pilot testing of the TEACHH: Transgender Education for Affirmative and Competent HIV and Healthcare intervention that aims to increase gender-affirming HIV care competency among healthcare providers.This community-based research (CBR) project involves intervention development and implementation of a non-randomized multi-site pilot study with pre- post-test design. First, the investigators will conduct a qualitative formative phase involving focus groups with 30 trans women and individual interviews with 12 providers to understand HIV care access barriers for trans women and elicit feedback on a proposed workshop. Second, the investigators will pilot test the intervention with 90-150 providers (n=30-50x3 in-person settings). Primary outcomes include feasibility (e.g., completion rate), workshop satisfaction, and willingness to attend another workshop. Secondary pre- and post-intervention outcomes, assessed directly preceding and following the workshop, include perceived competency, intention to provide gender-affirming HIV care, and attitudes/biases towards trans women with HIV. Primary outcomes will be summarized as frequencies and proportions (categorical variables) and means and standard deviations (continuous variables). The investigators will conduct paired-sample t tests to assess pre- and post-intervention differences for secondary outcomes.",OTHER: TEACHH — See arm/group description.,,"Inclusion Criteria: * Workshop participants must be 18 years or older and identify as working at a location that provides health or social services to trans women or being in-training to work in health or social services (e.g., medical student, social work student). Workshop participants may include a mix of HIV- and non-HIV service providers. Exclusion Criteria: * Not fitting the above criteria.",,exclude,Does not explicitly meet both criteria (Trans population + GAHT),exclude,Unverified legacy keyword heuristic: Does not explicitly meet both criteria (Trans population + GAHT),legacy_keyword_heuristic_unverified,,
NCT04107480,PRolaCT - Three Prolactinoma RCTs,INTERVENTIONAL,UNKNOWN,Prolactinoma; Prolactin-Producing Pituitary Tumor,,"PROCEDURE: Endoscopic trans-sphenoidal adenoma resection — Neurosurgical consultation consists of at least one consult with a neurosurgeon and at least one consult with an endocrinologist with relevant experience. If the multidisciplinary team (MDT) agrees the patient is a good surgical candidate, the patient is asked consent for surgery, as is a custom part of preoperative requirements. When the patient decides not to have the surgery, (s)he will receive standard medical treatment, but will continue study follow up in the intervention group. Surgery only takes place if both the MDT and the patient agree to it and should then be planned within three months after randomization. Surgery is performed by one or two trained neurosurgeons in the hospital where the counseling took place. A standard, semi-protocolled, endoscopic trans-sphenoidal surgical resection of the prolactinoma is performed according to standard practice.; DRUG: Dopamine Agonists — The treating physician adheres to the treatment protocol in general, but has freedom to choose treatment to his/her ideas how to deliver best care. Current first line treatment consists of a dopamine agonists: cabergoline (currently the most used), bromocriptine or quinagolide. All dopamine agonists are taken orally, and the dosage may be raised based on its effect. It is usually titrated to achieve a normal or suppressed prolactin level and restoration of the gonadal axis. Dopamine agonist treatment is discontinued after 2 years of treatment, unless a normal prolactin level cannot be achieved. The dopamine agonist is restarted when prolactin levels rise after the medication is discontinued. In standard care, surgical treatment is reserved for patients who don't tolerate medication, or whose adenoma fails to show a sufficient response. Patients in the control group with an intolerance for dopamine agonists or an insufficient response may be offered surgery as part of standard care.",,"Inclusion Criteria: * At least 18 years of age. * A history of signs and symptoms compatible with the diagnosis prolactinoma. * New, recent (PRolaCT-1) or known diagnosis of hyperprolactinaemia, defined as a prolactin level 2 times the local laboratory maximum. At the time of randomization hyperprolactinaemia is still present, or was present \< 12 months before inclusion (PRolaCT-2 and PRolaCT-3). * No clear alternative explanation for hyperprolactinaemia, e.g. medication use. * Presence of a clearly identifiable (persisting) pituitary mass on MRI not invading the cavernous sinus and having an optimal chance to be completely resected (generally adenomas with a maximum diameter nog exceeding 25mm). A representative MRI at the time of randomization is required, this MRI should generally not be older than 12 months in PRolaCT-3 and 2 months in PRolaCT-1 and PRolaCT-2. * Competent and able to fill in questionnaires. * One of the following, dividing patients in to our three RCTs: * PRolaCT-1: no prior treatment for prolactinoma; * PRolaCT-2: treatment with a dopamine agonist for 4-6 months; or * PRolaCT-3: treatment with a dopamine agonist for at least 2 years. Exclusion Criteria: * Contraindication for one of the treatment modalities, e.g. severe side effect of cabergoline, contraindications to surgery, or a clear indication for surgical resection. * Pregnancy at the time of randomization. * Clinical acromegaly. * Prior pituitary gland surgery or radiotherapy to the pituitary gland area. * Severe renal failure (eGFR \<30 ml/min). * Insufficient understanding of the Dutch or English language. * Other medical conditions that to the opinion of the physician are not compatible with inclusion in a trial. Patients eligible for participation in one of the RCTs, but do not consent to randomisation or in whom there is a clear patient or physician preference for either DA treatment or surgery, are considered for participation in PRolaCT-O.",,exclude,Does not explicitly meet both criteria (Trans population + GAHT),exclude,Unverified legacy keyword heuristic: Does not explicitly meet both criteria (Trans population + GAHT),legacy_keyword_heuristic_unverified,,
NCT04128488,Effects of Gender-Affirming Hormone Therapy Among Transgender Women,OBSERVATIONAL,COMPLETED,Transgender Women; HIV/AIDS; Cardiovascular Diseases; Metabolic Disease; Coagulopathy,,"OTHER: Abdominal MR Imaging — Imaging to evaluate visceral adipose tissue and hepatic lipid content; OTHER: Cardiac MRI/MRS — Imaging to evaluate cardiac function and structure; OTHER: Oral Glucose Tolerance Testing — Blood testing to evaluate changes in glucose and insulin in response to oral glucose load; OTHER: Whole Body, Lumbar Spine, and Hip DEXA Imaging — Imaging to evaluate fat and lean body mass as well as bone mineral density",Transgender Women and Non-Binary Individuals,"Inclusion Criteria: * transgender women or non-binary individual * age ≥16 * For women with HIV only: on ART therapy for ≥3 months * initiation of testosterone suppression with spironolactone or leuprolide and estrogen therapy with oral 17-β estradiol, transdermal 17β estradiol, sublingual estradiol, intramuscular estradiol, or subcutaneous estradiol by medical provider Exclusion Criteria: * For women with HIV only: CD4 count\<50 * history of CAD, ACS, ASCVD risk score ≥ 7.5%, LDL-C ≥ 190, or angina (e.g. current indication for statin use) * history of heart failure * history of diabetes * eGFR \< 30 ml/min/1.73m2 * standard contraindication to MRI, including history of severe allergy to gadolinium or Dotarem * prior orchiectomy * gender-affirming hormone therapy for greater than 5 months directly prior to enrollment * current or past anti-platelet therapy or anti-coagulant therapy within the last 6 months •current or past statin therapy within the last 6 months * concurrent enrollment in conflicting research study",,include,Transgender population and GAHT intervention/exposure identified,include,Unverified legacy keyword heuristic: Transgender population and GAHT intervention/exposure identified,legacy_keyword_heuristic_unverified,,
NCT04149028,Platelet Rich Plasma Injection Into Ovary of Patients With Premature Ovarian Insufficiency,INTERVENTIONAL,COMPLETED,Premature Ovarian Failure,,PROCEDURE: PRP injection inside the ovary by laparoscoy. The injection volume is 2 ml — intraovarian injection of 2 mml of PRP by laparoscopic guide,,"Inclusion Criteria: * Premature ovarian insufficiency diagnosed by: * FSH\> 40 Amenorrhea Menopuasal symptoms Infertility Exclusion Criteria: * Refusal to participate Secondary POI due chemotherapy, surgery, or radiotherapy Previous treatment with PRP",,exclude,Does not explicitly meet both criteria (Trans population + GAHT),exclude,Unverified legacy keyword heuristic: Does not explicitly meet both criteria (Trans population + GAHT),legacy_keyword_heuristic_unverified,,
NCT04160364,Gender Dysphoria in Children and Adolescents : Parents' Perspectives,OBSERVATIONAL,UNKNOWN,Gender Dysphoria,"Gender dysphoria is defined as a persistent incongruence between an experienced gender and the assigned sex at birth Transgender and gender nonconforming persons desire to modify their appearance to be consistent with their self-identified gender identities. In non-binary people, contrary to binary transgender persons, self-identified gender identities do not fit the classical pattern male/female. During the last decennium, an increase in the number of young subjects, especially children and adolescents, referred to gender identity centres has been observed. A new nosological entity ""rapid-onset gender dysphoria in adolescents and young adults"" has recently been described in the literature, whose etiology has not been well understood. This growing demand of adolescents and young adults observed in the recent years is not well understood.",OTHER: qualitative study — qualitative research via guided interview,"The study will be proposed to parents of transgender children \<18 years of age followed in the endocrinology, diabetology and nutrition department of the University Hospital of Nancy on the occasion of the regular follow-up visit at the outpatient clinic ( consecutive recruitment).","Inclusion Criteria: * be a parent of a child \<18 years followed in the endocrinology department of the University Hospital of Nancy for gender dysphoria * be in stable couple * both parents agree to participate * capacity to communicate in French * Person who has received complete information on the organization of the research and who agreed to the exploitation of the data Exclusion Criteria: * Refusal to participate * Inability to be physically, psychologically or linguistically involved in the study",,exclude,Does not explicitly meet both criteria (Trans population + GAHT),exclude,Unverified legacy keyword heuristic: Does not explicitly meet both criteria (Trans population + GAHT),legacy_keyword_heuristic_unverified,,
NCT04195659,Chest Dysphoria in Transmasculine Spectrum Adolescents,OBSERVATIONAL,COMPLETED,Gender Dysphoria,,PROCEDURE: Mastectomy and chest masculinization — A surgical procedure in which the breasts are removed and the chest is given a masculine contour.,"Top surgery participants will be recruited from plastic surgery practices at Northwestern University, the Ann and Robert H Lurie Children's Hospital of Chicago, and the University of Illinois Chicago. Matched controls will be recruited from the Lurie Children's Hospital Gender and Sex Development Program.","Inclusion Criteria: * Assigned the female sex at birth * Affirmed gender identity of male, non-binary, or gender other than female * English-speaking * Undergoing top surgery or matches a top surgery participant on age and number of months on testosterone Exclusion Criteria: * Non English speaking * Unable to complete self-report questionnaires",,include,Transgender population and GAHT intervention/exposure identified,include,Unverified legacy keyword heuristic: Transgender population and GAHT intervention/exposure identified,legacy_keyword_heuristic_unverified,,
NCT04203381,Skeletal Health and Bone Marrow Composition Among Youth,INTERVENTIONAL,TERMINATED,Gender Dysphoria in Children; Puberty; Bone Development,,"DEVICE: GnRH Agonist — Forty participants who are transgender and who have been prescribed a gonadotropin-releasing hormone (GnRH) agonist by their physician will undergo magnetic resonance imaging (MRI), magnetic resonance spectroscopy (MRS), dual-energy x-ray absorptiometry (DXA) and peripheral quantitative computed tomography (pQCT) scans at baseline, at 12 months and at 24 months after initiation of the GnRH agonist therapy. This longitudinal observational study of two cohorts seeks to identify significant changes in bone marrow adiposity and bone density over 24 months. The same assessments will be obtained in 40 healthy control subjects matched for age, race/ethnicity and body mass index, all factors that are known to influence skeletal outcomes. The evaluations of bone marrow adiposity will be correlated with bone density measurements and the assessments of mood (validated anxiety and depression scales) and health-related quality of life, before and after pubertal blockade.",,"Inclusion Criteria: 1. Be willing to give informed consent/assent (parent or legal guardian able to provide informed consent) 2. Tanner Stage II/III 3. Age 9-14 years old for assigned male at birth (AMAB) and 9-13 for assigned female at birth (AFAB) 4. Current patient at the Boston Children's Hospital Transgender Clinic or Cincinnati Children's Hospital Medical Center Clinic, within six weeks of initiating pubertal blockade treatment (e.g., GnRH agonist- Lupron or Vantas) 5. Controls are matched on age within 2 years, race/ethnicity, sex assigned at birth and BMI within 25% Exclusion Criteria: The participant must not: 1. Have chronic disease known to affect skeletal metabolism (e.g. cystic fibrosis, celiac disease, sickle cell disease, inflammatory bowel disease etc.) 2. Receipt of other medications within previous 3 months known to affect skeletal metabolism (e.g., glucocorticoids, anticonvulsants, etc.) 3. Have metal implants or hardware in their body that would not allow them to get an MRI 4. Have a diagnosis of a developmental disorder or claustrophobia that would prevent them from undergoing an MRI",,exclude,Does not explicitly meet both criteria (Trans population + GAHT),exclude,Unverified legacy keyword heuristic: Does not explicitly meet both criteria (Trans population + GAHT),legacy_keyword_heuristic_unverified,,
NCT04217707,Transgender Therapeutic Support Groups,INTERVENTIONAL,WITHDRAWN,Gender Dysphoria in Adolescents and Adults,"This study seeks to explore the effects for transgender people undergoing surgical interventions of participating in pre/post-surgical therapeutic support groups in order to assess the value of adding these programs to hospital systems that are offering gender-affirming surgeries. Participation in either therapeutic support group is expected to increase subjective well-being, increase perceived social support, and decrease clinically significant mental health symptoms compared to participants' baseline scores. It is expected that perceived social support will mediate the relation between group participation and improved subject well-being and mental health scores. In addition, participation in the post-surgical therapeutic support group is expected to reduce the average number of emergency department visits for participants in the group compared with transgender patients, post-gender-affirming surgery, in the hospital as a whole.","BEHAVIORAL: Pre- and Post-Surgical Transgender Therapeutic Support Group — Participants will be patients drawn from already-existing therapeutic support groups for transgender patients who are hoping to undergo or have undergone gender-affirming surgeries. Participants will be assured that there will be no changes to their care or decisions about their surgeries if they elect not to participate in the research portion of the groups, but would still like to attend groups as a non-research participant. Prior to their first group session, participants will be arrive early to go over consent again and allow participants to sign the consent form and fill out baseline measures of the outcomes of interest. Following this, research participants will participate in the groups as usual, and after each of their first 8 attended sessions, will be asked to fill out outcomes of interest again. Length of time for them to attend 8 sessions will be capped at 6 months, and participants will be asked to fill out measures again at six months following their enrollment.",,Inclusion Criteria: * Transgender and gender non-conforming adults who take part in therapeutic support groups aimed at patients prior to and after gender-affirming surgical interventions. Exclusion Criteria: * Age \< 18 * Substance abuse as primary presenting problem and unable to maintain sobriety for group * Severe mental illness with acute psychosis or paranoia * Patients with a very high need for crisis management * Patients with diagnosis of Antisocial Personality Disorder * Patients with severe cognitive impairments.,,exclude,Does not explicitly meet both criteria (Trans population + GAHT),exclude,Unverified legacy keyword heuristic: Does not explicitly meet both criteria (Trans population + GAHT),legacy_keyword_heuristic_unverified,,
NCT04237467,Effects of Aging and Gender-Affirming Hormone Therapy on Vascular Endothelial Function and Metabolic Profiles in Transgender Men,OBSERVATIONAL,COMPLETED,Transgender; Gender Identity; Vascular Stiffness; Vascular Inflammation; Blood Pressure; Lipid Disorder; Appetitive Behavior,,OTHER: No intervention — There was no intervention.,Transgender men from the Denver metropolitan area and/or who utilize health care at University of Colorado Hospital.,Inclusion Criteria: * Aged 18-40 years old or 50-75 years old * Identify as a transgender woman * Have taken testosterone for at least one year * Currently taking testosterone parenterally (injections) or transdermally (patches or gels) Exclusion Criteria: * Don't identify as a transgender man * Not currently taking testosterone * Have been on testosterone for less than one year * History of hysterectomy/oophorectomy * Current tobacco smoker * Current illicit drug use * History of prior or active estrogen-dependent neoplasms * Acute liver or gallbladder disease * Venous thromboembolism * Hypertriglyceridemia \>500 mg/dL * Fasted plasma glucose \>7.0 mmol/L or previously treated diabetes * Resting blood pressure \>140/90 mmHg,,include,Transgender population and GAHT intervention/exposure identified,include,Unverified legacy keyword heuristic: Transgender population and GAHT intervention/exposure identified,legacy_keyword_heuristic_unverified,,
NCT04254354,"Transgender Men, Non-binary Persons and Testosterone Treatment BODY IDENTITY CLINIC",OBSERVATIONAL,RECRUITING,Transgenderism,,,Persons assigned female at birth (+18 years) that either use or want to use testosterone with the purpose of undergoing gender transformation. -,Inclusion Criteria: Transgender men Exclusion Criteria: none,,include,Transgender population and GAHT intervention/exposure identified,include,Unverified legacy keyword heuristic: Transgender population and GAHT intervention/exposure identified,legacy_keyword_heuristic_unverified,,
NCT04265885,Gender Dysphoria and Transition,OBSERVATIONAL,UNKNOWN,Gender Dysphoria,"Persons with gender dysphoria present the difficulties of access to health care. Little time is devoted to education of health professionals about the care of transgender persons. According to the proposal of the French Ministry of Social Affairs and Health there is a need to increase knowledge in this area and to improve the care of transgender people including prevention and screening. Similarly, little is known about social and medical needs of the transgender population. This project proposes to illustrate gender dysphoria through testimonies of transgender people with the aim to increase the investigator's understanding aout the needs and the desires of this population and to describe the process of medical and social transition.",OTHER: collection of testimonies from transgender people — guided interview,"The participation to the study will be offered consecutively to adult subjects with gender dysphoria followed in the department of endocrinology, diabetology and nutrition of the University Hospital of Nancy.","Inclusion Criteria: * Person affiliated to a social security system * Person having received complete information on the organisation of the research and having signed the informed consent * Person having carried out a prior clinical examination adapted to the research * Age\> 18 years * Diagnosis of gender incongruence (dysphoria) according to the international classification of diseases, revision 11 Exclusion Criteria: * Severe, uncontrolled psychiatric or somatic illness * Substance and alcohol addiction * Pregnancy",,exclude,Does not explicitly meet both criteria (Trans population + GAHT),exclude,Unverified legacy keyword heuristic: Does not explicitly meet both criteria (Trans population + GAHT),legacy_keyword_heuristic_unverified,,
NCT04283656,Evaluating Drug Interactions Between Doravirine With Estradiol and Spironolactone in Healthy Transgender Women,INTERVENTIONAL,COMPLETED,Transgender Health; Gender Dysphoria; Transgender Women; Human Immunodeficiency Virus,,"DRUG: Doravirine/Lamivudine/Tenofovir — 100mg/300mg/300mg orally for one dose, daily; DRUG: Spironolactone 100mg — 200mg orally for two doses, twice-daily; DRUG: Estradiol 2mg — 4mg orally for two doses, twice-daily; OTHER: Placebo — Placebo for one dose, daily",,"Inclusion Criteria: * Healthy self-identified transgender women (male-to-female) between 18-45 years old at the time of screening * Have not undergone an orchiectomy * Receiving oral estradiol and spironolactone for \>/= 3 months prior to study entry with a self-reported adherence to prescribed doses of \>/= 90% * Agree to abstain from alcohol consumption throughout the duration of the study * Be willing to briefly interrupt hormonal therapy prior to and during the study * If on pre-exposure prophylaxis (PrEP) therapy containing tenofovir alafenamide or tenofovir disoproxil fumarate, willing to discontinue PrEP at least 2 weeks before study start and for the duration of the study * Agree to use condoms for all sexual activity prior to the start and throughout the duration of the study * Evidence of a personal signed and dated informed consent document indicating that the participant has been informed of all pertinent aspects of the study Exclusion Criteria: * Presence of clinically significant acute or chronic disease, that in the investigator's opinion, would compromise the participant's safety during the study * Use of injectable or transdermal estradiol * Use of any other hormonal replacement therapy, wit h the exception of oral estradiol and spironolactone * Current use of any antiretroviral drug. This will not be exclusionary if participants reported discontinuing within 30 days of screening * Creatinine clearance \</= 60 mL/min, as estimated by the Cockcroft-Gault equation * Known anaphylactic or severe systemic reactions to any components of doravirine, lamivudine, or tenofovir disoproxil fumarate * Positive HIV, hepatitis B or Hepatitis C virus at screening. Evidence of prior hepatitis B infection and immunity is not exclusionary. Positive hepatitis C antibody with negative viral load or documented antiviral hepatitis C treatment with one post treatment non-detectable hepatitis C viral load is not exclusionary * Recent significant blood or plasma donation",,include,Transgender population and GAHT intervention/exposure identified,include,Unverified legacy keyword heuristic: Transgender population and GAHT intervention/exposure identified,legacy_keyword_heuristic_unverified,,
NCT04290286,"i2TransHealth: Interdisciplinary, Internet-based Trans Health Care",INTERVENTIONAL,COMPLETED,Gender Dysphoria; Gender Identity Disorder; Transsexualism; Gender Identity; Gender Incongruence,"i2TransHealth is a randomized controlled trial that investigates the outcomes of an internet-based health care approach for transgender and gender diverse (TGD) people. As a health services research project, i2TransHealth aims at reducing the structural disadvantage for TGD people \[people with transsexualism (TS: ICD-10), gender incongruence (GIC: ICD-11) and/or gender dysphoria (GD: DSM-5)\] living in areas lacking specialized transition-related treatment. Located at the Institute for Sex Research and in cooperation with the Interdisciplinary Transgender Health Care Center Hamburg (ITHCCH), both University Medical Center Hamburg-Eppendorf (UKE), i2TransHealth is an innovative intervention including video consultation and a 1:1 chat with clinical psychologists. By cooperating with the ITHCCH, general physicians and psychiatrists provide first and local access to the specialized treatment provided by the UKE. In the intervention group, the study participants are invited to use the i2TransHealth e-health platform including a video consultation hour every two weeks and a messenger between the video-meetings. In addition, they have the opportunity to receive medical support close to their home by licensed GPs and psychiatrists according to their needs (especially in case of a somatic or mental health crisis). The waiting group participants will be able to go forward with transition-related care after four months of study participation, as part of regular care. The primary outcome measure is a reduced symptomatology for TGD people (BSCL). Secondary outcome parameters include quality of life and patient satisfaction as well as healthcare-related costs and cost-effectiveness. Finally, based on a longitudinal design, it will be assessed if the physicians improve their TGD-related expertise by cooperating within the i2TransHealth-network.",OTHER: i2TransHealth — i2TransHealth: online intervention for TGD people,,"Inclusion Criteria: * Age 18 years or older * Gender different from their assigned sex at birth * resident at least 50 km outside Hamburg * present themselves with treatment needs (TS/GD) to one of the participating physicians in the i2TransHealth network, or direct contact with institute and/or e-health platform * receive the suspected diagnosis TS/GD during an initial interview in the UKE * can operate the video chat cognitively, verbally and auditory * Able to read, speak, and understand German * Written informed consent after written and oral information Exclusion Criteria: * Under 18 years of age * Missing informed consent * Unable to speak German * Indication for inpatient treatment, e.g. due to acute psychotic symptoms (self-report, Prodromal Questionnaire, PQ-B) or severe depressive symptoms (self-report, BDI-II ≥ 29) * Acute suicidal tendencies * Decrease in intelligence (IQ below 70) * Acute drug intoxication * Failure to meet technical requirements (no Internet access, lack of IT knowledge)",,exclude,Does not explicitly meet both criteria (Trans population + GAHT),exclude,Unverified legacy keyword heuristic: Does not explicitly meet both criteria (Trans population + GAHT),legacy_keyword_heuristic_unverified,,
NCT04309760,Developmental Correlates and Hormone Therapy Effects in Gender Dysphoria,INTERVENTIONAL,WITHDRAWN,Gender Dysphoria,,OTHER: MRI — Subjects will receive structural and functional (resting state) MRI,,"Inclusion Criteria: * gender dysphoric subjects MtF * right handed * androphilic orientation * without hormone therapy Control group of male subjects: * right handed * without any psychiatric or medical history * androphilic orientation Exclusion Criteria: * MRI contraindication * vulnerable adults * mental retardation * psychiatric or neurological disease including autism spectrum disorders, psychotropic medication * hormonal or genetic condition",,include,Transgender population and GAHT intervention/exposure identified,include,Unverified legacy keyword heuristic: Transgender population and GAHT intervention/exposure identified,legacy_keyword_heuristic_unverified,,
NCT04321551,Hormone Secretion in Transgender Males,INTERVENTIONAL,WITHDRAWN,Transgender; Healthy,,"DRUG: Testosterone Cyp 200Mg/Ml Inj (in Oil) — Depo-Testosterone Injection, for intramuscular injection, contains testosterone cypionate which is the oil-soluble 17 (beta)- cyclopentylpropionate ester of the androgenic hormone testosterone. Testosterone cypionate is a white or creamy white crystalline powder, odorless or nearly so and stable in air. It is insoluble in water, freely soluble in alcohol, chloroform, dioxane, ether, and soluble in vegetable oils. The chemical name for testosterone cypionate is androst-4-en-3-one,17-(3-cyclopentyl-1- oxopropoxy)-, (17ß)-. Its molecular formula is C27H40O3, and the molecular weight 412.61.; DRUG: Letrozole — Letrozole is a nonsteroidal aromatase inhibitor (inhibitor of estrogen synthesis). It is chemically described as 4,4'-(1H-1,2,4-Triazol-1- ylmethylene)dibenzonitrile. Letrozole is a white to yellowish crystalline powder, practically odorless, freely soluble in dichloromethane, slightly soluble in ethanol, and practically insoluble in water. It has a molecular weight of 285.31, empirical formula C17H11N5, and a melting range of 184°C to 185°C. Letrozole is available as 2.5 mg tablets for oral administration.",,"* Self-identified transgender or non-binary person assigned female at birth * No history of prior testosterone therapy * Regular menstrual cycles * Body mass index 18 - 35 * Hemoglobin greater than than 11 gm/dl at screening evaluation * Presence of uterus and both ovaries at time of consent * Able to provide informed consent * No current endocrine disease- including, but not limited to, pituitary disease, adrenal disease, androgen secreting tumor, polycystic ovary syndrome, diabetes, or untreated thyroid disease. * Absence of cancer and any renal, hepatic, or cardiac disease * No current use of endocrine modulating medications (including, but not limited to, progestin therapy, estrogen containing medications, metformin, insulin) * No history of radiation or surgery involving brain, abdomen, or pelvis",,include,Transgender population and GAHT intervention/exposure identified,include,Unverified legacy keyword heuristic: Transgender population and GAHT intervention/exposure identified,legacy_keyword_heuristic_unverified,,
NCT04326569,Copeptin in the Diagnosis of Post-operative Insipidus Diabetes After Pituitary Surgery,INTERVENTIONAL,COMPLETED,Pituitary Surgery,,OTHER: Blood sample — Blood sample to quantify copeptin,,inclusion criteria : adult patient patient undergoing pituitary surgery for tumour of the sellar region patient consenting to participate to the study patient enrolled in the national healthcare insurance program exclusion criteria : Patient with preoperative diabetes insipidus. Patient undergoing pituitary surgery for suspicion of craniopharyngioma Patient undergoing pituitary surgery for pituitary metastases Patient under 18 years,,exclude,Does not explicitly meet both criteria (Trans population + GAHT),exclude,Unverified legacy keyword heuristic: Does not explicitly meet both criteria (Trans population + GAHT),legacy_keyword_heuristic_unverified,,
NCT04336891,Effect of Testosterone Treatment on Clitoral Arteries' Hemodynamic Parameters.,OBSERVATIONAL,COMPLETED,"Hypoactive Sexual Desire Disorder; Vulvovaginal Disease; Menopause Related Conditions; Dyspareunia (Female Excluding Psychogenic); Hypoestrogenism; Arousal Disorders, Sexual",,"DRUG: Testosterone gel — Transdermal 2% T gel applied once daily to the thighs or lower abdominal/pubic area (300 mcg T per day) for 6 months; DRUG: Estradiol ovules — Intravaginal estradiol ovules taken daily for 2 weeks and afterwards twice a week, for 6 months; DRUG: Moisturizer — Local non-hormonal moisturizers applied regularly every 2-3 days and lubricants as needed; DRUG: Testosterone gel + Estradiol ovules — Transdermal 2% T gel applied once daily to the thighs or lower abdominal/pubic area (300 mcg T per day), plus Intravaginal estradiol ovules taken daily for 2 weeks and afterwards twice a week, for 6 months","Pre- and postmenopausal women who attended our outpatient clinic at Andrology, Women's Endocrinology and Gender Incongruence Unit, University of Florence (Florence, Italy) for sexual concerns.",Inclusion Criteria: * being heterosexual. Exclusion Criteria: * history of drug or alcohol abuse * a diagnosis of uncontrolled or unstable mental or organic disease.,,exclude,Does not explicitly meet both criteria (Trans population + GAHT),exclude,Unverified legacy keyword heuristic: Does not explicitly meet both criteria (Trans population + GAHT),legacy_keyword_heuristic_unverified,,
NCT04361175,Cost Effectiveness Analysis for Induction of Ovulation in the Polycystic Ovary Syndrome by Letrozole Versus Clomiphene Citrate,INTERVENTIONAL,UNKNOWN,Infertility,,DRUG: Letrozole — Each group will be followed up for ovulation by day 12 ovulation monitoring by Transvaginal ultrasound for mature griffian follicle and measure endometrial thickness and volume then day 21 test serum progesterone level to confirm ovulation and if pregnancy occurred confirm by serum pregnancy test at day 35 of the cycle and follow pregnancy till confirmed by fetal pulsation by ultrasound.; DRUG: Clomiphine Citrate — Clomiphine Citrate,,"Inclusion criteria: * Women with infertility secondary to PCOS according to ESHRE/ASRM (Rotterdam criteria) 2004. Patients have at least two of the following; clinical and/or biochemical hyperandrogenism, oligo-ovulation or anovulation, polycystic ovaries by sonography (Diagnosis of oligo-/anovulation will be based on a menstrual pattern of oligo-/amenorrhoea (cycle \>35 days) and/or a low mid-luteal serum progesterone concentration. Hyperandrogenaemia will be diagnosed either clinically (acne/hirsutism) or biochemically (testosterone ≥2.5 nmol/l or free androgen index \[FAI\] ≥5). Ultrasound criteria will include ≥12 follicles (2-9 mm) and/or an ovarian volume of \>10 ml). * Age between 18 to 35 years with Body Mass Index (BMI) not more than 35 kg/m2, free of any medical disease and not receiving medications in the last 3 months. Exclusion criteria: * Patients with other causes of infertility, gross ovarian pathology diagnosed by ultrasound, previous tubal or ovarian surgery or laparoscopic ovarian drilling will be excluded from the study.",,exclude,Cisgender/unrelated indication,exclude,Unverified legacy keyword heuristic: Cisgender/unrelated indication,legacy_keyword_heuristic_unverified,,
NCT04371783,A Randomized Trial Comparing the Live Birth Rate of Immediate Versus Delayed FET Following a Freeze-all Strategy,INTERVENTIONAL,ACTIVE_NOT_RECRUITING,IVF; Frozen Embryo Transfer,,PROCEDURE: Immediate FET — FET is performed in the first menstrual cycle following the stimulated IVF cycle; PROCEDURE: Delayed FET — FET is performed in the second menstrual cycle following the stimulated IVF cycle,,Inclusion Criteria: 1. Women aged 20-40 years at the time of IVF/ICSI 2. Women undergoing their first FET of the first IVF cycle following a freeze-all strategy 3. Undergoing IVF with GnRH antagonist 4. At least one frozen blastocyst Exclusion Criteria: 1. Severe ovarian hyperstimulation syndrome during the first IVF/ICSI cycle 2. Preimplantation genetic testing 3. Use of donor oocytes 4. Presence of untreated hydrosalpinx or endometrial polyp on scanning during ovarian stimulation,,exclude,Does not explicitly meet both criteria (Trans population + GAHT),exclude,Unverified legacy keyword heuristic: Does not explicitly meet both criteria (Trans population + GAHT),legacy_keyword_heuristic_unverified,,
NCT04374708,Gender Identity and Own Body Perception,OBSERVATIONAL,TERMINATED,Gender Dysphoria,,DIAGNOSTIC_TEST: fMRI — fMRI: body morph test and neurocognitive testing,Investigators will enroll 150 participants between the ages of 18 and 40 (25 trans males; 25 trans females; 25 cis gender females; 25 cis gender males; 25 homosexual males; 25 homosexual females),"Participants with gender dysphoria (GD) Inclusion Criteria: * Females and males from any racial or ethnic background, between the ages of 18 years and 40 years. * Participants must meet Diagnostic and Statistical Manual-5 criteria for GD (302.85) * Intelligence quotient (IQ) \> 80 Participants with GD Exclusion Criteria: * Previous or on-going sex hormone medication * Previous sex reassignment surgery * Oral contraceptives * Participants with GD are not be taking any other psychotropic medication. (No participant will be recommended to discontinue or taper medications for the purpose of participating in the study.) * Irregular menstrual cycles Control participants Inclusion Criteria: * Females and males from any racial or ethnic background, between the ages of 18 and 40. * IQ \> 80 Control participants Exclusion Criteria: * Psychiatric medications * A score of ≥ 1 standard deviation higher than population norms on the MADRS depression or the Hamilton anxiety scale (HAMA) * Sex hormone treatment * Irregular menstrual cycles Exclusion criteria for all participants: * Any known chromosomal or hormonal disorder * Current substance abuse or dependence * Current neurological disorder or psychiatric disorder * Pregnancy * Current major medical disorders that may affect cerebral metabolism such as diabetes or thyroid disorders * Head trauma associated with loss of consciousness * HIV positive individuals * Individuals with ferromagnetic metal implantations or devices. This includes any electronic implants or devices, braces, infusion pumps, aneurysm clips, metal fragments or foreign bodies, metal prostheses, joints, rods or plates * Visual acuity worse than 20/35 for each eye as determined by Snellen close vision acuity chart. Acuity may be met with corrective lenses",,exclude,Does not explicitly meet both criteria (Trans population + GAHT),exclude,Unverified legacy keyword heuristic: Does not explicitly meet both criteria (Trans population + GAHT),legacy_keyword_heuristic_unverified,,
NCT04378439,Appalachian Partnership to Reduce Disparities (Aim 2),INTERVENTIONAL,RECRUITING,HIV/AIDS; STI; HCV,"By combining two strategies (i.e., peer navigation and mHealth) into a complete, culturally compatible, bilingual intervention to increase the use of needed HIV, STI, and HCV prevention and care services among racially/ethnically diverse GBMSM and transgender women in rural Appalachia. Study Investigators anticipate that participants in the intervention group, relative to counterparts in the delayed-intervention group, will demonstrate increased HIV, STI, and HCV testing.","BEHAVIORAL: Peer Navigation — First, as health advisors, community health leaders will raise awareness of HIV, STIs, and HCV and local prevention and care services and help social network members access services. Thus, the community health leader will describe to the process for HCV testing, and how providers are required to maintain confidentiality. As opinion leaders, community health leaders will reframe health-compromising and bolster health-promoting norms and expectations about testing and use of other prevention and care services. Each community health leader will also conduct formal in-person group activities with their social network members. Our partnership decided that each community health leader will also hold at least 4 formal group sessions during the 12 months of intervention; BEHAVIORAL: mHealth — In addition to in-person individual and group activities, community health leaders will use mHealth platforms preferred by each social network member (i.e., Facebook , Instagram, testing, and/or GPS-based mobile apps) to communicate with them during the intervention. They will use social media to plan activities and to support use of needed prevention and care services. For example, when planning a group activity (described above), the community health leader will use social media to remind social network members about the activity and help them problem solve barriers to attending. A community health leader and social network member may also communicate ""in-real-time"" via social media about the process of participating in a syringe services program or accessing PrEP.",,Inclusion Criteria: * reside in one of the rural Appalachian catchment countiesreside in one of the rural Appalachian catchment counties * be ≥18 years of age * report being assigned male sex at birth and having had sex with at least 1 man in past 12 months * provide informed consent,,exclude,Does not explicitly meet both criteria (Trans population + GAHT),exclude,Unverified legacy keyword heuristic: Does not explicitly meet both criteria (Trans population + GAHT),legacy_keyword_heuristic_unverified,,
NCT04414748,Comparison of the Euploid Rate of Blastocyst Between PPOS and GnRH Antagonist Protocol in Patients Undergoing PGT-A,INTERVENTIONAL,COMPLETED,Preimplantation Genetic Testing; Progestin-primed Ovarian Stimulation; Euploid Rate; GnRH Antagonist,,DRUG: GnRH antagonist — GnRH antagonist (Cetrorelix 0.25mg) once subcutaneously daily from day 6 of COH till the day of the ovulation trigger; DRUG: oral Duphaston — oral Duphaston 10mg bd from Day 3 of COH till the day of ovulation trigger.,,"Inclusion Criteria: * Age of women \<43 years at the time of ovarian stimulation for IVF * Antral follicle count (AFC) \>=5 on day 2-5 of the period * PGT-A indicated for advanced maternal age (\>=38 years), recurrent miscarriage (\>=2 consecutive miscarriage) and repeated implantation failure (\>=4 embryos replaced or \>=2 blastocysts replaced without success), recurrent foetal aneuploidy Exclusion Criteria: * Presence of a functional ovarian cyst with E2\>100 pg/mL * Recipient of oocyte donation * Presence of hydrosalpinx or endometrial polyp which is not surgically treated",,exclude,Does not explicitly meet both criteria (Trans population + GAHT),exclude,Unverified legacy keyword heuristic: Does not explicitly meet both criteria (Trans population + GAHT),legacy_keyword_heuristic_unverified,,
NCT04414761,Live Birth Rate Between PPOS and GnRH Antagonist Protocol in Patients With Anticipated High Ovarian Response,INTERVENTIONAL,COMPLETED,IVF; GnRH Antagonist; PPOS,,DRUG: Progesterone — oral medroxyprogesterone 10 mg daily or duphaston 10mg bd daily from Day 3 till the day of ovulation trigger; DRUG: GnRH Antagonist — GnRH antagonist (Cetrorelix or Ganirelix 0.25mg) once subcutaneously daily from day 6 of ovarian stimulation till the day of the ovulation trigger,,Inclusion Criteria: * Age of women \<43 years at the time of ovarian stimulation for IVF * The first IVF cycle * Antral follicle count (AFC) \>15 on day 2-5 of the period Exclusion Criteria: * Presence of a functional ovarian cyst with E2\>100 pg/mL * Recipient of oocyte donation * Undergoing preimplantation genetic testing * Presence of hydrosalpinx or endometrial polyp which is not surgically treated,,exclude,Does not explicitly meet both criteria (Trans population + GAHT),exclude,Unverified legacy keyword heuristic: Does not explicitly meet both criteria (Trans population + GAHT),legacy_keyword_heuristic_unverified,,
NCT04440722,Prospective Observational Study and Biobank CKIO,OBSERVATIONAL,SUSPENDED,Transgender,,,All patients referred til CKIO,Inclusion Criteria: * All Individuals with gender dysforia who are referred to Center of Gender Identity Odense * Age 18+ Exclusion Criteria: °There are no exclusion criteria,,exclude,Does not explicitly meet both criteria (Trans population + GAHT),exclude,Unverified legacy keyword heuristic: Does not explicitly meet both criteria (Trans population + GAHT),legacy_keyword_heuristic_unverified,,
NCT04448418,The Impact of COVID-19 Outbreak on Trans-population's Health in Italy,OBSERVATIONAL,COMPLETED,Transgender Persons; Coronavirus; Coronavirus Infection; COVID; COVID-19,,"OTHER: web based survey — Assess specific health care needs for the transpopulation during the COVID-19 outbreack using a newly created questionnaire and some validated questionnaries (Impact of Event Scale-Revised, BECK Depression Inventory and the Self-rated Health SF-12)",transgender population,Inclusion Criteria: * transgender subjects * age \> 18 years Exclusion Criteria: \- none,,exclude,Does not explicitly meet both criteria (Trans population + GAHT),exclude,Unverified legacy keyword heuristic: Does not explicitly meet both criteria (Trans population + GAHT),legacy_keyword_heuristic_unverified,,
NCT04460963,Role of Adrenomedullin in Leukemic Endosteal/Vascular Niches,INTERVENTIONAL,ACTIVE_NOT_RECRUITING,Acute Myeloid Leukemia,,OTHER: Adrenomedullin — Adrenomedullin sample evaluation,,"Inclusion Criteria: 1. Patients with new diagnosis of primary or secondary AML. 2. Participant is willing and able to give signed written informed consent according to ICH/EU/GCP and national local laws. 3. Male or Female, aged \>18 years. Exclusion Criteria: 1. Patients affected by concomitant cardiovascular disease , such as essential hypertension (any grade), chronic renal failure (creatinine\>1.5 mg/dL), heart failure (any NYHA class), and peripheral arterial occlusive diseases, or sepsis. 2. Patients affected by HIV, B or C hepatitis.",,exclude,Does not explicitly meet both criteria (Trans population + GAHT),exclude,Unverified legacy keyword heuristic: Does not explicitly meet both criteria (Trans population + GAHT),legacy_keyword_heuristic_unverified,,
NCT04474366,The Effect of Pectoral Blocks on Perioperative Pain in Gender Affirmation Top Surgery,INTERVENTIONAL,COMPLETED,"Gender Dysphoria; Opioid Use; Pain, Postoperative","Despite recent advancements with regional and local anesthesia, postoperative pain continues to be a major concern for patients undergoing breast surgery. Opioids, often in combination with NSAIDS and/or gabapentioids, have been the main pharmacologic pain control strategy in the postoperative period. The pectoral nerve block is a regional anesthetic technique, which is effective at providing postoperative anesthesia in breast surgeries. However, this has only been studied in oncologic-related breast operations. It is our aim to study the effects of pectoral regional nerve blocks in patients undergoing breast reduction for gender affirmation. The overall goal is to establish an effective pain control regimen utilizing regional anesthetic techniques in this patient population. The specific objective of this proposal is to evaluate the effectiveness of these blocks on perioperative and postoperative analgesia. The hypothesis is that participants undergoing gender-affirmation breast surgery who receive a pectoral nerve block will have less perioperative and postoperative pain as well as reduced opioid consumption compared to those receiving a placebo. Participants who are undergoing gender affirmation breast reduction surgery will be randomized to either receive a preoperative nerve block or to receive a placebo. Intraoperative and postoperative opioid requirements will be compared in addition to post-operative pain scores. Participants will be asked to fill out a pain diary during their first week postoperatively. They will also be asked to document if, and when, narcotic pain medication was required for pain control. The two groups will be compared to determine if there was any difference in pain scores as well as narcotic medication requirements.",DRUG: Ropivacaine 0.2% Injectable Solution — Ropivacaine 0.2% Injectable Solution injected as part of the Pectoralis Nerve Block; OTHER: Saline (0.9%) — Saline injection as sham block in identical fashion as Pectoralis Nerve Block,,Inclusion Criteria: * American Society of Anesthesiologists (ASA) class I-III * Ages 18-65 * Undergoing gender confirmation breast reduction surgery by a single surgeon at a single center Exclusion Criteria: * Previous breast surgeries * Current breast cancer or history of treatment for breast cancer * Current chronic pain syndromes * Coagulopathy * Allergy to local anesthetics * Infection at the injection site,,exclude,Does not explicitly meet both criteria (Trans population + GAHT),exclude,Unverified legacy keyword heuristic: Does not explicitly meet both criteria (Trans population + GAHT),legacy_keyword_heuristic_unverified,,
NCT04478214,The Strategic Use of Hyaluronic Acid Fillers and Neurotoxin to Influence Gender Perception in Transgender Individuals,OBSERVATIONAL,COMPLETED,Gender Dysphoria,Observational survey study of transgender individuals who have undergone cosmetic neurotoxin and soft tissue filler for the purpose of influencing gender perception.,,"2 healthy transgender volunteers age 18-65, of any skin type, with the desire to alter gender perception, and are already scheduled for standard of care treatments will be enrolled.","Inclusion Criteria: * Healthy male or female transgender volunteer * Has the desire to alter gender perception and is seeking treatment with neurotoxin and soft tissue filler * Subjects with an already existing treatment plan * Willing to sign photography release, with the understanding the de-identified photographs may be used in medical publications or presentations for the purposes of education * Females of childbearing potential who are sexually active are using a reliable method of contraception1 at least one month before the beginning of the study, and throughout the study * Must be informed about the study objectives and procedures, and be able to understand them * Willing and able to fulfill the study requirements and schedule * Willing to give their written informed consent Exclusion Criteria: * Individuals who underwent a neurotoxin procedure on the face within 6 months of study start * Individuals who underwent an injectable filler procedure on the face within 1 year of study start * Individuals who underwent surgical procedure on the face for the purpose of gender reassignment or cosmetic enhancement at any point in time before study start Individuals who have planned cosmetic treatments or surgeries during the course of the study * Individuals with dental procedures performed 30 days before, during, or 30 days after the course of the study * Individuals who participated within the 30 days before inclusion or currently participating in another clinical study involving the investigational areas * Individuals with known or suspected defect of healing * Individuals with any disease state or inappropriate physical skin condition that might impair evaluations or increase the health risk to the subject by participation in the opinion of the Investigator * Individuals unable to be contacted by phone in case of emergency * Individuals who are currently participating in any other clinical trial or have participated in any clinical trial involving the investigation area within 30 days prior to inclusion into the study.",,include,Transgender population and GAHT intervention/exposure identified,include,Unverified legacy keyword heuristic: Transgender population and GAHT intervention/exposure identified,legacy_keyword_heuristic_unverified,,
NCT04478760,Trans & Non-binary Reference Intervals While on Hormone Therapy Study,OBSERVATIONAL,COMPLETED,Transgender Persons; Hormone Replacement Therapy; Reference Values,,,Healthy transgender adults who have been taking masculinising for feminising hormone therapy for at least 12 months.,"Inclusion Criteria: * Transgender or nonbinary people. * Aged 18 or older. * Taking testosterone or oestrogen therapy. * For 12 months or more. * Having routine hormone therapy monitoring at the clinic. Exclusion Criteria: * Unable to give informed consent (including participants who cannot communicate in English). * History of chronic liver disease, chronic kidney disease, diabetes, or severe cardiovascular disease (including myocardial infection, deep vein thrombosis, stroke and pulmonary embolism). * Blood test results that indicate severe disease. * Pregnant or within one year after childbirth. * Other conditions which could put participants at risk by participating, or which could influence the results of the study.",,include,Transgender population and GAHT intervention/exposure identified,include,Unverified legacy keyword heuristic: Transgender population and GAHT intervention/exposure identified,legacy_keyword_heuristic_unverified,,
NCT04482374,Puberty Suppression and Cardiometabolic Health,OBSERVATIONAL,RECRUITING,Transgenderism; Insulin Sensitivity/Resistance; Endothelial Dysfunction; Vascular Stiffness,,,"15 transgender females (male sex assigned at birth, female gender identity) and 15 cisgender males","Inclusion Criteria: * Identify as a transgender female or cisgender male * Age 9-14 years at the time of enrollment * Tanner Stage 2-3 baseline pubertal development * Plan to start gonadotropin releasing hormone analogue clinically in \< 2 months (for transgender females only) Exclusion Criteria: * Cognitive, psychiatric, or physical impairment resulting in inability to tolerate the study procedures * Type 1 or 2 diabetes (by medical history) * On any medications that affect insulin sensitivity (e.g. metformin, antipsychotics) * Hypertension (resting BP ≥ 140/90 mm/Hg) * Weight \> 400 lbs * On estrogen- or progesterone-containing medications at baseline * \>3 hours of moderate-to-vigorous physical activity on the 3DPAR at the screening visit",,include,Transgender population and GAHT intervention/exposure identified,include,Unverified legacy keyword heuristic: Transgender population and GAHT intervention/exposure identified,legacy_keyword_heuristic_unverified,,
NCT04482920,Effect of Hormone Therapy on Renal Function,OBSERVATIONAL,COMPLETED,Transgenderism; Kidney Diseases; Kidney Injury,,"DIAGNOSTIC_TEST: p-aminohippurate clearance study — To measure kidney blood flow, small doses of a substance called p-aminohippurate (PAH) are used.; DIAGNOSTIC_TEST: Iohexol infusion — To measure glomerular filtration rate (GFR)","20 transgender youth and young adults (10 transgender females, 10 transgender males) before and 3 months after initiation of gender affirming hormone therapy to determine the impact of gender affirming hormone therapy on intrarenal hemodynamic function and tubular function.","Inclusion Criteria: * Identify as transgender * Age 17-30 years (inclusive) * Plan to start gender affirming hormone therapy (testosterone or estradiol) clinically in ≤ 1 months and remain on for at least 3 months Exclusion Criteria: * Cognitive, psychiatric or physical impairment resulting in inability to tolerate the study procedures (e.g. intellectual disability, schizophrenia, hallucinations) * Type 1 or Type 2 diabetes * Chronic kidney disease, or eGFR \<60ml/min/1.73m2 by CKD-EPI formulation * Uncontrolled hypertension (resting BP ≥ 140/90 mm/Hg) * Allergy to shellfish, iodine or iohexol * Currently taking: sulfonamides, procaine, thiazolesulfone and probenecid (renal clearance measurements of PAH cannot be made accurately if individuals are on these medications) * Prior gender affirming hormone therapy use * Prior gonadectomy * Pregnancy",,include,Transgender population and GAHT intervention/exposure identified,include,Unverified legacy keyword heuristic: Transgender population and GAHT intervention/exposure identified,legacy_keyword_heuristic_unverified,,
NCT04491422,Same-Day PrEP Initiation and Sexual Health for Transgender Women,INTERVENTIONAL,COMPLETED,"HIV; PrEP; Transgender Women; Sexually Transmitted Diseases, Bacterial","Transgender women (trans women; assigned male sex at birth but identify as female) are at high risk for HIV infection, and are an important, under-researched population in sub-Saharan Africa. Trans women have a 13 times greater risk of acquiring HIV than adults aged 15-49 years in the general population, and in Africa, trans women have nearly twice the HIV prevalence (25%) of men who have sex with men \[MSM\] (14%). Oral pre-exposure prophylaxis (PrEP) is an effective prevention tool that could change the trajectory of the HIV epidemic among the 25 million trans women globally, yet its use has been suboptimal in this vulnerable population. Same-day PrEP initiation is feasible and acceptable and improves retention in PrEP care in resource-rich settings. Same-day initiation of emtricitabine/tenofovir alafenamide (F/TAF), a new PrEP regimen, has not to our knowledge previously been evaluated as PrEP in African trans women. F/TAF is potentially more efficacious and safer than emtricitabine/tenofovir disoproxil fumarate (F/TDF) as shown in the recent DISCOVER trial. However, concerns about drug-drug interactions between feminizing hormonal therapy (FHT) and PrEP are a key potential adherence barrier for trans women. While PrEP drugs do not lower FHT levels, FHT decreases plasma TFV and (emtricitabine) FTC levels. Little is known about FHT use among African trans women taking F/TAF or how concerns about F/TAF-FHT interactions may influence PrEP adherence. Moreover, interventions to support PrEP adherence in this population are needed. Feedback about PrEP use has been shown to potentially improve PrEP adherence among MSM but has not been utilized among trans women. Key knowledge gaps include: 1) whether same-day PrEP can be successfully implemented for African trans women, 2) the impact of drug-level feedback on PrEP adherence, and 3) how use of FHT may influence PrEP adherence. To address these questions, this protocol describes a randomized trial to evaluate the feasibility and acceptability of same day initiation of F/TAF PrEP, evaluate impact of drug-level feedback on PrEP adherence and characterize PrEP persistence, and in-depth interviews to explore how self-care interventions for sexual health influence prevention choices among trans women and their sexual partners. This will be the first clinical trial, to our knowledge, to evaluate F/TAF as PrEP for HIV-negative trans women in sub-Saharan Africa.",COMBINATION_PRODUCT: Integrated Next Steps Counseling with Real-Time Drug Level Feedback — Integrated next steps counseling with real-time drug level feedback using point-of-care urine tenofovir testing at quarterly visits,,"Inclusion Criteria: * Report male sex assigned at birth but currently identify as female * Age ≥18, or if 14-17 years, qualification as a mature or emancipated minor due to having a sexually transmitted infection or cater for own livelihood * Report unprotected anal intercourse in the past 6 months * Able and willing to provide written informed consent * Possess a valid recruitment coupon * HIV-uninfected based on negative HIV rapid tests at the enrollment visit Exclusion Criteria: * Currently enrolled in a biomedical HIV prevention study * Any clinically significant or chronic medical condition that is considered progressive or in the opinion of the investigator would make the participant unsuitable for the study, including severe infections requiring treatment such as tuberculosis, alcohol or drug abuse, or mental illness which precludes provision of informed consent * Not planning to remain in the geographic area for the duration of the study",,exclude,Does not explicitly meet both criteria (Trans population + GAHT),exclude,Unverified legacy keyword heuristic: Does not explicitly meet both criteria (Trans population + GAHT),legacy_keyword_heuristic_unverified,,
NCT04508231,Metabolic Consequences of Cross-sex Hormonal Treatment,OBSERVATIONAL,UNKNOWN,Gender Dysphoria,,OTHER: Gender-affirming hormone therapy — Gender-affirming hormone therapy according to the recommendations of the Endocrine Society,Subjects who met diagnostic criteria for gender dysphoria (International Classification of Diseases 11th Revision. https://icdwhoint. 2018) and were seen regularly in the out-patient clinic at our department of endocrinology,"Inclusion Criteria (retrospective analysis of available data as a part of the regular care of subjects with gender dysphoria. All measurements were made at the time of the routine follow-up visits) * age \>= 16 years (Tanner stage IV) and \<= 50 years at the initiation of gender-affirming hormone therapy; * BMI \< 28 kg/m2 at the initiation of cross-sex hormonal treatment. Exclusion Criteria: * hormonal contraception * previous gender-affirming hormonal treatment * previous gender-affirming surgery * recognized syndrome or chromosomal defect, known metabolic or inflammatory disease, skeletal dysplasia, or chronic corticosteroid treatment.",,include,Transgender population and GAHT intervention/exposure identified,include,Unverified legacy keyword heuristic: Transgender population and GAHT intervention/exposure identified,legacy_keyword_heuristic_unverified,,
NCT04511052,Probiotics for Enhanced Tissue Carotenoid Status in Premenopausal Women,INTERVENTIONAL,COMPLETED,Carotenoid Status; Gut Microbiome; Skin Health,,"DIETARY_SUPPLEMENT: Probiotic — Daily intake of 10 x 10\^9 CFU of a proprietary strain for a total duration of 10 weeks; OTHER: Placebo — 1 capsule daily containing the same carrier material that is similar in size, shape and taste to the probiotic, for a duration of 10 weeks; DIETARY_SUPPLEMENT: Carotenoid supplement — 1 capsule daily containing \~20 mg of total carotenoids for a total duration of 10 weeks",,"Inclusion Criteria: 1. Healthy non-menopausal or non-perimenopausal women, 2. 30-50 years of age, 3. BMI of 18.5 - 29.9 kg/m2, 4. Access to a smartphone that has a camera and iOS 11.0 or Android 4.2 and up, 5. Visible fine to moderate wrinkles on the face (e.g. forehead, crow's feet area, etc.), 6. Fitzpatrick scale of types I, II, \& III 7. Urine pregnancy test of negative 8. Willing to maintain current physical activity and dietary habits 9. Willing to refrain from taking natural health products containing carotenoids (beta-carotene, lutein, lycopene, etc.) 10. Willing to discontinue consumption of probiotic supplements and food containing added probiotics (e.g. yogurts with live, active cultures or supplements) or fermented foods (e.g. Kefir, pickles, etc.) upon screening and for the duration of the study, 11. Willing to apply the moisturizer provided on every day throughout the study upon admission to the study (about -2 weeks), 12. Willing to refrain from using any cream (including the moisturizer provided) and makeup on the face for study visits and photo capture (face, eyes and lips), 13. Able to understand and comply with requirements of the study (e.g. complete all clinical visits, questionnaires, records, and diaries), 14. Able to provide a written informed consent. Exclusion Criteria: 1. Known immunodeficiency (immuno-compromised and immuno-suppressed participant; e.g. AIDS, lymphoma, participants undergoing long-term corticosteroid treatment, chemotherapy and allograft participant), 2. Known chronic or acute illness (e.g. hepatitis, diabetes, high blood pressure, jaundice, etc.), unless under control via medication, 3. History of illness or use of any type of drug that may interfere with the investigational product or intervention (e.g. antibiotics) within 1 month of screening (may be eligible to participate after a 2-week washout period), 4. Known chronic or acute skin condition on the face (e.g. eczema, psoriasis, severe acne, rosacea, etc.), 5. Facial surgery (e.g. lifting, facial rejuvenation) or chemical treatment (e.g. Botox injection) within 5 years before study start, 6. Frequent tanning salons, use tanning products, or foresee high exposure to the sun during the study, 7. Tattoos on the face or palms of the hands, 8. Milk, soy or yeast allergy, 9. Routine use of dietary supplements that may interfere with outcomes measured (e.g. anti-oxidant, anti-inflammatory, herbal), 10. Use of probiotic products in the past 2 weeks (may be eligible to participate after a 2-week washout period), 11. Allergy to any of the ingredients contained in the moisturizer provided, 12. Use of antiaging creams containing retinol, glycolic acid, Coenzyme Q, etc. (may be eligible to participate after a 2 weeks washout period upon admission to the study), 13. Current smoker (tobacco or cannabis), 14. Excessive alcohol consumption (\>1 drink/day), 15. Drug abuse or addiction, 16. Bleeding/blood disorder 17. Psychological disorder 18. Currently enrolled in another trial 19. Positive pregnancy test in women of child-bearing potential; breast-feeding or planning on becoming pregnant during the course of the study (determined by a pregnancy test performed at the screening visit), 20. Women of child-bearing potential not using effective contraception which include: * Hormonal contraceptives including combined oral contraceptives, hormone birth control patch, vaginal contraceptive ring, injectable contraceptives, or hormonal implants * Intrauterine devices (IUD) or Intrauterine system (IUS) * Tubal ligation * Vasectomy of partner * Barrier method (condom or occlusive cap with spermicide) * Abstinence 21. Participation in a similar study within 3 months of the screening visit.",,exclude,Does not explicitly meet both criteria (Trans population + GAHT),exclude,Unverified legacy keyword heuristic: Does not explicitly meet both criteria (Trans population + GAHT),legacy_keyword_heuristic_unverified,,
NCT04515472,Effect of Gender Affirming Hormone Therapy on Glucose Metabolism,INTERVENTIONAL,TERMINATED,Transgender Persons,,"DRUG: Botnia Clamp — This clamp technique is designed to obtain independent measures of insulin secretion and insulin sensitivity during the same test. In brief, 0.3g/kg body wt of a 20% glucose solution is given at time 0. Blood samples for the measurement of plasma glucose and serum insulin are obtained at -10, 0, 2, 4, 6, 8, 10, 20, 30, 40, 50, 60, 120, and 180 min.; OTHER: Withdrawal of Gender Affirming Hormone Therapy (GAHT) — GAHT, either estrogen or testosterone therapy will be withdrawn after the Botnia Clamp.",,"Inclusion Criteria: * Healthy volunteers: healthy male or female * MTF transgender * FTM transgender * Non-diabetic (A1c\<6.5%), fasting glucose \<126mg/dl and OGTT after 2 hr \<200mg/dl) * Stable hormone treatment (estrogen or testosterone) for at least 6 months Exclusion Criteria: * History of or newly diagnosed diabetes mellitus * For healthy volunteers, not current treatment with estrogen or testosterone * For FTM transgender, no recent cardiovascular event: acute coronary syndrome (ACS), stroke (CVA) * For MTF and FTM transgender, less than 6 months of stable hormone treatment * Anemia with hemoglobin (Hb) \<11.0 hematocrit (Hto) \< 34 and Glomerular Filtration rate (GFR) \<30",,include,Transgender population and GAHT intervention/exposure identified,include,Unverified legacy keyword heuristic: Transgender population and GAHT intervention/exposure identified,legacy_keyword_heuristic_unverified,,
NCT04524325,Mechanisms of Blood Pressure Dysfunction in Transmen Receiving Testosterone,INTERVENTIONAL,WITHDRAWN,Transgender Men; Blood Pressure; Hyperandrogenism,,OTHER: Trans men — We are studying the effects of testosterone taken by trans men on mechanisms of blood pressure control and comparing those results to cisgender women that have normal (ie lower) testosterone levels.,,"Inclusion Criteria: * Both groups (trans men and cisgender women) must be healthy and non-smoking. Control participants must be cisgender women with regular menses every 26-34 days. Trans men participants must be currently receiving testosterone for gender affirming hormone therapy where physiologic doses of exogenous Dihydrotestosterone have been administered (via injection or transdermal application) for at least 3 months as prescribed by their local endocrine provider as part of their clinically indicated hormone therapy. Doses can vary depending on the size and goals of each patient, but blood testosterone will be between 400-1000 ng/dl. Exclusion Criteria: * Subjects who smoke, have diabetes, or BP\>140/90 will be excluded. * Subjects will not be taking medications during the study, including any insulin-sensitizing or cardiovascular medications. * Subjects are excluded if they have lost \> 5 kg of weight within the past 6 months or perform high-intensity exercise \> 3 times/week.",,include,Transgender population and GAHT intervention/exposure identified,include,Unverified legacy keyword heuristic: Transgender population and GAHT intervention/exposure identified,legacy_keyword_heuristic_unverified,,
NCT04531943,Feminizing Hormone Therapy and the Rectal Mucosa Immune Environment in Transgender Women,OBSERVATIONAL,COMPLETED,HIV Prevention,,"DRUG: Estrogen — Feminizing hormone therapy consisting of estrogen alone, as prescribed by the participant's healthcare provider.; DRUG: Estrogen plus Progesterone — Feminizing hormone therapy consisting of estrogen and progesterone, as prescribed by the participant's healthcare provider.",A total of 520 HIV-negative TGWSM and cisgender MSM will be enrolled into one of two cohorts.,"INCLUSION CRITERIA Cohort 1, TGWSM using feminizing hormone therapy * Assigned male sex at birth and currently using feminizing hormone therapy * Aged 18-59 years * Able to provide informed consent in the official language of the study site's country * HIV negative * Taking feminizing hormone therapy for at least the last 6 months with no change in dose for the last 3 months (i.e. no increase or decrease) * Feminizing hormone therapy is defined as use of oral, patch, topical, or injection estrogen therapy with or without progesterone therapy in people who were assigned male sex at birth but take feminizing hormones to affirm their current gender identity * Approximately half of the cohort to be using estrogen therapy alone and half using estrogen+progesterone * Anti-androgen therapy is permissive, but dose must also be stable for the last 3 months at the time of enrollment * Willing to undergo peripheral blood and rectal biopsy sampling * Willing to abstain from receptive anal intercourse for 72 hours before and for 1 week after rectal biopsy procedure * Willing to answer sexual behavior questions Cohort 1, Cisgender Males * Assigned male sex at birth, currently identify as male gender (i.e. cisgender), man who has sex with men aged 18-59 years * Able to provide informed consent in the official language of the study site's country * HIV negative * Receptive anal intercourse with a person assigned male sex at birth at least once in lifetime * No history of taking supplemental steroids including testosterone replacement therapy in the last 12 months * Willing to undergo peripheral blood and rectal biopsy sampling * Willing to abstain from receptive anal intercourse for 72 hours before and for 1 week after rectal biopsy procedure. * Willing to answer sexual behavior questions. Cohort 2, Longitudinal study with TGWSM planning to initiate feminizing hormone therapy * Assigned male sex at birth with plans to start feminizing hormone therapy * Aged 18-59 years * Able to provide informed consent in the official language of the study site's country * Naïve to feminizing hormone therapy or no use in the last 6 months, including anti-androgen therapy. * HIV negative * Plans to initiate feminizing hormone therapy in next 6 months. * Feminizing hormone therapy is defined as use of oral, patch, topical, or injection estrogen therapy with or without progesterone therapy in people who were assigned male sex at birth but take feminizing hormones to affirm their current gender identity. * Anti-androgen therapy is permissive, but participants must also be initiating estrogen therapy to be eligible. * Willing to undergo peripheral blood and rectal biopsy sampling * Willing to abstain from receptive anal intercourse for 72 hours before and for 1 week after rectal biopsy procedure. * Willing to answer sexual behavior questions. EXCLUSION CRITERIA * History of inflammatory bowel disease or other inflammatory, infiltrative, infectious or vascular condition involving the lower gastrointestinal tract that, in the judgment of the investigators, may be worsened by study procedures or may significantly distort the anatomy of the distal large bowel * Significant laboratory abnormalities at baseline visit for rectal biopsies, including but not limited to: * Hemoglobin (Hgb) ≤ 10 g/dL * Partial thromboplastin time (PTT) \> 1.5x upper limit of normal (ULN) or international normalised ratio (INR) \> 1.5x ULN * Platelet count \<100,000 * Any known medical condition that, in the judgment of the investigators, increases the risk of local or systemic complications of endoscopic procedures or pelvic examination, including but not limited to: * Uncontrolled or severe cardiac arrhythmia * Recent major abdominal, cardiothoracic, or neurological surgery in the last 12 months * History of uncontrolled bleeding diathesis * History of colonic, rectal, or vaginal perforation, fistula, or malignancy * History or evidence on clinical examination of ulcerative, suppurative, or proliferative lesions of the anorectal mucosa. * Use of systemic (oral/IV) antibiotics within the 4 weeks prior to rectal mucosal sampling. * Participants may be screened/enrolled who do not meet this criterion, but rectal mucosal sampling will be deferred for at least 4 weeks from last systemic antibiotic use. * Continued need for, or use during the 14 days prior to enrollment, of the following medications: * Aspirin or more than 4 doses of nonsteroidal anti-inflammatory drugs (NSAIDs) * Warfarin, heparin (low-molecular weight or unfractionated), platelet aggregation inhibitors, or fibrinolytic agents * Any form of rectally administered agent besides products (lubricants or douching) used for sexual intercourse * Continued need for, or use during the 90 days prior to enrollment, of the following medications: * Systemic immunomodulatory agents * Supraphysiologic doses of steroids with the exception of short course steroids \<7 days duration at the discretion of the investigator and feminizing hormone therapy as detailed in inclusion criteria * Experimental medications, vaccines, or biologicals * Any other clinical condition or prior therapy that, in the opinion of the investigator, would make the patient unsuitable for the study or unable to comply with the study requirements.",,include,Transgender population and GAHT intervention/exposure identified,include,Unverified legacy keyword heuristic: Transgender population and GAHT intervention/exposure identified,legacy_keyword_heuristic_unverified,,
NCT04534881,Effect of Progesterone on Testosterone Concentrations and Breast Development in Transwomen,INTERVENTIONAL,TERMINATED,Transgender Persons,,"DRUG: Progesterone 200 MG — Subjects will be randomized to receive generic micronized progesterone 200 mg or placebo tablets, to be taken at bedtime daily.; DRUG: Placebo — Subjects will be randomized to receive generic micronized progesterone 200 mg or placebo tablets, to be taken at bedtime daily.",,"Inclusion Criteria: * Transwomen, currently on treatment with estradiol therapy for at least 6 months (as their standard of care gender affirming therapy) * Has achieved serum estradiol \>100 pg/ml at least once, based on clinical labs in past. Exclusion Criteria: 1. Treatment with progesterone in the last 2 months 2. HIV 3. Planning to go for breast enhancement or gender reassignment surgery in the next 6 months 4. Known history of peanut allergy (because the study drug contains peanut oil) 5. Active deep vein thrombosis, pulmonary embolism or history of these conditions 6. Active arterial thromboembolic disease or history of these conditions 7. Active cardiovascular disorders or history of these conditions (e.g. myocardial infarction, uncontrolled hypertension \>150/90 mmHg) 8. Known, suspected, or history of breast cancer 9. Known liver dysfunction or disease 10. Known or history of gallbladder disease. This does not apply to subjects who have undergone cholecystectomy 11. Known or history of hypertriglyceridemia (\>400 mg/dl)",,include,Transgender population and GAHT intervention/exposure identified,include,Unverified legacy keyword heuristic: Transgender population and GAHT intervention/exposure identified,legacy_keyword_heuristic_unverified,,
NCT04551144,"Effect of Transgender Therapy on Muscle, Fat and Tissue Receptors",OBSERVATIONAL,TERMINATED,Gender Incongruence; Transgenderism,,DRUG: testosterone cypionate — intramuscular injection every 2 weeks. Dose will be titrated based on blood levels; DRUG: Estradiol Valerate — intramuscular injection every week. Dose will be titrated based on blood levels,"We plan to conduct a prospective, open label study in individuals initiating gender affirming therapy for gender incongruence. We will recruit 20 transmen and 20 transwomen in this study.","Inclusion Criteria: * Diagnosed with gender incongruence by a mental health professional and willing to start gender affirming therapy Exclusion Criteria: * Used hormone therapy in last 6 months, * Pregnancy, * Planning to have biological children in the next one year, * HIV Additional exclusion criteria for transmen: 1) hematocrit \>50% for transmen, 2) transmen with allergy to cottonseed oil (component of intramuscular testosterone injection), 3) uncompensated heart failure, 4) renal failure Additional exclusion criteria for transwomen: 1) allergy to castor oil (component of intramuscular estradiol injection), 2) Known or suspected estrogen-dependent neoplasia, 3) Active deep vein thrombosis, pulmonary embolism or a history of these conditions, 4) Active or recent (e.g., within the past year) arterial thromboembolic disease (e.g., stroke, myocardial infarction), 5) Liver enzymes (AST or ALT) \>3 times the upper limit of normal, 6) Known or suspected pregnancy",,include,Transgender population and GAHT intervention/exposure identified,include,Unverified legacy keyword heuristic: Transgender population and GAHT intervention/exposure identified,legacy_keyword_heuristic_unverified,,
NCT04554849,Demographic Characteristics and Psychosocial Health of Transgender People,OBSERVATIONAL,UNKNOWN,Gender Dysphoria,To study demographic characteristics of subjects referred to endocrine care for gender dysphoria and their psychosocial health,OTHER: Gender dysphoria psychosocial health — Retrospective analysis of medical records,Subjects who met diagnostic criteria for gender dysphoria (International Classification of Diseases 11th Revision. https://icdwhoint. 2018) and were seen regularly in the outpatient clinic at our department of endocrinology,Inclusion criteria - Person having received complete information on the organization of the research and willing to participate to research Exclusion criteria: \- lack of data in the patients' records,,exclude,Does not explicitly meet both criteria (Trans population + GAHT),exclude,Unverified legacy keyword heuristic: Does not explicitly meet both criteria (Trans population + GAHT),legacy_keyword_heuristic_unverified,,
NCT04568096,Combination of Chemopreventive Agents (All- Trans Retinoic Acid and Tamoxifen) as Potential Treatment for the Lung Complication of COVID-19,INTERVENTIONAL,UNKNOWN,the Lung Complication of COVID-19,,COMBINATION_PRODUCT: Aerosolized All-Trans Retinoic acid plus oral Tamoxifen — After randomization and standard treatment The infected patients will receive Aerosolized All-Trans Retinoic Acid in gradual in 2 divided doses increases from 0.2 mg/kg/day to 4 mg/kg/day as inhaled All-Trans Retinoic Acid therapy plus tamoxifen 20mg orally once daily. for 14 days; OTHER: Standard treatment — Standard treatment is according to the protocol of treatment of 2019-nCoV infection,,"Inclusion Criteria: Adult SARI patients with 2019-ncov infection confirmed by PCR; Absolute value of lymphocytes \< 0. 6x 109/L; Severe respiratory failure within 48 hours and requires admission to ICU. (severe respiratory failure was defined as PaO2/FiO2 \< 200 mmHg and was supported by positive pressure mechanical ventilation (including non-invasive and invasive mechanical ventilation, PEEP\>=5cmH2O)) Exclusion Criteria: Age \< 18 Pregnant Allergic to experimental drugs and patients have the following conditions: * Hypercholesterolemia * Hypertriglyceridemia * Liver disease * Renal disease * Sjögren syndrome * Pregnancy * Lactation * Depressive disorder * Body mass index less than 18 points or higher than 25 points * Contraindications for hormonal contraception or intrauterine device. * Autoimmune diseases A history of organ, bone marrow or hematopoietic stem cell transplantation * Patients receiving anti-hcv treatment * Permanent blindness in one eye * History of iritis, endophthalmitis, scleral inflammation or retinitis 15-90 days of retinal detachment or eye surgery * The competent physician considered it inappropriate to participate in the study Previous history of deep vein thrombosis or pulmonary embolism in the last 12 months. * Patients with postmenopausal vaginal bleeding with no defined etiology. * Patients with breast cancer who need to use tamoxifen for this neoplasm * Another synchronous neoplasm that requires systemic treatment Patients with aggressive disease requiring cytotoxic therapy or locoregional therapies (eg hepatic embolization) A history of serious clinical or psychiatric illness that, by clinical judgment, may involve participation risk in this study * Patients participating in other protocols with experimental drugs. * Patients with oral food difficulties. * Patients who underwent major recent surgery less than 4 weeks previously. * Patients receiving chemotherapy or other oncologic therapy for less than 3 weeks",,exclude,Cisgender/unrelated indication,exclude,Unverified legacy keyword heuristic: Cisgender/unrelated indication,legacy_keyword_heuristic_unverified,,
NCT04573127,Gender Dysphoria: Epidemiological Data,OBSERVATIONAL,UNKNOWN,Gender Dysphoria,Retrospective study in a single academic regional transgender referral center. data from the cohort follow-up in CHRU de Nancy,OTHER: descriptive study — Retrospective analysis of existing data collected as a part of the regular follow-up,Subjects who met diagnostic criteria for gender dysphoria (International Classification of Diseases 11th Revision. https://icdwhoint. 2018) and were seen regularly in the outpatient clinic at our department of endocrinology,Retrospective analysis of available data as a part of the regular care of subjects with gender dysphoria. All measurements were made at the time of the routine follow-up visits,,exclude,Does not explicitly meet both criteria (Trans population + GAHT),exclude,Unverified legacy keyword heuristic: Does not explicitly meet both criteria (Trans population + GAHT),legacy_keyword_heuristic_unverified,,
NCT04586348,Prenatal Iodine Supplementation and Early Childhood Neurodevelopment,INTERVENTIONAL,UNKNOWN,"Pregnancy Related; Neurodevelopmental Disorders; Nutrition Disorder, Fetal",,COMBINATION_PRODUCT: Low Iodine Supplement — Multivitamin and mineral supplement with reduced iodine; COMBINATION_PRODUCT: Standard Iodine Supplement — Multivitamin and mineral supplement with standard amount of iodine to match current leading brands of prenatal supplements,,Inclusion Criteria: * Pregnant women ≤13 weeks of gestation. * Consume greater than 165 µg/d of iodine from food alone based on our validated Iodine Specific Food Frequency Questionnaire (I-FFQ). * English is main language spoken at home as child will need to understand and take instruction in English to participate in the neurodevelopmental assessment. * Able to give informed consent. Exclusion Criteria: * Known history of thyroid disease. * Previous child diagnosed with thyroid dysfunction. * Carrying a fetus with a known or suspected congenital abnormality.,,exclude,Does not explicitly meet both criteria (Trans population + GAHT),exclude,Unverified legacy keyword heuristic: Does not explicitly meet both criteria (Trans population + GAHT),legacy_keyword_heuristic_unverified,,
NCT04590417,Assessment of Drug-drug Interactions Between Feminizing Hormone Therapy and Emtricitabine/Tenofovir Alafenamide Concomitantly for Pre-exposure Prophylaxis Among Transgender Women,INTERVENTIONAL,ACTIVE_NOT_RECRUITING,Drug Interaction,,"DRUG: Estradiol valerate 2 mg, cyproterone acetate 25 mg — The entire study period will be approximately 1 year, which will include around 2 months of document preparation, 5 months of recruitment, 3 months of follow-up, and 2 months of data analysis.",,"Inclusion Criteria: 1. Thai nationality 2. Age 18-40 years old 3. Transgender women 4. HIV-negative 5. Body mass index 18.5-24.9 kg/m2 6. Calculated creatinine clearance (CrCl) ≥60 mL/min, as estimated by the Cockcroft-Gault equation 7. Alanine aminotransferase (ALT) ≤2.5 x ULN 8. Signed the informed consent form Exclusion Criteria: 1. Known history of allergy to hormonal component to be used in the study 2. Male-to-female transgender who underwent orchiectomy 3. Use of pre-exposure prophylaxis or post-exposure prophylaxis in the past 30 days 4. Use of injectable FHT in the past 3 months 5. Evidence of current hepatitis B virus infection (HBV) - i.e. hepatitis B surface antigen (HBsAg) positive 6. Evidence of current hepatitis C virus infection (HCV) - i.e. HCV antibody positive 7. Current use of any of the following: * Anticonvulsants: carbamazepine, felbamate, oxcarbazepine, phenytoin, phenobarbital, primidone or topiramate * Herbs: gingko biloba, St John's wort or milk thistle * Anti-infective agents: azole antifungals, macrolides, griseofulvin, protease inhibitors, rifampicin or rifabutin 8. Participant-reported active rectal infection requiring treatment 9. History of gastrointestinal tract surgery that alter gastrointestinal tract and/or drug absorption 10. Alcohol or drug use that, in the opinion of the investigator, would interfere with completion of study procedures",,include,Transgender population and GAHT intervention/exposure identified,include,Unverified legacy keyword heuristic: Transgender population and GAHT intervention/exposure identified,legacy_keyword_heuristic_unverified,,
NCT04593680,Assessment of Drug-drug Interactions Between Masculinizing Hormone Therapy and Antiretroviral Agents Concomitantly for Pre-exposure Prophylaxis Among Transgender Men,INTERVENTIONAL,ACTIVE_NOT_RECRUITING,Drug Interaction,,"DRUG: Emtricitabine 200 mg/tenofovir disoproxil fumarate 300 mg (F/TDF) and emtricitabine 200 mg/tenofovir alafenamide 25 mg (F/TAF) — The first full PK measurement of MHT will be performed starting at week 4 and end at week 6 to assess the steady-state plasma PK of testosterone in the absence of PrEP. The second PK measurement of MHT will be performed starting at week 12 and end at week 14 to assess plasma PK of testosterone in the presence of both MHT and PrEP. The first full PK measurement of PrEP will be performed at week 12 to assess the steady-state plasma PK of FTC, TFV, and TAF; and intracellular PBMC FTC-TP and TFV-DP in the presence of both MHT and PrEP. The second measurement of PrEP will be performed at week 16 to assess plasma PK of FTC, TFV, and TAF; and intracellular PBMC FTC-TP and TFV-DP in the absence of MHT.",,"Inclusion Criteria: 1. Thai nationality 2. Age 18-40 years old 3. Female-to-Male transgender individual 4. HIV-negative 5. Body mass index 18.5-24.9 kg/m2 6. Negative urine pregnancy test 7. Calculated creatinine clearance (CrCl) ≥60 mL/min, as estimated by the Cockcroft-Gault equation 8. Alanine aminotransferase (ALT) ≤2.5 x ULN 9. Signed the informed consent form Exclusion Criteria: 1. Known history of allergy to hormonal component to be used in the study 2. Use of pre-exposure prophylaxis or post-exposure prophylaxis in the past 30 days 3. Use of injectable MHT in the past 3 months 4. Evidence of current hepatitis B virus infection (HBV) - i.e. hepatitis B surface antigen \[HBsAg\] positive 5. Evidence of current hepatitis C virus infection (HCV) - i.e. HCV antibody positive 6. History of myocardial infarction or coronary artery disease 7. Current use of any of the following: * Anticonvulsants: carbamazepine, oxcarbazepine, phenytoin, or phenobarbital * Herbs: gingko biloba, St John's wort or milk thistle * Anti-infective agents: protease inhibitors, rifampicin or rifabutin 8. History of gastrointestinal tract surgery that alter gastrointestinal tract and/or drug absorption 9. Alcohol or drug use that, in the opinion of the investigator, would interfere with completion of study procedures",,include,Transgender population and GAHT intervention/exposure identified,include,Unverified legacy keyword heuristic: Transgender population and GAHT intervention/exposure identified,legacy_keyword_heuristic_unverified,,
NCT04596592,Pubertal Blockade and Estradiol Effects on Cardiometabolic Health for Transitioning Youth,OBSERVATIONAL,RECRUITING,Transgenderism; Gender Dysphoria; Insulin Sensitivity,,,Transgender and cisgender adolescents,"Inclusion Criteria (transgender females): * Identify as a transgender female * Age 13-16 years at the time of enrollment * If on a gonadotropin releasing hormone analogue, \> 6 months exposure * Plan to start estradiol clinically in \< 4 months Inclusion Criteria (cisgender males and females): * Males and females ages 13-16 years Exclusion Criteria: * Cognitive, psychiatric, or physical impairment resulting in inability to tolerate the study procedures * Antipsychotic medication use * Type 1 or 2 diabetes (by medical history) * Polycystic ovarian syndrome (PCOS for cisgender females) * Hypertension (resting BP ≥ 140/90 mm/Hg) * Weight\> 400 lbs * On oral progesterone medications (including oral progesterone or progestin, combined oral contraceptives or etonogestrel implant) * Pregnancy (for cisgender females)",,include,Transgender population and GAHT intervention/exposure identified,include,Unverified legacy keyword heuristic: Transgender population and GAHT intervention/exposure identified,legacy_keyword_heuristic_unverified,,
NCT04600986,Repeated Doses of GnRH Agonist as Oocyte Triggering in Antagonist Protocol for Patients With Polycystic Ovary Syndrome,INTERVENTIONAL,COMPLETED,Polycystic Ovary Syndrome,,OTHER: Repeated dose of GnRH agonist — 0.2 mg triptorelin plus a repeat dose of 0.1 mg 12 hours following the first dose.,,Inclusion Criteria: All PCOS patients defined as per the ESHE/ASRM Rotterdam criteria undergoing ovarian stimulation for IVF/ICSI using GnRH antagonist protocol: 1. Anticipated high ovarian response (serum E2\> 3000 on trigger day) 2. Body mass index (BMI) \>18 and \<35 kg/m2 3. Willingness to participate in the study Exclusion Criteria: 1. Severe male factor infertility 2. Patients with severe endometriosis 3. Donor cycles 4. Indication for preimplantation genetic diagnosis 5. Uterine abnormality or existing myoma greater than 5cm 6. couple's drug addiction,,exclude,Cisgender/unrelated indication,exclude,Unverified legacy keyword heuristic: Cisgender/unrelated indication,legacy_keyword_heuristic_unverified,,
NCT04608695,Ovarian Needle Puncture for Follicle Activation in IVF Patients With Diminished Ovarian Reserve,INTERVENTIONAL,UNKNOWN,Activation of Primordial Follicles,,"PROCEDURE: Ovarian puncture — One side ovary of each patient included in the study, will be punctured 10 times under trans-vaginal ultrasound guidance with 17 gauge ovarian pick up needle, 1 month before the scheduled IVF cycle. Control group will be the other side ovary for each patient. Number of ≥ 14 mm follicle and collected oocytes will be compared.",,Inclusion Criteria: * Patients with diminished ovarian reserve * \<3 oocytes collected in previous cycle (with anti-mullerian hormone \<0.5 ng/mL and/or antral follicle count \<5) * Cycles stimulated with flexible antagonist protocol * Cycles triggered with recombinant hCG * Fresh transfer cycles * Patients with \<40 years of age * BMI \<30 kg/m2 Exclusion Criteria: * Preimplantation genetic testing * Azospermia,,exclude,Does not explicitly meet both criteria (Trans population + GAHT),exclude,Unverified legacy keyword heuristic: Does not explicitly meet both criteria (Trans population + GAHT),legacy_keyword_heuristic_unverified,,
NCT04616963,Emtricitabine/Tenofovir Alafenamide Switch Study for Transgender Individuals for HIV Pre-exposure Prophylaxis,INTERVENTIONAL,ACTIVE_NOT_RECRUITING,Hiv; Hormone Therapy,,"DRUG: Emtricitabine / Tenofovir Disoproxil Oral Tablet 200/300 mg — Following Phase I lead-in, all participants will continue PrEP with fixed dose combination daily oral F/TAF substituting for F/TDF in Phase II. Participants will continue to receive PrEP in accordance with standardized comprehensive methods of prescribing, which includes risk reduction counseling, adherence counseling, and clinical assessments with safety monitoring, as well as HIV and STI screening. Participants will receive daily adherence-supporting text message reminders through 12 weeks after F/TAF initiation.; DRUG: Emtricitabine Tenofovir Alafenamide 200/25 mg — Following Phase I lead-in, all participants will continue PrEP with fixed dose combination daily oral F/TAF substituting for F/TDF in Phase II. Participants will continue to receive PrEP in accordance with standardized comprehensive methods of prescribing, which includes risk reduction counseling, adherence counseling, and clinical assessments with safety monitoring, as well as HIV and STI screening. Participants will receive daily adherence-supporting text message reminders through 12 weeks after F/TAF initiation",,"Inclusion Criteria: 1. Transgender or non-binary, defined as identifying with a gender differently from sex assigned at birth 2. Age 18 years or older 3. Currently eligible to take F/TDF for PrEP and willing to switch to F/TAF 4. Negative for HIV infection 5. Acceptable renal function as measured by calculated creatinine clearance of at least 60 mL/min by the Cockcroft-Gault formula in the past 30 days Exclusion Criteria: 1. Unable to give informed consent 2. Active hepatitis B defined by a positive hepatitis B surface antigen (HBsAg) 3. Substantial medical condition that, in the opinion of the investigator, would preclude participation, as defined by * gastrointestinal condition that would impair absorption of study drugs * known condition of reduced bone density (e.g. osteoporosis or osteogenesis imperfect) that significantly elevate the risk of bone fracture * neurological or severe psychiatric condition that would significantly impair the ability to adhere to PrEP * tubular or glomerular kidney disease that could be exacerbated by tenofovir * other medical condition that would unacceptably increase the risk of harm from study drug or significantly impair the ability to adhere to PrEP 4. Suspected sensitivity or allergy to the study drug or any of its components 5. Currently using an essential product or medication that interacts with the study drug such as the following: * other antiretroviral agent other than F/TDF (including nucleoside analogs, non-nucleoside reverse transcriptase inhibitors, integrase inhibitors, protease inhibitors or investigational antiretroviral agents) * agents with known nephrotoxic potential: * aminoglycoside antibiotics (including gentamicin) * IV amphotericin B * cidofovir * cisplatin * foscarnet * IV pentamidine * IV vancomycin * oral or IV gancyclovir * other agents with significant nephrotoxic potential \- drugs that slow renal excretion * probenecid \- immune system modulators * systemic chemotherapeutic agents (i.e. cancer treatment medications) * ongoing systemic corticosteroids (with the exception of short courses of tapering steroid doses for asthma or other self- limited condition). * interleukin-2 (IL-2) * interferon (alpha, beta, or gamma) \- other agent known to have a significant interaction with TDF, TAF, or FTC * the following table includes medications/herbal supplements to be excluded or should be used with caution while participants are taking study drugs due to potential drug-drug interactions with F/TAF. 6. Proteinuria 2+ or greater by urine dipstick 7. Pregnancy (if applicable) 8. Other condition that, in the opinion of the investigator, would put the participant at risk, complicate interpretation of study outcome data, or would otherwise interfere with participation or achieving the study objectives",,include,Transgender population and GAHT intervention/exposure identified,include,Unverified legacy keyword heuristic: Transgender population and GAHT intervention/exposure identified,legacy_keyword_heuristic_unverified,,
NCT04708600,Effectiveness of Speech Therapy in Trans Women.,INTERVENTIONAL,COMPLETED,Transgenderism; Gender Dysphoria; Speech Therapy; Voice Disorder Due to Transsexualism,,"BEHAVIORAL: Pitch Elevation Therapy — Goal: mean fundamental frequency of 180Hz (range 140 and 300Hz); Doses and duration: 5 one hour sessions (5h), 5 weeks Content: * auditory discrimination of lower and higher tones * pitch glides * pitch glides using straw phonation and resonance tube phonation * practice of higher pitch voice (target: 180Hz) in isolated vowels - syllables - mono and bisyllabic words -phrases - sentences and texts - conversation (generalization to spontaneous speech); BEHAVIORAL: Articulation Resonance Therapy — Goal: increase in lipspreading, forward tongue carriage, larynx elevation, forward resonance, precise articulation; 5 sessions Doses and duration: 5 one hour sessions (5h), 5 weeks Content: * auditory and visual discrimination of forward vs backed tongue carriage and lip spreading vs lip rounding) * practice of technique on isolated vowels -syllables -mono and bisyllabic words - phrases - sentences and texts - conversation (generalization to spontaneous speech) * practising larynx elevation through the twang technique, isolated vowels -syllables -mono and bisyllabic words - phrases - sentences and texts - conversation (generalization to spontaneous speech) * forward resonance, focusing on oral forward resonance rather than chest resonance, isolated vowels -syllables -mono and bisyllabic words - phrases - sentences and texts - conversation (generalization to spontaneous speech) * clear, precise articulation and cork exercise; BEHAVIORAL: Sham therapy — Goal: active sham treatment, 4 sessions Doses and duration: 4 one hour and 15 minutes sessions (5h), 4 weeks Content: * providing information about vocal function, vocal surgery, vocal hygiene, transgender health care * discussing communication aspects and patterns, possible exercise contexts, communication partners, expectations of voice modification, conversational subjects * active intervention on nonverbal communication (Kinesics, gestures and sign language, facial expression, haptics, proxemics, occulsics, and physical appearance) * practising costo abdominal breathing patterns",,"Inclusion Criteria: * established diagnose and gender identity confirmed by the gender team, * aged between 18 and 70 years, * self-reported normal hearing, * native Dutch speaker, * under hormonal treatment (confirmed by blood analysis), * female gender role, perceived as male speaker at the beginning of the therapy by the investigators * speaking fo within the male or ambiguous zone (\<180Hz). Exclusion Criteria: * history of neurological disorders, previous phonosurgery or speech therapy * pathology of the vocal folds (observed by videolaryngostroboscopic examination of the vocal cords), * smokers. * to form a homogeneous study population gender non-binary persons will not be included in this study.",,exclude,Does not explicitly meet both criteria (Trans population + GAHT),exclude,Unverified legacy keyword heuristic: Does not explicitly meet both criteria (Trans population + GAHT),legacy_keyword_heuristic_unverified,,
NCT04733144,Bioequivalence Study of Prednisolone and Dexamethasone,INTERVENTIONAL,UNKNOWN,Healthy Volunteers,,"DRUG: Prednisolone — 7,5 mg prednisolone (low dose) 30 mg prednisolone (high dose); DRUG: Dexamethasone — 1,125 mg dexamethasone 4,5 mg dexamethasone",,"Inclusion Criteria: * Participants must be healthy with no relevant medical history and no use of medication. * Female participants aged \<50 years must be using oral contraceptives and female participants age ≥50 years must be in the postmenopausal state * Command of the Dutch language * Providing written IC * BMI between 18.5 and 30 kg/m2 * Participants must be between 18 and 75 years of age Exclusion Criteria: * Potential participants who are unlikely to adhere to the study protocol (for instance subjects which have a history of substance abuse or non-compliance) * Potential participants with a medical history of: 1. Diseases affecting the HPA-axis: e.g. primary and secondary adrenal insufficiency, pituitary tumors, and nightshift workers 2. Diseases affecting the HPG-axis: e.g. Cushing disease. 3. Chronic inflammatory diseases: e.g. rheumatoid arthritis, polymyalgia rheumatic, and asthma 4. Psychiatric diseases 5. Diabetes * Shift workers * Potential participants with a kidney function \<60 ml/min/1.73m2, abnormalities in liver enzymes, and/or abnormalities in thyroid function * Potential participants who are dependent on corticosteroids, e.g. asthmatic patients, and transplant recipients",,exclude,Cisgender/unrelated indication,exclude,Unverified legacy keyword heuristic: Cisgender/unrelated indication,legacy_keyword_heuristic_unverified,,
NCT04736797,Transition in Transgender,OBSERVATIONAL,UNKNOWN,Gender Dysphoria,,,Transgender people seeking gender-affirming hormonal treatment who fullfill the inclusion criteria,"Inclusion Criteria: 1. a diagnosed gender dysphoria (DSM 5) or gender incongruence (ICD-11) 2. the pursuit of hormone therapy 3. native German speakers 4. age: 18-55 5. written informed consent following oral and written information 6. persons who are legally competent and mentally able to follow the instructions of the staff Exclusion Criteria: 1. drug abuse/addiction 2. first-degree relatives with psychotic disorders 3. pregnant or breastfeeding 4. traumatic brain injuries 5. neurological diseases 6. known internal, e.g. metabolic, endocrine or cardiac disorders 7. magnetic metal implants 8. hearing disorders, voice disorders and pronounced hoarseness 9. shift workers or irregular day-night rhythm 10. persons placed in an institution by order of the authorities or courts 11. persons who are in a dependent or employment relationship with the auditor 12. simultaneous participation in a clinical trial 13. hormone treatment already started",,include,Transgender population and GAHT intervention/exposure identified,include,Unverified legacy keyword heuristic: Transgender population and GAHT intervention/exposure identified,legacy_keyword_heuristic_unverified,,
NCT04742491,Pre-Exposure Prophylaxis for Transgender Women in the US and South America,INTERVENTIONAL,COMPLETED,HIV Prevention,,"DRUG: Immediate Intervention Arm — Truvada, Descovy in the United States; Truvada in Brazil; DRUG: Deferred Intervention Arm — Truvada, Descovy in the United States; Truvada in Brazil",,"Inclusion Criteria: * TGW (assigned male at birth, trans-feminine spectrum - as defined in the SSP Manual - by self-report) who meet all of the following criteria are eligible for inclusion in this study. * Eighteen years or older at the time of screening. * Willing and able to provide informed consent for the study. * Interest in PrEP - as defined in the SSP Manual. * Non-reactive HIV test results at Screening and Enrollment. * Available to return for all study visits and within site catchment area, as defined per site's Standard Operating Procedures (SOP). * At risk for sexually acquiring HIV infection based on self-report of at least one of the following: 1. Any anal or vaginal sex with one or more serodiscordant or HIV-unknown serostatus sexual partners in the previous 3 months, regardless of condom use. 2. Anal or vaginal sex in exchange for money, food, shelter, or other goods or favors in the previous 3 months. 3. History of STI(s) in the past 6 months. * Willing to undergo all required study procedures. * General good health, as evidenced by the following laboratory values: 1. Calculated creatinine clearance ≥ 60 mL/minute using the Cockcroft-Gault equation. 2. Alanine aminotransferase (ALT) and aspartate aminotransferase (AST) \< 2.5 times the upper limit of normal (ULN.) 3. HBV surface antigen (HBsAg) negative. Note: Otherwise eligible participants with laboratory results outside the above-mentioned values, with the exception of those with reactive HIV test, can be re-tested during the screening window. Participants with reactive HIV tests will not be able to rescreen. Note: Participants who practice receptive vaginal sex cannot be provided Descovy® as it is not approved for this indication. Exclusion Criteria: 1. Any reactive or positive HIV test result at Screening or Enrollment, even if HIV infection is not confirmed. 2. Plans to move away from the site area within the next 18 months. 3. Co-enrollment in any other research study that may interfere with this study (as provided by self-report or other available documentation). Exceptions may be made after consultation with the Clinical Management Committee (CMC). 4. Current or chronic history of liver disease (e.g., non-alcoholic or alcoholic steatohepatitis) or known hepatic or biliary abnormalities (with the exception of Gilbert's syndrome, asymptomatic gallstones, or cholecystectomy). 5. History of deep vein thrombosis, pulmonary embolism, and/or clotting disorder. 6. Active or planned use of medications with significant drug interactions as described in the Package Insert for Truvada® or Descovy®, per clinician's discretion (provided by selfreport or obtained from medical history or medical records). See Section 5.8 for a full list of drug interactions. 7. Any other condition, including but not limited to alcohol or substance abuse and uncontrolled medical condition and/or allergies, that, in the opinion of the Investigator of Record (IoR)/designee, would preclude informed consent, make study participation unsafe, complicate interpretation of study outcome data, or otherwise interfere with achieving the study objectives would make the patient unsuitable for the study or unable/unwilling to comply with the study requirements.",,include,Transgender population and GAHT intervention/exposure identified,include,Unverified legacy keyword heuristic: Transgender population and GAHT intervention/exposure identified,legacy_keyword_heuristic_unverified,,
NCT04742816,Renal Effects of Hormones/Biomarkers in Transgender PrEP Recipients,INTERVENTIONAL,COMPLETED,Transgender; Renal Function; Hormone Replacement Therapy,,DIAGNOSTIC_TEST: IHX-CL measurements — The distribution of measured IHX-CL values and other continuous variables will be assessed to ensure a parametric distribution.; DRUG: Iohexol — Iohexol clearance measurement,,"Inclusion Criteria: * HIV-uninfected * Identifying as transgender or nonbinary (TG/NB) * Age ≥ 18 years (adult) * At risk of acquiring HIV * Calculated creatinine clearance (CRCL) ≥ 60 mL/minute * Taking emtricitabine/tenofovir alafenamide * Willing to receive a small dose of iohexol * Willing to provide 30 mL blood and a urine sample Exclusion Criteria: * Allergy to iohexol * Use of concurrent medications that may interfere with iohexol such as metformin, amiodarone or beta-blockers * Anuric or unable to produce 30 mL of urine * Other condition that, in the opinion of the investigator, would put the participant at risk, complicate interpretation of study outcome data, or would otherwise interfere with participation or achieving the study objectives",,exclude,Does not explicitly meet both criteria (Trans population + GAHT),exclude,Unverified legacy keyword heuristic: Does not explicitly meet both criteria (Trans population + GAHT),legacy_keyword_heuristic_unverified,,
NCT04760691,Pre-Exposure Prophylaxis (PrEP)- Gender Affirming Hormone Therapy (GAHT) Interactions in TGW,INTERVENTIONAL,COMPLETED,HIV; Prophylaxis; Transgender,,DRUG: Truvada alone — TDF/FTC 300 mg (milligrams) / 200 mg by mouth once daily; DRUG: Truvada plus Leuprolide 11.25mg intramuscular injection — TDF/FTC 300mg/ 200 mg by mouth once daily Leuprolide 11.25 mg intramuscular injection once; DRUG: Truvada plus Estradiol 1 mg — TDF/FTC 300mg/ 200 mg by mouth once daily Estradiol 1 mg by mouth once daily; DRUG: Truvada plus Estradiol 6 mg — TDF/FTC 300mg/ 200 mg by mouth once daily Estradiol 3 mg by mouth twice daily; DRUG: Estradiol 6 mg alone — Estradiol 3 mg by mouth twice daily,,"Inclusion Criteria: 1. 18 years of age or older 2. Self-identifying as a transgender woman 3. Not currently taking any gender affirming hormonal therapy (GAHT) with a total testosterone concentration of ≥ 200 ng/dL, or willing to abstain from feminizing therapies (including estradiol, spironolactone, progesterone, etc.) until total total testosterone concentrations are ≥ 200 ng/dL. Note: Testosterone may be retested every 2-4 weeks during screening to determine eligibility up to 6 weeks. 4. HIV-1 uninfected at screening as documented by Combo Ag/Ab HIV-1/HIV-2 immunoassay 5. Understand and agree to local STI reporting requirements 6. Able and willing to communicate in English 7. Able and willing to provide written informed consent to take part in the study 8. Able and willing to provide adequate information for locator purposes 9. Able and willing to participate in a directly observed study, which may occur in person, using live streaming or a time stamped video? 10. Availability to return for all study visits, barring unforeseen circumstances 11. Willing to abstain from insertion of anything (drug, enema, penis, or sex toy) in rectum for 72 hours before and 72 hours after each flexible sigmoidoscopy 12. Willing to refrain from aspirin and NSAID use for one week before and after each study biopsy visit 13. Willing and able to use condoms for all Receptive Anal Intercourse (RAI) for the duration of participation 14. Willing and able to participate in a directly observed study, which may occur in person, using live streaming or a time stamped video 15. Has an identified healthcare provider for transgender health management 16. Agree not to participate in other research studies involving drugs and/or medical devices for the duration of the study Exclusion Criteria: 1. Not currently on any PrEP regimen (e.g., Truvada®, tenofovir alafenamide/ emtricitabine) 2. History of chronic Hepatitis B infection, as documented by positive HBsAg at screening 3. ≥ Grade 2 laboratory abnormality at baseline as defined by Division of AIDS Table for Grading the Severity of Adult and Pediatric Adverse Events, Corrected Version 2.1 - July 2017, and Addendum 3 (Rectal Grading Tables for Use in Microbicide Studies) 4. Significant colorectal symptom(s) as determined by medical history or by participant self- report (including but not limited to presence of any unresolved injury, infectious or inflammatory condition of the local mucosa, history of inflammatory bowel disease, presence of symptomatic hemorrhoids, and presence of any painful anorectal conditions that would be tender to manipulation) 5. At screening or within the past 2 months: participant-reported symptoms and/or clinical or laboratory diagnosis of active rectal infection requiring treatment per current Centers for Disease Control (CDC) guidelines or symptomatic urinary tract infection (UTI). Infections requiring treatment include Chlamydia (CT), gonorrhea (GC), syphilis, active herpes simplex virus (HSV) lesions, chancroid, genital sores or ulcers, and, if clinically indicated, genital warts. Note that HSV seropositivity with no active genital lesions is not an exclusion criterion. (Note: if an Sexually Transmitted Infection (STI) apart from HIV is detected, the participant will be referred for treatment and can be retested in 30 days and rescreened once.) 6. History of an underlying clinically significant cardiac arrhythmia or renal disease (including creatinine clearance \< 60 mL/min using Cockcroft-Gault equation) 7. Serum phosphate \< 2.3 mg/dL 8. History of severe or recent cardiac or pulmonary event 9. History of significant gastrointestinal bleeding 10. Current use of warfarin or heparin or other anticoagulant medications associated with increased risk for bleeding following mucosal biopsy (e.g., daily high dose aspirin \[\>81 mg\], Non-steroidal anti-inflammatory drug \[NSAIDs\], or Pradaxa®) 11. Use of systemic or anorectal immunomodulatory medications within 4 weeks of enrollment or planned use at any time during study participation",,include,Transgender population and GAHT intervention/exposure identified,include,Unverified legacy keyword heuristic: Transgender population and GAHT intervention/exposure identified,legacy_keyword_heuristic_unverified,,
NCT04818580,Progressive Tension Sutures in Gender Affirming Mastectomy,INTERVENTIONAL,TERMINATED,Hematoma; Seroma,"50 patients seeking gender affirming mastectomy will be treated with different closure techniques in each side of their chest - one side will receive progressive tension sutures between pectoral fascia and the mastectomy flap, and the other side will not. Both sides will have drains in the mastectomy site. Rates of hematoma, seroma, and other complications will be compared between each chest side via standard statistical techniques for hypothesis testing.","PROCEDURE: Progressive Tension Sutures — In each patient, one side of the chest will receive progressive tension sutures inside the mastectomy pocket, from pectoral fascia to underside of mastectomy flap. 2-0 Vicryl about 15-20 sutures per chest. Both sides will receive bilateral drains (standard of care)",,Inclusion Criteria: 1. Being consulted for gender affirming mastectomy with the senior author (AH). 2. \>18 years of age at the time of enrollment. 3. Transgender or gender nonbinary gender identity. 4. All co-morbidities and all indications. Exclusion Criteria: 1. Age less than 18 years. 2. BMI \< 23.,,exclude,Does not explicitly meet both criteria (Trans population + GAHT),exclude,Unverified legacy keyword heuristic: Does not explicitly meet both criteria (Trans population + GAHT),legacy_keyword_heuristic_unverified,,
NCT04820088,Simulated Conversation Training for Mental Healthcare Providers to Improve Care for Transgender and Gender Nonconforming Individuals,INTERVENTIONAL,UNKNOWN,Gender Affirming Communication Skills,"Phase I: Eligible participants (n=20) will be recruited to participate in a feasibility evaluation of the client intake module to be developed. Participants will complete pre- and post-intervention knowledge assessment outcome measures. The gain score, defined as the difference between the pre-training and post-training score, will be calculated for each participant. Each participant will spend up to 2 hours interacting with the intervention. Additionally, an implementation focus group (n=6) of administrators, educators, and key decision-makers will be conducted to assess the feasibility of implementing the proposed training suite in their programs. Phase II: During Phase II, participants (n=100) will complete in two standardized patient encounters pre- and post-intervention to evaluate the efficacy of the proposed training suite. Participants assigned to the intervention group will receive 10 hours of training with the product and will be asked to complete a Training Experience Questionnaire after their post-intervention standardized patient encounter. Control group participants will receive the APA guidelines for Psychological Practice with Transgender and Gender Non-Conforming People for review. Control group participants will submit their notes taken while reviewing the guidelines. It is expected that the intervention group will show increased knowledge, skill, awareness, and cultural competency when working with the target population as measured by the Standardized Patient encounters as rated on a Standardized Patient Checklist. Additionally, the team anticipates the experimental group participants will rate the training suite as easy to use, relevant, and realistic.","OTHER: Computer based role play trianing — Participants will train with a computer-based role-play simulation. They will interact with a lifelike video character on screen. They will interact with the character in one of four scenarios (i.e., patient intake, traditional needs, high-risk needs,and social and physical transition). They will receive real-time and after-action feedback in a safe, non-stressful environment. Their usage of the system will be monitored and transcripts will be collected.",,"Phase I: Feasibility Evaluation: Participants (n=20) will be masters and doctoral candidates from M.A. and Ph.D. psychology programs. Participants will meet the following inclusion criteria: (1) Currently enrolled full-time in one of the following programs: The University of Massachusetts-Boston Clinical Ph.D. Program, the University of Kentucky M.A. and Ph.D. programs in Counseling Psychology, the University of Tennessee Ph.D. program in Counseling Psychology, and the Palo Alto University Ph.D. Program in Clinical Psychology (see letters of support). Participants will be excluded for the following: No participants will be excluded on the basis of race, gender, background, or ethnicity. Implementation Focus Group (n=6): Participants will be included if they are the director of a psychology program or provider training organization. Participants will be excluded if they have (1) uncorrected vision or hearing problems that prevent using the software. No participants will be excluded on the basis of race, gender, background, or ethnicity. Phase II: Randomized Controlled Trial (RCT): In Phase II participants (n=100) in the Randomized Controlled Trial (RCT) are students enrolled in graduate clinical and counselling psychology programs in the Baltimore/Washington D.C. area. The study will include male and female subjects, all 18 years of age or older. One-Hundred (100) participants will be enrolled, from those that apply by a specified deadline, that meet the following inclusion criteria: (1) Currently enrolled full-time in one of the following programs: Towson University Counseling M.A. Program, Towson University Clinical M.A. Program, Howard University Counseling Ph.D. program, and The George Washington University graduate program in LGBT Health (see letters of support). Participants will be excluded if: No participants will be excluded on the basis of race, gender, background, or ethnicity.",,exclude,Does not explicitly meet both criteria (Trans population + GAHT),exclude,Unverified legacy keyword heuristic: Does not explicitly meet both criteria (Trans population + GAHT),legacy_keyword_heuristic_unverified,,
NCT04838249,"Effects of Cross-sex Hormone Therapy on Eating Behavior, Metabolism, Energy Balance and Cardiovascular System",OBSERVATIONAL,RECRUITING,Transsexualism; Transgenderism; Adiposity; Eating Behavior; Arterial Stiffness; Microangiopathy,,,"Transsexual patients will be recruited in the outpatient clinic for Endocrinology at the University Hospital Leipzig. Patients seeking cross-sex hormone therapy will be asked before starting cross-sex hormone therapy for their willingness to participate in the study. If the patients would like to participate, a screening of in- and exclusion criteria will be performed. If the patient matches the criteria, the patient will be informed about the study procedures and eventual risks and if written consent will be given, the patient will be included into the study. Willingness to participate in the study will not influence the medical treatment. A control group of men and women matched for age, body mass index, health status and education who are nor undergoing cross-sex hormone therapy will be recruited through advertisements in the internet.","Inclusion Criteria: * transsexual patients undergoing cross-sex hormone therapy versus controls * able to give informed consent, if \<18 years from all legal guardians * only for part B (patients will participate in all other study parts): weight stable (± 5%) for last 3 months, BMI ≤ 30 kg/m2 Exclusion Criteria: * severe medical impairments (e.g., uncontrolled cardiovascular disease, severe heart failure, uncontrolled hypertension, cerebral insult, active malign disease, etc.) * self-initiated cross-sex hormone therapy before study start only for part B (patients will participate in all other study parts): Insufficiently controlled endocrine disorders (Cushing's disease, other uncontrolled pituitary disorders, uncontrolled hypothyroidism, hyperthyroidism, etc.) * Chronic pulmonary disorders, including chronic obstructive pulmonary disease that would limit ability to follow the protocol (investigator judgment) and obstructive sleep apnea syndrome; only subjects with mild or exercise-induced asthma on no medications or on beta-adrenergic agonists only will be allowed to enter the study (provided use of these agents is not required for 1 week before * Diagnosed gastrointestinal diseases, including inflammatory bowel diseases (e.g. Crohn's disease and ulcerative colitis), malabsorption syndromes (e.g. celiac disease), gastric ulcer (active); only subjects with gastro-esophageal reflux will be allowed to enter the study entry). * History of HIV infection or ongoing chronic infection (such as tuberculosis) * only for part D (patients will participate in all other study parts): Contraindication against performance of an MRI scan (i.e., presence of metal in body, tattoos in head/neck region, claustrophobia etc.)",,include,Transgender population and GAHT intervention/exposure identified,include,Unverified legacy keyword heuristic: Transgender population and GAHT intervention/exposure identified,legacy_keyword_heuristic_unverified,,
NCT04864951,HPV Prevalence in Transpersons - a Prospective Study,INTERVENTIONAL,COMPLETED,Papillomavirus Infection; Transsexualism,,"DIAGNOSTIC_TEST: Colli-Pee urine collection device — first-void urine is collected using Colli-Pee and subsequently analyzed using Anyplex™ II HPV HR Detection from Seegene.; OTHER: Survey — Subjects are asked to complete a survey that includes questions about sexual orientation, hormone therapy, gender reassignment surgery, number of sexual partners, HPV vaccination, and smoking",,Inclusion Criteria: * Transpeople * Age over 18 years * Sufficient knowledge of German Exclusion Criteria: * Age under 18 years * Insufficient knowledge of German,,exclude,Does not explicitly meet both criteria (Trans population + GAHT),exclude,Unverified legacy keyword heuristic: Does not explicitly meet both criteria (Trans population + GAHT),legacy_keyword_heuristic_unverified,,
NCT04867798,Transgender Men and HIV in Uganda: PrEP Uptake and Persistence,OBSERVATIONAL,COMPLETED,HIV; Sexually Transmitted Infections; PrEP; Transgender Men,,"DRUG: Lamivudine-Tenofovir 300 Mg-300 Mg Oral Tablet — PrEP eligible participants will be asked to follow up monthly for 12 months. PrEP will be prescribed for once-daily use and discontinued if HIV tests are positive. At quarterly visits, participants will receive Integrated Next Steps Counseling (iNSC) for PrEP adherence with point-of-care drug level feedback. Participants will receive iNSC Support Level 1 to address PrEP adherence and sexual health needs. Those with urine tenofovir levels \<1500 ng/mL will receive iNSC Support Level 2, in which participant responses to two 7-item questionnaires on PrEP adherence and sexual health will guide problem solving on improved dosing. Medication refills will consist of 3-month supplies.",Transgender men (up to 50 participants). Gender identity will be assessed using a two-step approach: 1. What is your current gender? 2. What sex were you assigned at birth?,"Inclusion Criteria: * Report female sex assigned at birth but currently identify as male * Age ≥18, or if 14-17 years, qualification as a mature or emancipated minor due to having a sexually transmitted infection or cater for own livelihood * Report condom-less sex in the past 6 months * Able and willing to provide written informed consent Exclusion Criteria: * Currently enrolled in a biomedical HIV prevention study * Any clinically significant or chronic medical condition that is considered progressive or in the opinion of the investigator would make the participant unsuitable for the study, including severe infections requiring treatment such as tuberculosis, alcohol or drug abuse, or mental illness which preclude provision of informed consent. Those with alcohol or drug abuse who are able to independently provide consent will be not be excluded. * Not planning to remain in the geographic area for the duration of the study",,exclude,Does not explicitly meet both criteria (Trans population + GAHT),exclude,Unverified legacy keyword heuristic: Does not explicitly meet both criteria (Trans population + GAHT),legacy_keyword_heuristic_unverified,,
NCT04869865,"The Effects of a Springtime Home Cleanse on Skin, Gut, Metabolic and Mental Health",INTERVENTIONAL,UNKNOWN,Healthy,,"DIETARY_SUPPLEMENT: 9-day detoxification cleanse and 1 week of pre-cleanse transition — Subjects will participate in the full 9-day Springtime Home Cleanse, including the week prior to a pre-cleanse transition period. The cleanse includes a transition week, 9 days of a monodiet, internal oleation with ghee, external oleation, herbs, purgation, and an enema. During this time, subjects will also attend daily online meetings on Facebook Live throughout the cleanse and on AyurPrana's AyurLearn online portal to participate in guided mediation and yoga. Subjects will also use these platforms to access daily cleanse instructions and journaling topics.",,"Inclusion Criteria: * Males and females (ages 18-69) * Individuals must be able to read and comprehend study procedures and consent forms. * Individuals who have baseline metabolic, gut or stress dysfunction * Individuals must be able to minimize activity during the home cleanse for full participation and compliance. * Individuals must be willing to reduce caffeine, sugar, alcohol, dairy and carbohydrate rich foods throughout the study. * Individuals must be willing to have flash photo facial images taken with imaging systems. Exclusion Criteria: * Individuals with a known allergy to lime or lime juice, ginger or ginger pickle, turbinado sugar, rock salt, curcumin, coriander, fennel, cardamom, cinnamon, trikatu, yellow mung dal, kitchari spice, triphala, dashamula and guduchi powder, castor oil and chyavanprash. * Individuals who are lactose intolerant, or with a known allergy to ghee. * Individuals who are in the process of being vaccinated. * Individual who have a history of gastrointestinal inflammatory diseases or a history or diagnosis of immunologic or infectious disease (e.g. hepatitis, tuberculosis, HIV or AIDS, lupus, rheumatoid arthritis) or other similar systemic diseases in the opinion of the investigator. * Individuals who are recovering from a serious illness (requiring hospitalization), infection (requiring hospitalization), or surgery within one month of starting the study or unwilling to wait one month after their illness, infection, or surgery prior to starting the study. * Individuals who are recovering from a non-serious illness or infection who are recovered and unwilling to wait 2 weeks from their illness or infection. * Individuals who are in a concurrent intervention based clinical research study at this site or any other facility in the past two weeks. * Has a condition or is on a medication the investigator and/or designee believes could jeopardize the safety of the subject, interfere with the evaluation, or confound the interpretation of the study results. * Individuals who have had exposure to systemic antibiotics within the month prior or unwilling to wash out for a month. * Women who are pregnant or breastfeeding. * Individuals who are cognitively impaired. * Prisoners",,exclude,Does not explicitly meet both criteria (Trans population + GAHT),exclude,Unverified legacy keyword heuristic: Does not explicitly meet both criteria (Trans population + GAHT),legacy_keyword_heuristic_unverified,,
NCT04899193,Pergoveris FD and Liquid China BE Study,INTERVENTIONAL,COMPLETED,Healthy,,DRUG: Pergoveris FD — Participants will be administered with 900 IU of recombinant human follicle-stimulating hormone (r-hFSH) and 450 IU of recombinant human luteinizing hormone (r-hLH) freeze-dried powder (Freeze-dried Pergoveris) as subcutaneous injection on Day 1 in investigation period 1 or investigation period 2 or investigation period 3. There will be a washout period of 6 days between investigation period 1 and investigation period 2 and 17 days between investigation period 2 and investigation period 3.; DRUG: Pergoveris Liquid — Participants will be administered with 900 IU of r-hFSH and 450 IU of r-hLH solution (Pergoveris Liquid) as subcutaneous injection using disposable pen-injector on Day 1 in investigation period 1 or investigation period 2 or investigation period 3. There will be a washout period of 6 days between investigation period 1 and investigation period 2 and 17 days between investigation period 2 and investigation period 3.; DRUG: Gonal-f — Participants will be administered with 900 IU of folitropin alfa (Gonal-f) as subcutaneous injection on Day 1 in investigation period 1 or investigation period 2 or investigation period 3. There will be a washout period of 6 days between investigation period 1 and investigation period 2 and 17 days between investigation period 2 and investigation period 3.; DRUG: Luveris — Participants will be administered with 450 IU of lutropin alfa (Luveris) as subcutaneous injection on Day 1 in investigation period 1 or investigation period 2 or investigation period 3. There will be a washout period of 6 days between investigation period 1 and investigation period 2 and 17 days between investigation period 2 and investigation period 3.,,"Inclusion Criteria: * Participants who are overtly healthy as determined by medical evaluation, including medical history, physical examination, laboratory tests, and ECG, blood pressure (systolic and diastolic) and pulse rate * Participants who have a negative serum pregnancy test before starting Marvelon and on the days before the Pergoveris or Gonal-f/Luveris dose * Participants who are taking an oral contraceptive pill (OCP) for at least 1 month prior to Screening and are willing to take the combined oral contraceptive pill (COCP) during the study and to recommence taking their own OCP from Day 55 after the first Pergoveris or Gonal-f/Luveris dosing * Participants with normal baseline follicle stimulating hormone (FSH) (\< 12 IU/L) and estradiol (E2) levels \[\<= 100 picograms per millilitre (pg/mL)\] and showing follicle size \<= 11 millimeter (mm) * Participants who had a normal Thinprep cytologic test (TCT) within the last 1 year before Screening (timeframe to be adjusted based on local routine clinical care). If not performed in routine clinical care, participant must be willing to undergo a cervical smear at Screening * Participants who have a body weight within \>= 45 kilogram (kg) and body mass index within the range 18.5 to 29.9 kilogram per meter square (kg/m\^2) (inclusive) * Other protocol defined inclusion criteria could apply Exclusion Criteria: * Participants with any condition that, in the Investigator's opinion, constitutes an inappropriate risk or a contraindication for participation in the study or that could interfere with the study objectives, conduct, or evaluation * Participants with clinically significant abnormalities of the genital organs as determined by gynecological examination and Trans Vaginal Ultrasound Scan (TVUS) and based on the Investigator's judgment (example., ovarian tumors, non-functional ovarian cysts, endometrial hyperplasia) * Participants with polycystic ovaries as defined by at least 1 of the following 2 criteria fulfilled: More than 12 follicles \< 10 mm mean diameter in either ovary or at least one ovary of \> 10 mL volume * Participants with ovarian follicle-like structures larger than 11 mm (at Screening) * Participants with positive result for syphilis, human immunodeficiency virus, hepatitis B surface antigen or hepatitis C Virus * Participants using drugs that may reduce the effectiveness of COCP (e.g., phenytoin, barbiturates, primidone, carbamazapine, oxcarbazepine, topiramate, felbamate,rifampicin, nelfinavir, ritonavir, griseofulvin, oral ketoconazole, and herbal remedies containing Hypericum perforatum \[St. John's Wort\]) * Participation in any clinical study within 3 months or 5 half-lives, whichever is longer, prior to Screening or during participation Unsuccessful downregulation, demonstrated by serum luteinising hormone (LH) or FSH levels \> 2.0 IU/L or E2 levels \> 100 pg/mL the day before Pergoveris or Gonal-f/Luveris administration, or showing follicle size \> 11 mm * Participants vaccinated with any Severe Acute Respiratory Syndrome Coronavirus-2 (SARS-Cov-2) vaccine within 4 weeks before administration of study intervention (Marvelon) * Other protocol defined exclusion criteria could apply",,exclude,Does not explicitly meet both criteria (Trans population + GAHT),exclude,Unverified legacy keyword heuristic: Does not explicitly meet both criteria (Trans population + GAHT),legacy_keyword_heuristic_unverified,,
NCT04922424,Mechanisms and Interventions to Address Cardiovascular Risk of Gender-affirming Hormone Therapy in Trans Men,INTERVENTIONAL,WITHDRAWN,Hypertension; Hyperlipidemias,,DRUG: Atorvastatin — Subjects will ingest placebo or ingest 20 mg atorvastatin for 30 days first. We will include 30 days of washout between treatments to minimize any potential carryover effects.; OTHER: placebo — Subjects will ingest placebo or ingest 20 mg atorvastatin for 30 days first. We will include 30 days of washout between treatments to minimize any potential,,"Inclusion Criteria: * Two groups (n=10 each) of subjects will be recruited to complete this study: 1) trans men between 18 and 35 years; 2) cisgender women between 18 and 35 years (Controls). They will have a body mass index (BMI) 18-30 kg·m-2. Our subjects will be matched on BMI and IR, using hemoglobin A1c and Homeostatic Model Assessment of Insulin Resistance technique (HOMA-IR) in order to isolate testosterone effects from other co-morbidities that may impact BP, sympathetic activity or endothelial function. Subjects will have HbA1c of 4-5.9% and a HOMA-IR of 0.5-1.4 to be included in the study. Subjects who smoke, have diabetes, or BP\>140/90 will be excluded. Subjects will not be taking medications during the study, including any insulin sensitizing or CV medications. Exclusion Criteria: * Subjects with the following histories or conditions will be excluded from the study: Gynecologic: a. current or past estrogen-dependent neoplasia, b. unexplained vaginal bleeding, c. history of uterine fibroids, d. current pregnancy, e. known or suspected breast or uterine cancer, f. partial or complete hysterectomy. Cardiac: a. myocardial infarction, ventricular tachycardia or fibrillation, b. angina, c. valvular disease (mitral insufficiency or stenosis, aortic insufficiency or stenosis), d. congestive heart failure, orthopnea, paroxysmal nocturnal dyspnea, e. current arrhythmias, f. prosthetic valves. Pulmonary: a. current cigarette smokers, or pipe or cigar smokers, b. chronic obstructive pulmonary disease, c. adult asthma, d. dyspnea on exertion, e. current bronchitis, pneumonia, or tuberculosis, f. lung carcinoma, g. pulmonary embolus, h. deep vein thrombosis. Vascular: a. claudications or history of peripheral vascular disease, b. abdominal or thoracic aortic aneurysm, or repair of same, c. cerebral aneurysm, vascular malformations, d. hypertension, systolic or diastolic, or strong family history of hypertension. Gastrointestinal: a. GI malignancy, b. hepatitis or other liver disease, current, c. splenomegaly from any cause, d. Cholecystitis, e. current diverticulosis or diverticulitis, inflammatory bowel disease, ulcerative colitis, Crohn's disease, f. previous gastrointestinal surgery. Infectious Disease: any ongoing intercurrent infection. Hematologic/Oncologic: a. receiving chemotherapy or radiation therapy, b. any metastatic malignancy, c. anemia (hematocrit \< 35), d. thrombocytopenia or thrombocytosis, e. neutropenia, f. hematologic malignancy, g. bleeding dyscrasia. Neurologic: a. history of cerebral vascular accident with any neurologic sequels, b. uncontrolled seizures (e.g., more than 1 seizure/year), c. transient ischemic attacks, d. dementia, e. neurologic conditions producing dyscoordination, peripheral neuropathy, or myopathy. Endocrine: a. diabetes mellitus, b. any untreated endocrinopathy. Renal: a. chronic renal diseases, b. any history of renal disease or impairment, c. current urinary tract infection. Musculoskeletal: a. inflammatory arthritis history (e.g., rheumatoid, psoriatic, Reiters), b. any history of pathologic fractures, including vertebral compression fractures. Pharmacologic: a. any illegal drug use, b. alcohol use greater than an average of 4 oz/day over 30 days, c. coumadin or heparin use.",,include,Transgender population and GAHT intervention/exposure identified,include,Unverified legacy keyword heuristic: Transgender population and GAHT intervention/exposure identified,legacy_keyword_heuristic_unverified,,
NCT04935164,Comparative Study of Gender Identity Disorder Versus Control,OBSERVATIONAL,RECRUITING,"Gender Dysphoria, Adult",,"OTHER: Psychiatric evaluations — At different time points, several psychiatric evaluations will be performed on patients and volunteers for study purposes",Contact sponsor for more details,Inclusion Criteria: * Patients with gender dysphoria * Without psychotropic * Without hormono-therapy * Without sexual surgery assignation Exclusion Criteria: * Any depression * Any addiction,,exclude,Does not explicitly meet both criteria (Trans population + GAHT),exclude,Unverified legacy keyword heuristic: Does not explicitly meet both criteria (Trans population + GAHT),legacy_keyword_heuristic_unverified,,
NCT04944654,"Efficacy, Tolerability and Acceptability of Biktarvy by TPLWH",INTERVENTIONAL,TERMINATED,Human Immunodeficiency Virus,,DRUG: BIKTARVY 50Mg-200Mg-25Mg Tablet — Combination single tablet anti-retroviral therapy: bictegravir 50mg/emtricitabine 200mg/tenofovir alafenamide 25mg,,"Inclusion Criteria: * Participant self-identifies as transgender and/or has a current gender identity which differs from gender assigned at birth (includes all gender diverse people) * Age \> 18 years * HIV infection diagnosis at any time before study consent * Willing to sign an informed consent and take part in the study * On an antiretroviral regimen with an undetectable viral load or off an antiretroviral regimen with a detectable viral load (the cART can have been stopped for any clinical or personal reason; if on cART with a detectable viral load and no resistance to any of the component of Biktarvy, the patient is also eligible. * A female may be eligible to enter and participate in the study if she: * is of non-child-bearing potential defined as either post-menopausal (12 months of spontaneous amenorrhea and ≥ 45 years of age) or physically incapable of becoming pregnant with documented tubal ligation, hysterectomy or bilateral oophorectomy or, * is of child-bearing potential with a negative pregnancy test at Screening (\& baseline visit) and agrees to use one of the methods of contraception to avoid pregnancy indicated during the study and for a period of 12 weeks after the study. * Men who have partners who are women of childbearing potential (WOCBP - definition in Appendix 3) must be using an adequate method of contraception as listed the Protocol to avoid pregnancy in their partner throughout the study and for a period of at least 12 weeks after the study. Exclusion Criteria: * Age \< 18 years * Unable to take part in the study according to the Investigator opinion (example: unable to understand the study information leaflet, unable to provide written consent, etc.) * History of virological failure while on a cART containing NRTIs and InSTIs and development of resistance to NRTIs and InSTI * Use of medications that are known to interact with Biktarvy. Contraindications given in appendix 4 and full information on drug-drug interactions given in SmPC. * Hypersensitivity to active substance or excipient of Biktarvy as listed in SmPC. * Women planning pregnancy or who are pregnant or breast feeding. * Ongoing malignancy other than cutaneous Kaposi's sarcoma, basal cell carcinoma, or resected, non-invasive cutaneous squamous cell carcinoma, or cervical or anal intraepithelial neoplasia; other localized malignancies require agreement between the investigator and the Study medical monitor for inclusion of the subject prior to randomisation. * Known acute or chronic viral hepatitis including, but not limited to, A, B, or C. Chronic hepatitis B and history of hepatitis C (cured) are allowed * Any investigational drug within 30 days prior to the trial drug administration * Any other condition (including illicit drug use or alcohol abuse) or laboratory results which, in the investigator's opinion, interfere with assessments or completion of the trial.",,exclude,Does not explicitly meet both criteria (Trans population + GAHT),exclude,Unverified legacy keyword heuristic: Does not explicitly meet both criteria (Trans population + GAHT),legacy_keyword_heuristic_unverified,,
NCT04971447,Extracellular Vesicles and Endothelial Function in Transgender Subjects,INTERVENTIONAL,UNKNOWN,Transgenderism,,DRUG: gender affirming hormonal treatment in transgender men — testosterone enanthate; DRUG: gender affirming hormonal treatment in transgender women — GnRH agonists + estrogen,,Inclusion Criteria: * Trasgender subject demanding gender affirming hormonal therapy Exclusion Criteria: * Previous hormonal therapy * Pregnancy * Chronic disease * Cancer * Obesity * Drug abuse * Alcohol * Tabac,,exclude,Does not explicitly meet both criteria (Trans population + GAHT),exclude,Unverified legacy keyword heuristic: Does not explicitly meet both criteria (Trans population + GAHT),legacy_keyword_heuristic_unverified,,
NCT04977765,Cardiometabolic Health in Transgender Males,OBSERVATIONAL,ACTIVE_NOT_RECRUITING,Transgender; Transgenderism,,,"EXCLUSION CRITERIA FOR TRANSGENDER AND CISGENDER INDIVIDUALS 1. Any disease affecting glucose, sex steroid, or fat metabolism such as diabetes, polycystic ovary syndrome, or clinical suspicion of insulin resistance) 2. Any medication use that may affect glucose, sex steroid, or fat metabolism such as metformin or glucocorticoids 3. Known cardiovascular disease such as hypertension or atherosclerosis 4. Raynaud's phenomenon or other vascular disease 5. BMI \> 40 kg/m2 for those aged ≥ 18 years or \> 95% percentile for age- and sex-assigned at birth in those aged \< 18 years 6. Pregnancy or lactation 7. Any condition that, in the investigator's opinion, may compromise study participation or may confound the interpretation of the study results.","Inclusion Criteria: * INCLUSION CRITERIA FOR TRANSGENDER BOYS AND TRANSGENDER MEN 1. Sex assigned female at birth and a male gender identity (i.e., transgender male) 2. Aged 12-30 years 3. Have a care provider in the Children's Wisconsin Gender Health Clinic or Froedtert Hospital Inclusion Clinic who has determined the individual meets clinical criteria to start testosterone therapy and plans to initiate this therapy 4. Naïve to testosterone or other masculinizing medical therapy 5. Cisgender girls/women and transgender boys/men of child-bearing potential (defined as having achieved menarche (first menses), excluding those who have had a hysterectomy or are on GnRH agonist therapy (puberty blockers)) must be willing to use effective birth control (which may include abstinence)) from screening visit until final study visit 6. Willing and able to give informed consent or have parent or legal guardian provide informed consent if the subject is \< 18 years of age INCLUSION CRITERIA FOR CISGENDER INDIVIDUALS 1. Gender identity concordant with sex assigned at birth (i.e., cisgender) 2. Aged 12-30 years 3. Not related to a transgender participant enrolled in the study 4. Naïve to any sex hormone or pubertal blocker therapy or, specific to cisgender girls/women only, must be ≥ 1 year from use of oral contraceptive or other contraceptive technique (intrauterine device, medroxyprogesterone injections) 5. Willing and able to give informed consent or have parent or legal guardian provide informed consent if the subject is \< 18 years of age INCLUSION CRITERIA FOR OPTIONAL NITROGLYCERIN ENDOTHELIUM-INDEPENDENT VASCULAR FUNCTION STUDY 1. Aged ≥ 18 years 2. No history of migraine headaches 3. Systolic blood pressure ≥ 110 mm Hg 4. No prior past adverse reaction to nitroglycerin 5. Has not used a PDE5 inhibitor (i.e., sildenafil, tadalafil, vardenafil) in the past 7 days Exclusion Criteria: \-",,include,Transgender population and GAHT intervention/exposure identified,include,Unverified legacy keyword heuristic: Transgender population and GAHT intervention/exposure identified,legacy_keyword_heuristic_unverified,,
NCT04979338,"Development of Effective, Opioid Sparing Techniques for Peri-operative Pain Management of Transgender Patients Undergoing Gender Affirming Surgeries",INTERVENTIONAL,RECRUITING,Gender Dysphoria,"This study will compare the current standard-of-care pain treatment regimen options that are available to patients who undergo gender-affirming surgery. The purpose of this research is to determine if any of these options are more (versus less) effective than the others to manage surgery related pain, after surgery.","OTHER: Ultrasound guided Continuous Infraclavicular Brachial Plexus Block — 20cc of 0.25% bupivacaine + 1:200K epinephrine will be administered at start of case, 20cc of 0.25% bupivacaine + 1:200K epinephrine at end of case, and 6cc/hr of 0.25% bupivacaine at post-op \[administered by anesthesiologist\]; OTHER: Ultrasound guided Continuous Femoral Nerve Block — 20cc of 0.25% bupivacaine + 1:200K epinephrine will be administered at start of case, 20cc of 0.25% bupivacaine + 1:200K epinephrine at end of case, and 6cc/hr of 0.25% bupivacaine at post-op \[administered by anesthesiologist\]; OTHER: Ultrasound guided Pudendal Nerve Block — 20-40cc of 0.25% bupivacaine + 1:200K epinephrine \[administered by anesthesiologist, pre-incision\]; DRUG: Bupivacaine — 0.25% or 0.5% with or without 1:200K epinephrine; OTHER: Bilateral ultrasound guided Transversus Abdominis Plane Block — 40-60cc of 0.25% bupivacaine + 1:200K epinephrine \[administered by anesthesiologist post-op or at end of surgery\]; OTHER: Bilateral spermatic cord block — 10cc per spermatic cord of 0.5% bupivacaine \[administered by surgeon @ intraop\]; OTHER: Pecs I & II Block — 0.25% bupivacaine: 15-30mL per side for Pecs I-III; OTHER: Local anesthetic — 0.25% or 0.5% bupivacaine into the appropriate surgical site",,"Inclusion Criteria: * Transgender persons 18 years and older * Undergoing gender affirming surgeries performed by either Dr. Maurice Garcia (orchiectomy only, vaginoplasty with or without canal \& orchiectomy, colon-vaginoplasty, \& peritoneal vaginoplasty; Stage I phalloplasty, or stage II phalloplasty); Dr. Edward Ray (feminizing chest surgery, masculinizing chest surgery, stage I phalloplasty); Dr. Amit Gupta (orchiectomy and peritoneal vaginoplasty only); or Dr. Yosef Nasseri (colon vaginoplasty surgery) Exclusion Criteria: * Patients who do not meet the inclusion criteria above * Any contraindications to the study drugs. * Patients with neurologic deficits that preclude them from sensing pain. * Patients with implanted pain neuromodulator devices (e.g., neurostimulator) * Patients who do not speak English",,exclude,Does not explicitly meet both criteria (Trans population + GAHT),exclude,Unverified legacy keyword heuristic: Does not explicitly meet both criteria (Trans population + GAHT),legacy_keyword_heuristic_unverified,,
NCT04993469,Patient Reported Outcome on Genital Sensitivity and Sexual Function After Genital Gender Affirming Surgery,INTERVENTIONAL,RECRUITING,Gender Dysphoria,"For genital gender affirming surgery, it remains unclear to what extent genital sensitivity might be expected and what the impact of this might be on sexual functioning.","DIAGNOSTIC_TEST: Semmes-Weinstein monofilament testing and questionnaires — Semmes-Weinstein test for the assessment of genital sensation Battery of questionnaires assessing sexual function, voiding function, quality of life and patient satisfaction",,"Inclusion Criteria: * Voluntarily signed written informed consent according to the rules of Good Clinical Practice (Declaration of Helsinki) and national regulations * Patient age ≥ 18 years * Transgender male, female of gender non-conforming patient with diagnosed gender dysphoria and the specific wish to undergo genital gender affirming surgery * Fit for operation, based on the surgeon's expert opinion * Patient is able and willing to attend the follow-up consultations Exclusion Criteria: * Absence of signed written informed consent and thus a patient unwilling to participate. * Patient age \< 18 years * Cisgender patients * Patients unfit for operation * Patient declares that it will be impossible for him to attend the follow-up consultations",,include,Transgender population and GAHT intervention/exposure identified,include,Unverified legacy keyword heuristic: Transgender population and GAHT intervention/exposure identified,legacy_keyword_heuristic_unverified,,
NCT05010707,Transgender Estradiol Affirming Therapy,INTERVENTIONAL,COMPLETED,Transgenderism,,"DRUG: Transdermal patch — Participants will be prescribed the medication and dosed based on their hormonal profile. Goal is achieve estradiol level between 100-200 pg/mL and to suppress testosterone to cisgender female levels; DIAGNOSTIC_TEST: Pro-thrombotic markers — Once participants are started on gender affirming hormone therapy, pro-thombotic markers will be checked at baseline and every 6 months. Pro-thrombotic markers will include: Factor II, Factor IX, Factor XI, Von Willebrand factor, Protein C, Protein S, activated Protein C resistance.; DIAGNOSTIC_TEST: Metabolic markers — Once participants are started on gender affirming hormone therapy, metabolic markers will be checked at baseline and every 6 months. Markers will include: Insulin level, fasting glucose, body mass index, waist circumference.; DIAGNOSTIC_TEST: Hormone Profile — Once participants are started on gender affirming hormone therapy, hormonal levels will be checked every 4 weeks until estradiol and testosterone levels are within goal as established by standard of care.; DRUG: Daily Sublingual Tablet — Participants will be prescribed the medication and dosed based on their hormonal profile. Participants will take dose as once daily medication. Goal is achieve estradiol level between 100-200 pg/mL and to suppress testosterone to cisgender female levels; DRUG: BID Sublingual Tablet — Participants will be prescribed the medication and dosed based on their hormonal profile. Participants will take dose as twice daily medication. Goal is achieve estradiol level between 100-200 pg/mL and to suppress testosterone to cisgender female levels; DRUG: Spironolactone — All patients will also receive spironolactone. Spironolactone will be started at 50 mg daily and will increase to standard dose.",,Inclusion Criteria: * Female transgender patients between the ages of 18 to 30 years of age who are seen at the Washington University Transgender Center. Patients must have met the eligibility and readiness criteria for gender-affirming hormone therapy. Exclusion Criteria: * GnRH agonist for the last 12 months * History of liver disease * Dyslipidemia requiring treatment * Cigarette smoking * Body mass index \>30 kg/m2,,include,Transgender population and GAHT intervention/exposure identified,include,Unverified legacy keyword heuristic: Transgender population and GAHT intervention/exposure identified,legacy_keyword_heuristic_unverified,,
NCT05016232,Adaptive Intervention to Facilitate PrEP Uptake/Adherence Among Transgender Women,INTERVENTIONAL,COMPLETED,Prevention,"""PrEP N' Shine"" is a two-stage randomized controlled pilot trial which utilizes a behavioral intervention to optimize the uptake and adherence of Pre-exposure Prophylaxis (PrEP) in Transgender women (TGW).","BEHAVIORAL: PrEP N' Shine: Strength Based Case Management (Stage 1) — Support, facilitate, and assist in linkage to PrEP clinic and to facilitate initiation of, and obtaining, PrEP medications.; BEHAVIORAL: PrEP N' Shine: Stepped Adherence Training and Counseling (Stage 2) — 1. Initially TGW in this arm will receive daily 2-way gender-affirming text message reminders, and 2. Then those continuing to have poor adherence will receive the 4 (once per week for 3 to 4 weeks) more intensive counseling session with a clinical interventionist.",,"Inclusion Criteria: * Age: 18 years or older * Male sex at birth * Self-identify as a woman, a transgender woman, or another identity along the male-to-female gender spectrum * PrEP naïve * PrEP indicated per CDC guidelines (incl. HIV negative) * Owns a cell phone or willing to use one in the study * Able to understand and speak English or Spanish Exclusion Criteria: * Unable to provide informed consent due to severe mental or physical illness, cognitive impairment, or substance intoxication at time of visit * Has lived in RI for less than three months (as a means to enhance participant retention) * Discovery of active suicidal ideation or major mental illness (e.g. untreated psychosis or mania) at the time of interview (these patients will be referred immediately for treatment, but may join the study when this is resolved) * Laboratory or clinical findings that would preclude PrEP initiation (e.g. Hepatitis B infection, decreased creatinine clearance)",,exclude,Does not explicitly meet both criteria (Trans population + GAHT),exclude,Unverified legacy keyword heuristic: Does not explicitly meet both criteria (Trans population + GAHT),legacy_keyword_heuristic_unverified,,
NCT05016349,"Investigating the Potential Role of a Novel Quadrate Combination Therapy Mifepristone(Antiprogestrone), Tamoxifen, Retinoic Acid and Cannabidiol ( Selective Cyp 26 Inhibitor) for Treating Early Breast Cancer.",INTERVENTIONAL,UNKNOWN,Breast Cancer Female,,DRUG: All trans-retinoic acid — Vesanoid will be supplied orally at the total dosage of 45mg/m2/d (two daily administrations of 22.5 mg/m2 each). Treatment will last 28 days; DRUG: 13-Cis Retinoic Acid plus Tocopherol — 13-Cis Retinoic Acid (50 mg/m2/d) Tocopherol (800 mg/day) supplied orally at the total dosage of 50 mg/m2/d (two daily administrations of 25 mg/m2 each). Treatment will last 28 days; DRUG: Mifepristone — Mifepristone 200mg capsules daily for 28 days; DRUG: Cannabidiol — Liquid taken orally for daily for 28 days; DRUG: 9 cis retinoic acid — 9 cis retinoic acid will be supplied orally at the total dosage of 45mg/m2/d (two daily administrations of 22.5 mg/m2 each). Treatment will last 28 days; DRUG: Tamoxifen — Patients will be given 10mg Tamoxifen twice a day. Treatment will last 28 days; DRUG: Standard therapy — Patients will receive the approved standard therapy tamoxifen,,"Inclusion Criteria: 1. Be willing and able to provide written informed consent/assent for the trial. 2. Be 18 years of age on day of signing informed consent 3. Confirmed diagnosis of breast cancer positive at least for CEA tumor marker at above normal threshold level. 4. e willing to provide tissue from a newly obtained core or excisional biopsy of a tumor lesion. Newly-obtained is defined as a specimen obtained up to 6 weeks (42 days) prior to initiation of treatment on Day 1. Subjects for whom newly-obtained samples cannot be provided (e.g. inaccessible or subject safety concern) may submit an archived specimen only upon agreement from the Sponsor. 5. Demonstrate adequate organ function as defined in Table 1, all screening labs should be performed within 10 days of treatment initiation. Table 1 Adequate Organ Function Laboratory Values System Laboratory Value Hematological Absolute neutrophil count (ANC) ≥1,500 /mcL Platelets ≥100,000 / mcL Hemoglobin ≥9 g/dL or ≥5.6 mmol/L without transfusion or EPO dependency (within 7 days of assessment) Renal Serum creatinine OR Measured or calculated creatinine clearance (GFR can also be used in place of creatinine or CrCl) ≤1.5 X upper limit of normal (ULN) OR ≥60 mL/min for subject with creatinine levels \> 1.5 X institutional ULN Hepatic Serum total bilirubin ≤ 1.5 X ULN OR Direct bilirubin ≤ ULN for subjects with total bilirubin levels \> 1.5 ULN AST (SGOT) and ALT (SGPT) ≤ 2.5 X ULN OR ≤ 5 X ULN for subjects with liver metastases Albumin \>2.5 mg/dL Coagulation International Normalized Ratio (INR) or Prothrombin Time (PT) Activated Partial Thromboplastin Time (aPTT) ≤1.5 X ULN unless subject is receiving anticoagulant therapy as long as PT or PTT is within therapeutic range of intended use of anticoagulants ≤1.5 X ULN unless subject is receiving anticoagulant therapy as long as PT or PTT is within therapeutic range of intended use of anticoagulants a Creatinine clearance should be calculated per institutional standard. Exclusion Criteria: * Pregnant * Treatment including radiation therapy, chemotherapy, biotherapy and/or hormonal therapy for the currently diagnosed breast cancer prior to study entry. * Any medical or other condition that in the Investigator's opinion renders the patient unsuitable for this study due to unacceptable risk * Psychiatric disorders or altered mental status precluding understanding of the informed consent process and/or completion of the necessary studies * Gastrointestinal disorders that may interfere with absorption of the study drug. * Co-existing active infection or serious concurrent illness * Current uncontrolled illness, for instance sepsis, symptomatic congestive heart failure, unstable angina pectoris, cardiac arrhythmia * Current use of antiretroviral therapy * Participants with psychiatric illness or social situations that would limit compliance with study requirements * Current hepatocellular carcinoma, liver metastases, or documented history of difficult to control diabetes",,exclude,Oncology indication not related to transgender health,exclude,Unverified legacy keyword heuristic: Oncology indication not related to transgender health,legacy_keyword_heuristic_unverified,,
NCT05019417,Glycerol-Phenylbutyrate Treatment in Children With MCT Mutation (Allan-Herndon- Dudley Syndrome),INTERVENTIONAL,UNKNOWN,Monocarboxylate Transporter 8 Deficiency,,DRUG: Glycerol Phenylbutyrate 1100 MG/ML — Daily adminisitraion of the study drug (three times a day) in escalting dose over 4 months,,Inclusion Criteria: AHDS with characteristic clinical phenotype and with genetically confirmed mutation in the MCT8 gene SLC16A2. Exclusion Criteria: * Inability to get the study medication glycerol phenylbutyrate per-os (in cases without gastrotstomy) * Known contra-indication for glycerol phenylbutyrate * Patients without confirmed mutation in the MCT8 gene,,exclude,Does not explicitly meet both criteria (Trans population + GAHT),exclude,Unverified legacy keyword heuristic: Does not explicitly meet both criteria (Trans population + GAHT),legacy_keyword_heuristic_unverified,,
NCT05097820,Prospective Observational Study on SEBBIN Silicone Gel-filled Testicular Implants,OBSERVATIONAL,RECRUITING,Testicular Cancer; Testicular Torsion; Gender Dysphoria; Undescended Testes; Orchitis; Testicular Agenesis; Testicular Atrophy; Prosthesis Durability,To analyze the short and long term postoperative clinical outcome and patient satisfaction of silicone gel-filled testicular implants.,DEVICE: Placement of testicular prosthesis — The surgical implantation of one or two testicular prostheses on request of the patient,Any undividual with an underlying reason for testicular loss with a specific wish for testicular implant placement. Any patient with the underlying condidion of gender dysphoria with the specific wish for testicular implant placement as a form of gender reassignment surgery.,"Inclusion Criteria: * The patient is an adult or a child at the time of testicular implant placement. * The patient is a candidate to unilateral or bilateral testicular implant placement. * The patient has been informed of the study, has read the patient information letter and provided oral and written consent. * If the patient is of French nationality, he/she must be affiliated to the French Social Security. Exclusion Criteria: * The patient has silicone implants somewhere else than in the scrotal sac (except for a penile prosthesis). * The patient was diagnosed with one of the following pathologies: Systemic lupus erythematous, Sjogren syndrome, scleroderma, polymyositis, or any other connective tissue disease. Rheumatoid arthritis, crystalline arthritis, infectious arthritis, spondyloarthropathies, or any other inflammatory arthritic disease. Arthritis, fibromyalgia, chronic fatigue syndrome, or any other mechanic or degenerative non-inflammatory rheumatic disease. The patient has any other underlying condition that could delay healing. \- Custom-designed implants are used for surgery.",,exclude,Does not explicitly meet both criteria (Trans population + GAHT),exclude,Unverified legacy keyword heuristic: Does not explicitly meet both criteria (Trans population + GAHT),legacy_keyword_heuristic_unverified,,
NCT05116293,Effect of Testosterone Treatment on Drug Metabolism and Transport,OBSERVATIONAL,COMPLETED,Transgender Persons,,DRUG: Midazolam oral solution — Oral syrup; DRUG: Digoxin Oral Tablet — Oral tablet; DRUG: Acetaminophen Oral Tablet — Oral tablet,Transgender adults planning to take testosterone treatment.,Inclusion Criteria: * Self-identified trans\* adult at least 18 years of age. * Not taking testosterone treatment currently. * Planning to start testosterone treatment through care provider for gender-affirming medical care. Exclusion Criteria: * Unwilling/unable to return for project follow-up visits. * Unwilling/unable to provide written informed consent.,,include,Transgender population and GAHT intervention/exposure identified,include,Unverified legacy keyword heuristic: Transgender population and GAHT intervention/exposure identified,legacy_keyword_heuristic_unverified,,
NCT05126134,Psychological Vulnerabilities and Transgender Adolescents: A Descriptive Epidemiology Study,OBSERVATIONAL,COMPLETED,"Gender Dysphoria, Adolescent","The number of adolescents engaging in a transidentity journey has been increasing rapidly over the last decade. However, the knowledge of the medical world concerning the specificities of these adolescents is still too little in France. The objective of this study is to refine the knowledge of the different health care providers who are brought to meet these adolescents. This research proposes to study more specifically the register of psychological vulnerabilities: to cite only a few examplesThese include disorders such as depression, anxiety disorders and eating disorders, all of which cause suffering and difficulties in everyday life. A better understanding of the presence or absence and the distribution of these different types of vulnerabilities among transgender adolescents would allow, among other things, to promote their their screening by health care providers. This better screening would allow doctors to physicians to offer targeted treatment for these disorders in parallel with the transition process. transition process.",DIAGNOSTIC_TEST: KSADS (Kiddie Schedule for Affective Disorders and Schizophrenia) — completion of the semi-structured questionnaire: the KSADS (Kiddie Schedule for Affective Disorders and Schizophrenia). The duration is 1h30 to 2h,adolescents receiving follow-up in a specialized consultation on gender dysphoria,Inclusion Criteria: * Be between 12 and 18 years old * Be followed up at the gender consultation of the Toulouse University Hospital Exclusion Criteria: * Have not yet completed the first consultation on gender issues at the time of selection. * Have only one last appointment with the gender consultation at the time of selection,,include,Transgender population and GAHT intervention/exposure identified,include,Unverified legacy keyword heuristic: Transgender population and GAHT intervention/exposure identified,legacy_keyword_heuristic_unverified,,
NCT05130086,A Study of Islatravir (MK-8591) in Trans and Gender Diverse Participants (MK-8591-035),INTERVENTIONAL,WITHDRAWN,Human Immunodeficiency Virus (HIV) Infections,,DRUG: Islatravir — 60 mg Islatravir taken orally in tablet form once monthly for up to 24 weeks,,"Inclusion Criteria: * Is confirmed HIV-uninfected based on negative HIV-1/HIV-2 test result before allocation to study intervention. * Is on stable GAHT and does not intend to change therapy through Week 4 of the study. * Has a low-risk of HIV infection. * Identifies with a gender that is different from that assigned at birth. * A participant assigned female at birth is eligible if not pregnant or chest-feeding and is not of childbearing potential (POCBP) or: Is a POCBP and using an acceptable contraceptive method, or be abstinent from penile-vaginal intercourse with an individual capable of producing sperm (abstinent on a long term and persistent basis); a POCBP must have a negative highly sensitive pregnancy test (\[urine or serum\] as required by local regulations) within 24 hours before the first dose of study intervention; If a urine test cannot be confirmed as negative (e.g, an ambiguous result), a serum pregnancy test is required. In such cases, the participant must be excluded from participation if the serum pregnancy result is positive; the investigator is responsible for review of medical history, menstrual history, and recent sexual activity to decrease the risk for inclusion of a participant assigned female at birth with an early undetected pregnancy; contraceptive use by participant assigned female at birth should be consistent with local regulations. Exclusion Criteria: * Has known current or chronic history of liver disease (e.g, non-alcoholic or alcoholic steatohepatitis) or known hepatic or biliary abnormalities (with the exception of Gilbert's syndrome, asymptomatic gallstones, or cholecystectomy), unless the participant has stable liver function tests and no evidence of hepatic synthetic dysfunction. * Has a history of malignancy within 5 years of screening except for adequately treated basal cell or squamous cell skin cancer, in situ cervical cancer, or in situ anal cancers. * Has taken cabotegravir, lenacapavir, or any other long-acting HIV prevention product at any time (past or current use). * Is currently participating in or has participated in a clinical study with an investigational compound or device, within 30 days before Day 1 through the duration of the study. * Is expecting to conceive or donate eggs at any time during the study.",,include,Transgender population and GAHT intervention/exposure identified,include,Unverified legacy keyword heuristic: Transgender population and GAHT intervention/exposure identified,legacy_keyword_heuristic_unverified,,
NCT05153395,Impact of Intranasal Insulin on Sympathetic Activity and Cerebral Vasodilation,INTERVENTIONAL,SUSPENDED,Healthy; Vasodilation; Insulin Resistance; Autonomic Dysfunction; Obesity,,"OTHER: Carbon dioxide breathing — Hypercapnic (5% carbon dioxide) air will be administered before and after intra-nasal insulin exposure.; OTHER: Neurovascular Coupling — Participants will be asked to repeatedly open and close their eyes. With eyes open, participants will focus on a visual image. This will be done before and after intra-nasal insulin exposure.; DRUG: Human insulin — Participants will be administered human insulin (160 IU) as a bolus using an intra-nasal device.",,"Inclusion Criteria: * healthy adult men and women; * 18-45 years of age; * BMI \>18 kg/m2; * non-pregnant/non-breastfeeding; * non-nicotine users; Exclusion Criteria: * taking any medications known to affect metabolic, respiratory, cardiovascular, and/or autonomic Self-reported history of: * hepatic, renal, pulmonary, cardiovascular, or neurological disease; * stroke or neurovascular disease; * bleeding/clotting disorders; * sleep apnea or other sleep disorders; * diabetes; * smoking; * history of alcoholism or substance abuse; * hypertension; * respiratory disease; * active cancer; * autoimmune disease.",,exclude,Does not explicitly meet both criteria (Trans population + GAHT),exclude,Unverified legacy keyword heuristic: Does not explicitly meet both criteria (Trans population + GAHT),legacy_keyword_heuristic_unverified,,
NCT05166083,Investigation of the Perceptual and Acoustic Voice in Trans Man,OBSERVATIONAL,COMPLETED,Gender Dysphoria; Voice Disorder Due to Transsexualism; Transgender Persons; Hormone Replacement Therapy,,"OTHER: Testosterone Hormon Therapy — Testosterone isocaproate, ... ml, 8 doses, once per 21 days",Trans men who are followed in Hacettepe University Hospital Endocrinology and Psychiatry Clinics.,"Inclusion Criteria: * Being diagnosed with ""Gender Dysphoria"" according to DSM 5 * Having decided to start hormone therapy Exclusion Criteria: * Diagnosis of vocal fold lesion in videolaryngostroboscopy evaluation * Having previously received voice therapy or undergone voice surgery * Having a systematic/or neurological disorder that may affect voice quality * Having had hormone therapy or still on hormone therapy",,include,Transgender population and GAHT intervention/exposure identified,include,Unverified legacy keyword heuristic: Transgender population and GAHT intervention/exposure identified,legacy_keyword_heuristic_unverified,,
NCT05166668,Letrozole /GnRH Antagonist Protocol in Women Over 40 Years Undergoing ICSI Cycle,INTERVENTIONAL,COMPLETED,Ovarian Stimulation,,"DRUG: Letrozole 2.5mg tablet — letrozole (femara, Novartis) orally in a dose of 2.5 mg daily, on day 2 of cycle for 5 days and gonadotropins (300-450 IU) IM start on cycle day 3. then the dose modulated according to response",,"Inclusion Criteria: * Women between 40- 44-years undergoing ICSI cycle with FSH less than 15 and AMH more than 0.30. Exclusion Criteria: * Azoospermia in male partner, * Previous ovarian surgery, * Severe endometriosis, * Uterine cavity lesion * Metabolic or endocrine disorders including hyperprolactinemia and ypo/hyperthyroidism. * Previous failed ICSI cycle. * BMI more than 30.",,exclude,Cisgender/unrelated indication,exclude,Unverified legacy keyword heuristic: Cisgender/unrelated indication,legacy_keyword_heuristic_unverified,,
NCT05169762,Feminizing Treatment in Transgender Women and Non-binary Persons,OBSERVATIONAL,RECRUITING,Transgenderism,,OTHER: standard treatment — starndard treatment for transgender women,transgender women,Inclusion Criteria: * assigned male at birth and eligeble for gender affirming feminizing treatment Exclusion Criteria: none \-,,exclude,Does not explicitly meet both criteria (Trans population + GAHT),exclude,Unverified legacy keyword heuristic: Does not explicitly meet both criteria (Trans population + GAHT),legacy_keyword_heuristic_unverified,,
NCT05175170,Fertility Decision-Making in Youth and Young Adults,INTERVENTIONAL,COMPLETED,Transgender Adolescents & Young Adults,The aim of this study is to test if using a web-based medical decision-making tool on the topics of fertility and fertility-preservation increases knowledge among transgender youth and young adults.,"BEHAVIORAL: Decision-aid — The decision aid consists of domains related to human reproduction, fertility, and fertility preservation. The domains address priority learning objectives in each domain to increase knowledge on the impact of gender-affirming medical interventions on fertility and fertility preservation options.",,"Inclusion Criteria: * (1) youth is between the ages of 8-14 years * (2) youth self-asserts a transgender identity * (3) youth has expressed interest in GnRHa or is currently on GnRHa treatment; or * (1) AYA is between the ages of 13-24 years, * (2) AYA self-asserts a transgender identity, and * (3) AYA has expressed interest in gender-affirming hormone (GAH) or is currently on GAH treatment. * Parents of eligible youth will be eligible to participate. Exclusion Criteria: * (1) youth/parents are unable to read, speak or understand English * (2) youth/parents are unable or unwilling to provide consent/assent/parental permission for study participation.",,include,Transgender population and GAHT intervention/exposure identified,include,Unverified legacy keyword heuristic: Transgender population and GAHT intervention/exposure identified,legacy_keyword_heuristic_unverified,,
NCT05195164,The Effects of Orchiectomy and Age on Vascular and Metabolic Health in Older Versus Younger Transgender Women,OBSERVATIONAL,COMPLETED,Transgender; Gender Identity; Vascular Stiffness; Vascular Inflammation; Insulin Sensitivity; Blood Pressure; Lipid Disorder; Appetitive Behavior,,OTHER: No intervention — There was no intervention,Transgender women from the Denver metropolitan area and/or who utilize health care at University of Colorado Hospital.,Inclusion Criteria: * Aged 18 years and older * Identify as a transgender woman * Have taken estradiol and spironolactone for at least one year * Currently taking oral or transdermal or injectable estradiol * Have not yet undergone but desire orchiectomy Exclusion Criteria: * Under 18 years of age * Don't identify as a transgender woman * Not currently taking estradiol or spironolactone * Have been on estradiol and spironolactone for less than one year * History of orchiectomy * Not deemed a candidate for orchiectomy * Current tobacco smoker * Current illicit drug use * History of prior or active estrogen-dependent neoplasms * Acute liver or gallbladder disease * Venous thromboembolism * Hypertriglyceridemia \>500 mg/dL * Fasted plasma glucose \>7.0 mmol/L or previously treated diabetes * Resting blood pressure \>140/90 mmHg,,include,Transgender population and GAHT intervention/exposure identified,include,Unverified legacy keyword heuristic: Transgender population and GAHT intervention/exposure identified,legacy_keyword_heuristic_unverified,,
NCT05204732,Acoustic and Perceptual Effects of Intonation Training in Gender Diverse People,INTERVENTIONAL,COMPLETED,Gender Dysphoria,"The aim of this project is to investigate the short- and the longer-term effect of intonation training on vocal characteristics, listener perceptions and patient related outcome measures (PROMS) in gender diverse people using a randomized sham-controlled trial.","OTHER: Intonation training — The participants will receive intonation training (1h/week) for four weeks, aiming for more gender congruent intonation patterns.; OTHER: Sham therapy + intonation training — The participants will first receive four weeks of sham therapy (with no expected effect on speech), during which information on voice functioning, voice surgery, voice hygiene, and transgender health care will be provided. In addition, during sham therapy, active intervention will be given around nonverbal communication. After four weeks of sham therapy, for ethical reasons, subjects in this group will also receive four weeks of intonation training (aiming for more gender congruent intonation patterns).",,Inclusion Criteria: * Normal hearing (using ISO standard audiometry) * Native Dutch speaker Exclusion Criteria: * A history of neurological disorders * Previous phonosurgery or speech therapy * Vocal pathology (using videolaryngostroboscopy) * Smokers.,,exclude,Does not explicitly meet both criteria (Trans population + GAHT),exclude,Unverified legacy keyword heuristic: Does not explicitly meet both criteria (Trans population + GAHT),legacy_keyword_heuristic_unverified,,
NCT05230979,"Evaluation of Common Bean Baked Snack Consumption on Subjective Satiety, Energy Intake and Glycemic Response in People With Overweight and Normal Weight",INTERVENTIONAL,COMPLETED,Overweight; Healthy,,"OTHER: Common bean baked snack — Participants with normal weight (n=18) and with overweight (n=18) will attend the institute after 10-14 h fasting. Initially, they are going to complete a physical activity questionnaire, and the first visual analog scale (VAS) of subjective satiety questionnaire followed by a finger-prick blood sample. Immediately, they will be instructed to consume 40 g of the preload (common bean baked snack, cooked beans or white bread) along with 100 mL of water within 10 min. The VAS and blood glucose will be measured every 15 min after starting to eat the test food. Another VAS will be used to assess the palatability of the preload products. After 45 min, an ad libitum meal consisting of freshly prepared sandwiches and 250 mL of water will be served in a single portion. Finally, the VAS of subjective satiety is going to be assessed again.; OTHER: Cooked beans — Participants with normal weight (n=18) and with overweight (n=18) will attend the institute after 10-14 h fasting. Initially, they are going to complete a physical activity questionnaire, and the first visual analog scale (VAS) of subjective satiety questionnaire followed by a finger-prick blood sample. Immediately, they will be instructed to consume 40 g of the preload (common bean baked snack, cooked beans or white bread) along with 100 mL of water within 10 min. The VAS and blood glucose will be measured every 15 min after starting to eat the test food. Another VAS will be used to assess the palatability of the preload products. After 45 min, an ad libitum meal consisting of freshly prepared sandwiches and 250 mL of water will be served in a single portion. Finally, the VAS of subjective satiety is going to be assessed again.; OTHER: White bread — Participants with normal weight (n=18) and with overweight (n=18) will attend the institute after 10-14 h fasting. Initially, they are going to complete a physical activity questionnaire, and the first visual analog scale (VAS) of subjective satiety questionnaire followed by a finger-prick blood sample. Immediately, they will be instructed to consume 40 g of the preload (common bean baked snack, cooked beans or white bread) along with 100 mL of water within 10 min. The VAS and blood glucose will be measured every 15 min after starting to eat the test food. Another VAS will be used to assess the palatability of the preload products. After 45 min, an ad libitum meal consisting of freshly prepared sandwiches and 250 mL of water will be served in a single portion. Finally, the VAS of subjective satiety is going to be assessed again.; OTHER: Anhydrous glucose (first session) (for glycemic index determination) — Participants with normal weight or overweight (n=10) will attend the institute after 10-14 h fasting. At first, two baseline finger-prick blood samples will be collected with 5 min between the samples. Then, they are going to consume a reference glucose solution containing 25 g of anhydrous glucose per 250 mL of water within 12-15 min. Later, finger-prick blood samples will be taken at 15, 30, 45, 60, 90 and 120 min after starting to drink the reference glucose solution. Areas under the glucose response curves (iAUC) will be calculated using the trapezoidal rule, ignoring the areas below the fasting value.; OTHER: Anhydrous glucose (second session) (for glycemic index determination) — Participants with normal weight or overweight (n=10) will attend the institute after 10-14 h fasting. At first, two baseline finger-prick blood samples will be collected with 5 min between the samples. Then, they are going to consume 54 g of common bean baked snack with 250 mL of water within 12-15 min. Later, finger-prick blood samples will be taken at 15, 30, 45, 60, 90 and 120 min after starting to eat the test food. Areas under the glucose response curves (iAUC) will be calculated using the trapezoidal rule, ignoring the areas below the fasting value.; OTHER: Common bean baked snack (for glycemic index determination) — Participants with normal weight or overweight (n=10) will attend the institute after 10-14 h fasting. At first, two baseline finger-prick blood samples will be collected with 5 min between the samples. Then, they are going to consume 54 g of common bean baked snack with 250 mL of water within 12-15 min. Later, finger-prick blood samples will be taken at 15, 30, 45, 60, 90 and 120 min after starting to eat the test food. Areas under the glucose response curves (iAUC) will be calculated using the trapezoidal rule, ignoring the areas below the fasting value.",,"Inclusion Criteria: * BMI between 18.0 and 29.9 kg/m2, Exclusion Criteria: * Pregnancy, * Lactation, * Established plans to lose or gain weight in the next three weeks, * Surgical event or modification of diet or physical activity in the last three months, * Diagnosis of diabetes, cancer, cardiovascular disease, gastrointestinal disorder, pancreatitis, kidney, liver or thyroid disease, * Eating disorder, * Smoking or drug use, * Sensitivity for common bean consumption, * Pharmacological treatment or consumption of non-prescription drugs, herbal or nutritional supplements known to modify appetite or satiety.",,exclude,Does not explicitly meet both criteria (Trans population + GAHT),exclude,Unverified legacy keyword heuristic: Does not explicitly meet both criteria (Trans population + GAHT),legacy_keyword_heuristic_unverified,,
NCT05244694,Impact of Insulin on Sympathetic Nervous System-mediated Peripheral Vasoconstriction,INTERVENTIONAL,COMPLETED,Vasoconstriction; Healthy; Insulin Resistance,,DRUG: Insulin — Priming dose then a constant infusion at 40 mU•m-2•min-1,,"Inclusion Criteria: * healthy adult men and women; * 18-45 years of age; * BMI 18-30 kg/m2; * non-pregnant/non-breastfeeding; * non-nicotine users; Exclusion Criteria: * taking any medications known to affect metabolic, respiratory, cardiovascular, and/or autonomic functions Self-reported history of: * hepatic, renal, pulmonary, cardiovascular, or neurological disease; * stroke or neurovascular disease; * bleeding/clotting disorders; * sleep apnea or other sleep disorders; * diabetes; * smoking; * history of alcoholism or substance abuse, excessive alcohol consumption; * hypertension; * active cancer; * autoimmune disease; * immunosuppressant therapy",,exclude,Does not explicitly meet both criteria (Trans population + GAHT),exclude,Unverified legacy keyword heuristic: Does not explicitly meet both criteria (Trans population + GAHT),legacy_keyword_heuristic_unverified,,
NCT05273112,Evaluation of the Variation in Quality of Life During Medical Transition for Transgender People.,OBSERVATIONAL,NOT_YET_RECRUITING,Gender Dysphoria,"Transgender people can benefit from psychological, psychiatric, endocrinological support, sexual reassignment surgery, sexology support and dermatological care. The value of transitional care courses is scientifically recognized. Currently, the modalities of decision and realization of the care paths are heterogeneous on the territory, little standardized, and are the subject of debates between representatives of users and medical teams. The french national report of IGAS from 2011 warns of the need to argue and legitimize care practices through more numerous, more exhaustive scientific studies, presenting a better level of evidence Since 2011, no prospective study has been carried out on the national and international level, making it possible to assess the relevance of the planned care modalities. This research project, conducted over five consecutive years at the first contact of a transgender people with a care device, aims to correlate a variation in the quality of life of people with the characteristics of the care methods provided. This is a first proposal to assess care practices for transgender people. The results of this study would first allow us to infer the care modalities most suited to the needs of people. Secondly, secondary hypotheses could support new experimental protocols.",,transgender people in medical transition,"Inclusion Criteria: * With a diagnosis of Gender Dysphoria according to DSM5 diagnostic criteria * Wishing to benefit from supportive care for their transition trajectory and addressing a care system represented by the collaborating centers participating in the study, * Willing to comply with all study procedures and duration, * Understanding and able to speak French. Exclusion Criteria: * Minor or adult under curatorship, under judicial protection, persons deprived of their liberty * Refusal to participate after clear and fair information from the study * Person with sexual reassignment surgery or with cross hormon therapy since two years.",,exclude,Does not explicitly meet both criteria (Trans population + GAHT),exclude,Unverified legacy keyword heuristic: Does not explicitly meet both criteria (Trans population + GAHT),legacy_keyword_heuristic_unverified,,
NCT05292820,Sexual Function of Trans Women After Vaginoplasty,OBSERVATIONAL,COMPLETED,Gender Dysphoria Vaginoplasty Sexuality,"Genital feminine affirming surgery may be an important step for transgender women. Vaginoplasty consists in the creation of external female genitalia and an operational vaginal cavity, and thus responds to major functional and aesthetic issues. Different techniques are available: inversion of penile skin flap for creation of the vulva. The vaginal cavity may come from scrotal skin graft, sigmoid segment, small intestine, or peritoneal flap. Vaginoplasty has a major place in the the transgender woman pathway, but the specific evaluation of long-term sexuality has not been explored so far. Multicentric (Lyon, FR - Lille, FR - Limoges, FR), prospective, observational study Patients who underwent vaginoplasty or revision vaginoplasty. Main objective: To assess sexuality after sex reassignment surgery in transgender women.","OTHER: Validated and non-validated questionnaire for exploration of sexuality and satisfaction after surgical procedure — Validated questionnaire : Female Sexual Function Index (FSFI), Female Genital Self-Imaging Scale (FGSIS), Body Image Scale (BIS), Non-validated questionnaire exploring post-surgery satisfaction, self-esteem scale, sexology.","Transwomen who underwent vaginoplasty or revision in Lyon, Lille, Limoges between January 2007 and December 2019","Inclusion Criteria: * \> 18 years old * Underwent vaginoplasty or revision in Lyon South Hospital, Lille University Hospital, Limoges University Hospital, between January 2007 and December 2019 * Penile inversion vaginoplasty with scrotal skin graft Exclusion Criteria: * \< 18 years old * Vaginoplasty other than scrotal skin graft : intestinal segment or peritoneal flap",,exclude,Does not explicitly meet both criteria (Trans population + GAHT),exclude,Unverified legacy keyword heuristic: Does not explicitly meet both criteria (Trans population + GAHT),legacy_keyword_heuristic_unverified,,
NCT05318755,China Gender-affirming Hormone Therapy Study,OBSERVATIONAL,RECRUITING,Transgender; Gender Incongruence,,DRUG: GAHT for transgender men — Testosterone undecanoate; DRUG: GAHT for transgender women — Estradiol and antiandrogens (Spironolactone or Cyproterone acetate),"100 transgender men, 100 trangender women, 20 healthy cisgender men and 20 healthy cisgender women","Inclusion Criteria: * Transgender men and women * Meet criteria of Diagnostic and Statistical Manual of Mental Disorders (Fifth Edition) for gender dysphoria * Aged between 18 to 40 years * People desire to start the GAHT * No previous history of gender-affirming interventions * Having full ability to make informed consent * Dextromanual Exclusion Criteria: * Disorders of sex development * Who has fertility demand but have not made fertility preservation * With contradictions of GAHT * Comorbid diseases are not under control * Alcohol or drug abuse * Hormonal and chromosomal disorders * History of gender affirming surgery * Current psychiatric disorders * History of brain trauma or neurological pathologies * Current use of medications with psychotropic effects within two weeks (antipsychotic or antiepileptic agents, lithium, benzodiazepines or opioid analgesics) * Claustrophobia * Implanted metal and medical devices (pacemakers, ceramic teeth, etc.), * Tattoos or eyebrow tattooing (heavy metal dye)",,include,Transgender population and GAHT intervention/exposure identified,include,Unverified legacy keyword heuristic: Transgender population and GAHT intervention/exposure identified,legacy_keyword_heuristic_unverified,,
NCT05334888,Sex-differential Host-microbiome CVD Risk - A Longitudinal Cohort Approach,OBSERVATIONAL,RECRUITING,Transgender; Gut Microbiome; Immune System; Cardiovascular Risk Factors,,,Healthy transgender individuals during their gender hormone replacement therapy (HRT),"Inclusion Criteria: * Age 18-50 * Language requirements: German, English * Previous gender hormone replacement therapy (HRT). * Ability to give consent and written consent to participate. * Health insurance (for clarification of incidental findings) Exclusion Criteria: * Diseases or functional disorders that, in the opinion of the study physician, preclude participation in the study. * Incapacity or other circumstances that do not allow study participants to fully understand the nature, significance and scope of this study.",,exclude,Does not explicitly meet both criteria (Trans population + GAHT),exclude,Unverified legacy keyword heuristic: Does not explicitly meet both criteria (Trans population + GAHT),legacy_keyword_heuristic_unverified,,
NCT05369247,Interval Versus Continuous Exercise During Pregnancy,INTERVENTIONAL,COMPLETED,"Pregnancy Related; Glucose, Low Blood; Fetal Heart Rate or Rhythm Abnormality Affecting Fetus; Fetal Blood Flow",,"OTHER: High intensity Interval Training — HIIT protocol consisted of 10 one-minute intervals of high-intensity work (i.e., \> 90% HRmax) interspersed with nine one-minute intervals of self-paced active recovery (19-minutes total).; OTHER: Moderate Intensity Continuous Training — The MICT protocol consisted of 30-minutes of moderate intensity cycling (i.e., 64 - 76% HRmax).",,"Inclusion Criteria: * Carrying a singleton pregnancy (i.e. greater than or equal to 20 weeks of gestation). * Has access to a stationary bike * Located within Canada and/or within Edmonton Alberta Exclusion Criteria: * History of smoking within the last year * Taking medications that may interfere with cardiovascular function. * High-order pregnancies, e.g. twins or above. * Females with absolute contraindications (as outlined by the Canadian Guidelines for Physical Activity throughout Pregnancy and the PARMed-X questionnaire)",,exclude,Does not explicitly meet both criteria (Trans population + GAHT),exclude,Unverified legacy keyword heuristic: Does not explicitly meet both criteria (Trans population + GAHT),legacy_keyword_heuristic_unverified,,
NCT05387577,Coagulation and Fibrinolysis of Estradiol in Transwomen,INTERVENTIONAL,TERMINATED,Transgenderism; Clotting Disorder,,"DRUG: Estradiol Tablets — Oral estradiol will be taken sublingually, 1 mg BID for 8 weeks; DRUG: Transdermal patch — Estradiol patch therapy for 8 weeks; DRUG: Estradiol Tablets — Oral estradiol 1 mg BID for 8 weeks",,"Inclusion Criteria: * 18 years or older * Gender identity of male to female or transwoman Exclusion Criteria: * Liver disease * History of blood clot * Bleeding disorder * Active or recent (e.g., within the past year) stroke * Myocardial infarction, * History of orchiectomy * History of breast cancer, * Known sensitivity or allergy to any components of the medications used * Currently taking a potent CYP3A4 inhibitor or inducer.",,include,Transgender population and GAHT intervention/exposure identified,include,Unverified legacy keyword heuristic: Transgender population and GAHT intervention/exposure identified,legacy_keyword_heuristic_unverified,,
NCT05428215,Comparison of PKs of 17-Beta-Estradiol Via Sublingual Placement Versus Swallowing in Male-to-Female Transgender Patients,INTERVENTIONAL,TERMINATED,Gender Dysphoria,,DRUG: 17beta Estradiol — Subjects will take individualized therapeutic dose of 17-beta-estradiol via sublingual and oral administration,,"Inclusion Criteria: * English speaker * Currently taking 17-beta-estradiol tablet daily via sublingual or oral route on dose therapeutic for gender-affirming therapy; steady dose for at least 4 weeks * Serum estradiol and testosterone levels within target therapeutic range (75-200 pg/mL and \<55 ng/dL, respectively) Exclusion Criteria: * Active or history of deep venous thrombosis/pulmonary embolism * Active or recent (within the past year) arterial thromboembolic disease (e.g., stroke, myocardial infarction) * Liver dysfunction * History of breast cancer * History of orchiectomy * Known sensitivity or allergy to any components of the study medication * Taking potent CYP3A4 inhibitors or inducers",,include,Transgender population and GAHT intervention/exposure identified,include,Unverified legacy keyword heuristic: Transgender population and GAHT intervention/exposure identified,legacy_keyword_heuristic_unverified,,
NCT05442463,Hormone Therapy and Angiotensin-Dependent Arterial and Renal Vasoconstriction in Humans,OBSERVATIONAL,RECRUITING,Hormone Therapy,,DRUG: Captopril Tablets — Captorpril challenge to each participant; DRUG: Iohexol — Iohexol infusion to evaluate measured GFR,"Healthy adult ages 18 - 90 years cisgender (gender identity that aligns with sex at birth) and transgender (gender identity that does not align with sex at birth) adult women and men who are on oral, non-oral or no hormone therapy.","Inclusion Criteria: * Age 18 to 90 years * Taking hormones orally or non-orally (either estrogen, progesterone or testosterone) Exclusion Criteria: * Cardiovascular disease (symptoms consistent with myocardial ischemia, previously documented myocardial ischemia, cardiac arrhythmias or valve abnormalities, or abnormal ECG at screening) * Cerebrovascular disease (transient ischemic attacks or stroke) * History of hypertension (BP\>140/90 or use of antihypertensive medications) * Estimated glomerular filtration rate (eGFR) \< 60 ml/min/1.73m2 * Diabetes mellitus (defined by history, use of hypoglycaemic agents or a fasting glucose \>7mmol/L) * Current smoker * Previous history of preeclampsia * Anabolic steroids, cortical steroids, or non-steroidal anti-inflammatory medications, or at the discretion of the investigator.",,exclude,Does not explicitly meet both criteria (Trans population + GAHT),exclude,Unverified legacy keyword heuristic: Does not explicitly meet both criteria (Trans population + GAHT),legacy_keyword_heuristic_unverified,,
NCT05454579,The South-East Asian Transgender Health Cohort,OBSERVATIONAL,COMPLETED,HIV; STIs; HCV,,,* transgender woman or * transgender man,Inclusion Criteria: * Thai/Vietnamese/Filipino nationality * Aged ≥ 18 years old * Self-identify as a transgender woman or transgender man * Have signed consent form Exclusion Criteria: * None,,exclude,Does not explicitly meet both criteria (Trans population + GAHT),exclude,Unverified legacy keyword heuristic: Does not explicitly meet both criteria (Trans population + GAHT),legacy_keyword_heuristic_unverified,,
NCT05455398,Establishment of a Trans-round Window Inner Ear Continuous Drug Delivery System for the Treatment of Severe-to-profound Sudden Sensorineural Hearing Loss,INTERVENTIONAL,UNKNOWN,"Hearing Loss, Sudden",,PROCEDURE: Surgical treatment of round window niche enlargement via round window for inner ear drug delivery — The round window niche is surgically removed and the hormone is slowly released into the inner ear using a gelatin sponge that has absorbed the hormone in the round window; PROCEDURE: Drum chamber drug injection — Injection of drugs into the tympanic chamber through the tympanic membrane,,"Inclusion Criteria: 1. Age ≥ 18 years old, ≤ 65 years old 2. The diagnostic criteria for total deafness type of sudden deafness published in 2015 were met, and the patient had sudden, unilateral full-frequency severe or very severe sensorineural deafness with or without deafness, tinnitus, peri-aural numbness, vertigo, and dizziness, and the diagnosis of sudden deafness was supported by physical examination, pure tone audiometry(PTA), acoustic impedance, and auditory brainstem response(ABR). Magnetic resonance(MR) of the internal auditory tract ruled out the occupancy of the internal auditory tract and pontocerebellar region. 3. Those with an onset of ≤ 6 weeks who have received a systemic application of glucocorticoid shock therapy, glucocorticoid intra-drum injections, and medication to improve inner ear circulation, but have not responded to treatment (PTA improvement \< 15 dB). 4. No history of middle or inner ear surgery, no history of radiotherapy or chemotherapy; no general anesthesia - contraindication. 5. Patients voluntarily participate in this study and sign an informed consent form Exclusion Criteria: 1. Bilateral sudden deafness, drug-based deafness, autoimmune diseases, specific infections, syndromic deafness malignant tumors. 2. Pregnant and lactating women. 3. Cannot tolerate general anesthesia surgery, and severe liver and kidney dysfunction. 4. Any other conditions that the investigator believes should be excluded from this study.",,exclude,Does not explicitly meet both criteria (Trans population + GAHT),exclude,Unverified legacy keyword heuristic: Does not explicitly meet both criteria (Trans population + GAHT),legacy_keyword_heuristic_unverified,,
NCT05464186,Effects of Whole vs. Nonfat Milk Consumption on Body Composition in Children,INTERVENTIONAL,RECRUITING,Obesity; Diabetes; Cardiovascular Diseases,,"BEHAVIORAL: Whole milk — Weekly home delivery of whole milk, daily text messages, monthly virtual visits; BEHAVIORAL: Nonfat milk — Weekly home delivery of nonfat milk, daily text messages, monthly virtual visits",,"Inclusion Criteria: * Aged 9 to 12 years * BMI ≥75th percentile for sex and age * Residence in the Greater Boston catchment area Exclusion Criteria: * Aversion to nonfat or whole milk * Physician diagnosis of major medical illness, eating disorder, or milk allergy (lactose intolerance not exclusionary as lactase treated milk can be provided) * Plans to move away from the Greater Boston catchment area during the study period * Plans to be away from home for ≥5 weeks during the study period (e.g., extended summer vacation) * Change in body weight exceeding 10% during prior year * Recent adherence to a special diet * Chronic use of any medication or dietary supplement that could affect study outcomes * Another member of the family (first degree relative) or household participating in the study",,exclude,Does not explicitly meet both criteria (Trans population + GAHT),exclude,Unverified legacy keyword heuristic: Does not explicitly meet both criteria (Trans population + GAHT),legacy_keyword_heuristic_unverified,,
NCT05469204,Effect of Estrogen Treatment on Drug Metabolism and Transport,INTERVENTIONAL,COMPLETED,Transgender Persons,,DRUG: Midazolam oral solution — 2 mg single-dose before and during estradiol treatment.; DRUG: Digoxin Oral Tablet — 0.25 mg single-dose before and during estradiol treatment.; DRUG: Acetaminophen Oral Tablet — 500 mg single-dose before and during estradiol treatment.; DRUG: Midazolam Injectable Solution — 1 mg intravenous single-dose before and during estradiol treatment.,,Inclusion Criteria: * Self-identified trans\* adult 18-55 years of age. * Not taking estradiol treatment currently. * Planning to start injectable estradiol or estradiol tablets for gender-affirming medical care. Exclusion Criteria: * Unwilling/unable to return for project follow-up visits. * Unwilling/unable to provide written informed consent.,,include,Transgender population and GAHT intervention/exposure identified,include,Unverified legacy keyword heuristic: Transgender population and GAHT intervention/exposure identified,legacy_keyword_heuristic_unverified,,
NCT05487794,Effect of Dose Fractionation of Testosterone Cypionate on Transgender Men with Erythrocytosis,INTERVENTIONAL,COMPLETED,Testosterone; Transsexualism; Hematologic Diseases,,"DRUG: Testosterone Cypionate 100 MG/ML — Testosterone is also responsible for increasing hematocrit by stimulating erythropoiesis (Velho et al., 2017). In cisgender men, who are hypogonadal and do not adequately produce testosterone, treatment with the use of testosterone is associated with stimulation of erythropoiesis, which can potentially increase blood viscosity, resulting in secondary erythrocytosis (Hajjar et al., 1997).",,"Inclusion Criteria: * TM aged between 18 and 40 years in threatmeant with Testosterone Cypionate 200mg/2mL with a diagnosis of erythrocytosis (Ht⩾50%). Exclusion Criteria: * TM with polycythemia vera or secondary to other pathologies (chronic kidney disease, severe lung disease, chronic myeloid leukemia, lymphoma, liver diseases and Cushing's syndrome); * TM in use of hormonal contraceptives or copper IUDs; * TM with psychiatric conditions such as severe psychotic disorders, severe personality disorders * Patients with Ht \> 54.",,include,Transgender population and GAHT intervention/exposure identified,include,Unverified legacy keyword heuristic: Transgender population and GAHT intervention/exposure identified,legacy_keyword_heuristic_unverified,,
NCT05489159,Sleep and IR in Transgender Adolescents,OBSERVATIONAL,COMPLETED,Sleep Disorder; Insulin Resistance; Gender Dysphoria,,,"Subjects for this study will be recruited from the Duke Child and Adolescent Gender Care Clinic, and we will follow transmasculine and transfeminine adolescents as they initiate GAHT.'Transmasculine' will refer to patients who were assigned female at birth, identified as male or non-binary, and who will undergo masculinizing GAHT 'Transfeminine' will refer to patients who were assigned male at birth, identify as female or non-binary, and who will undergo feminizing GAHT.","Inclusion Criteria: 1. 12 to 18 (inclusive) years of age, 2. Identify as transgender or non-binary and plan to undergo treatment with GAHT. Exclusion Criteria: 1. Prior treatment with GAHT or puberty-blockers (GnRH agonists), 2. Known Diabetes Mellitus, 3. Current or recent (within the past month) use of systemic corticosteroids, medications for weight loss or topiramate, 4. Proteinuria or chronic kidney disease, which could affect the metabolomic profiling",,include,Transgender population and GAHT intervention/exposure identified,include,Record-level AI review: transgender and nonbinary adolescents are followed as they initiate masculinizing or feminizing GAHT.,record_level_ai_review_2026-08-16,,
NCT05527353,AMH for the Identification of PCOM in PCOS Diagnosis,OBSERVATIONAL,UNKNOWN,Polycystic Ovary Syndrome,,,"As the study is population-based, all non-pregnant women born in Northern Finland between July 1985-December 1987 will be invited to participate in the study. Most women will be white with a small minority (estimated below 3%) of indigenous Sámi people.",Inclusion Criteria: * Female * Born July 1985-Dec 1987 in Northern Finland * Signed informed consent regarding ROCHE collaboration Exclusion Criteria: * Unwilling to undergo gynecological examination including transvaginal ultrasound (TVUS) * Unwilling to have blood drawn * Pregnancy,,exclude,Cisgender/unrelated indication,exclude,Unverified legacy keyword heuristic: Cisgender/unrelated indication,legacy_keyword_heuristic_unverified,,
NCT05529862,"Trans-RosaLEE Study: a Biomarker-directed, Translational Study",INTERVENTIONAL,ACTIVE_NOT_RECRUITING,Advanced or Metastatic Breast Cancer (BC),,"GENETIC: Pre-treatment biopsy — Pre-treatment fragments will be collected during the biopsy visit organised as part of routine medical practice, prior to the start of treatment with ribociclib + ET; GENETIC: Post treatment biopsy — Post-treatment fragments will be collected during a biopsy visit specifically planned for Trans-RosaLEE study.; GENETIC: Pre treatment blood sampling — Sampling of 4 EDTA Tubes (4ml) and 2 Streck tubes (10ml); GENETIC: Post treatment blood sampling — Sampling of 2 Streck tubes (10ml)",,"Inclusion Criteria: 1. Patients included in the RosaLEE study. 2. Patients having read and signed the ICF relative to Trans-RosaLEE. 3. Tumour material: primary and/or metastatic tumour sample, either available as frozen and collected within 3 months before V0, or newly collected before ribociclib + ET treatment initiation. Brain metastases and non-osteolytic bone metastases will be considered as non-collectable/biopsable. 4. Patient affiliated to the national ""Social Security"" regimen or beneficiary of this regimen. Exclusion Criteria: 1. Not enrolled in RosaLEE. 2. Brain metastasis and non-osteolytic bone metastases as only metastatic sites, if no available frozen tumour sample already collected within 3 months before V0. 3. Tumour material not collected before ribociclib + ET initiation. 4. Person subject to a legal protection measure (adult under guardianship, curatorship or safeguard of justice), or unable to give their consent.",,exclude,Oncology indication not related to transgender health,exclude,Unverified legacy keyword heuristic: Oncology indication not related to transgender health,legacy_keyword_heuristic_unverified,,
NCT05534763,Internet-delivered Treatment for Transgender Individuals With Co-occurring Mental Health Problems,INTERVENTIONAL,COMPLETED,Gender Dysphoria; Emotion Regulation; Internet Delivered Treatment,"This project aims to develop and evaluate if an internet delivered psychological intervention for transgender individuals undergoing assessment for gender dysphoria and a support person, is feasible, acceptable and effective in increasing emotional skills, strengthening a healthy identity development, social support and resilience to current and future mental illness. In two studies, a psychological treatment for transgender adults (18+) seeking health care for gender dysphoria and a support person (i.e., relative, friend) will be evaluated. The project will be carried out at a specialized unit for transgender health care (ANOVA) at Karolinska University Hospital","BEHAVIORAL: IERGD — A 10 week behavioral treatment focusing on gender minority stress, maladaptive and adaptive emotion regulation, emotional awareness, the functionality of emotions, interpersonal skills and values and valued actions.; OTHER: IER SUPPORT — A 5-week behavioral course for a designated support person (family, friend, other) to the person with GD. The course focuses on teachings on living with minority stress, maladaptive and adaptive emotion regulation, emotional awareness, validation, interpersonal skills and values.",,"Inclusion Criteria: 1. Patients having had an initial assessment at ANOVA for GD between March 2022 and November 2022 and found eligible for a diagnostic assessment period and having been put on a waitlist for continued evaluation. 2. Being at least 18 years of age; 3. Reporting elevated self-perceived psychiatric symptoms (e.g., depression, anxiety, suicidality) or functional impairment (difficulties maintaining school, work or daily routines); 4. Be able to write and read in Swedish; and 5. Have daily access to a computer with internet connection. Exclusion Criteria: 1. Evidence of active untreated mania, psychosis or other severe psychiatric symptoms that are deemed primary and need treatment; 2. Current and increased suicide risk, such as intrusive suicide thoughts, or current suicide plans, or recent suicide attempt; 3. Current enrollment in another psychological intervention study or currently receiving regular psychological treatment or 4. Less than 6 weeks of stable psychopharmacotherapy if such treatment is ongoing.",,include,Transgender population and GAHT intervention/exposure identified,include,Unverified legacy keyword heuristic: Transgender population and GAHT intervention/exposure identified,legacy_keyword_heuristic_unverified,,
NCT05583058,Sex Hormone Overdose and Misuse in Chinese Transgender and Gender Non-conforming Population,OBSERVATIONAL,NOT_YET_RECRUITING,Gender Incongruence; Gender Dysphoria,,OTHER: Hormone Overdose and Misuse — This is an observational study. Hormone Overdose and Misuse is an exposure.,"We will disseminate a questionnaire among online TGNC communities, social medias, under the help of TGNC-related non-government organizations (NGO). Each participant will be asked to share the link to other TGNCs. Only the completers of the questionnaire who agree to be followed up will be eligible for the cohort study. However, if needed, we will also recruit more TGNCs from outside previous participants via social media.","Inclusion Criteria: * Individuals with Chinese nationality (excluding Hong Kong SAR, Macau SAR, and Taiwan). * Aged over 12. * Identify themselves as TGNCs of any subtypes, including transgender female, transgender male, genderqueer, gender non-binary, crossdresser, or other subtypes. * have experienced at least one month of GAHT of any regimens and frequency in the last one year, or is taking hormones during the period of the study. * Hormones taken include androgen, estrogen, progesterone, anti-androgen, and anti-estrogen of any chemical structures, trade names, or regimens. Exclusion Criteria: * Individuals who undertake GAHT in the absence of self-consciousness due to mental disorders, or under external coercion/abuse. * Refuse to sign or unable to understand the informed consent.",,include,Transgender population and GAHT intervention/exposure identified,include,Unverified legacy keyword heuristic: Transgender population and GAHT intervention/exposure identified,legacy_keyword_heuristic_unverified,,
NCT05587296,"A Study to Learn More About How Well Elinzanetant Works and How Safe it is Compared to Placebo for the Treatment of Hot Flashes Caused by Anti-cancer Therapy in Women With, or at High Risk for Developing Hormone-receptor Positive Breast Cancer",INTERVENTIONAL,ACTIVE_NOT_RECRUITING,"Vasomotor Symptoms Caused by Adjuvant Endocrine Therapy in Women With, or at High Risk for Developing Hormone-receptor Positive Breast Cancer; Hot Flashes",,DRUG: Elinzanetant (BAY3427080) — 120 mg elinzanetant orally once daily; DRUG: Placebo — Matching placebo orally once daily,,"Inclusion Criteria: * Females aged 18 to 70 years of age inclusive, at the time of signing the informed consent. * Women experiencing vasomotor symptoms (VMS) caused by adjuvant endocrine therapy that they are expected to use for the duration of the study * Tamoxifen with or without the use of gonadotropin-releasing hormone (GnRH) analogues or * Aromatase inhibitors with or without the use of GnRH analogues * Women must have * a personal history of hormone-receptor positive breast cancer or * a high risk for developing breast cancer. * Participant has completed Hot Flash Daily Diary (HFDD) for at least 11 days during the two weeks preceding baseline visit, and participant has recorded at least 35 moderate to severe hot flash (HF) (including night-time HF) over the last 7 days that the HFDD was completed (assessed at the Baseline Visit). * Contraceptive use by \[women except for post-menopausal women or Women of Non childbearing potential (WONCBP)\] should be consistent with local regulations regarding the methods of contraception for those participating in clinical studies. Exclusion Criteria: * Initial diagnosis of metastatic hormone-receptor positive breast cancer (stage IV) or recurrence under adjuvant endocrine therapy of hormone-receptor positive breast cancer. * Current or history (except complete remission for 5 years or more prior to signing informed consent) of any malignancy, except for hormone-receptor positive breast cancer (Stage 0-III), basal and squamous cell skin tumors. * Surgery or non-surgical (e.g., chemotherapy, radiotherapy, immunotherapy) treatment for breast cancer within the last 3 months prior to signing informed consent (except use of tamoxifen, aromatase inhibitors, GnRH analogues). * Any clinically significant prior or ongoing history of arrhythmias, heart block and QT prolongation either determined through clinical history or on electrocardiogram (ECG) evaluation. * Any active ongoing condition that could cause difficulty in interpreting VMS such as: infection that could cause pyrexia, pheochromocytoma, carcinoid syndrome. * Any unexplained vaginal bleeding. * Mammogram with clinically relevant malignant or suspicious findings that will require surgery, radiotherapy or chemotherapy as per local guidelines (mammogram should not be older than 12 months prior to signing informed consent). If a mammogram is not possible after partial mastectomy an ultrasound could be performed instead. * Disordered proliferative endometrium, endometrial hyperplasia, polyp, or endometrial cancer diagnosed based on endometrial biopsy during screening. * Current arterial or venous vascular event (e.g., Myocardial infarction (MI), Transient ischemic attack (TIA), stroke, deep vein thrombosis (DVT), i.e., within the last 6 months prior to signing informed consent.",,exclude,Oncology indication not related to transgender health,exclude,Unverified legacy keyword heuristic: Oncology indication not related to transgender health,legacy_keyword_heuristic_unverified,,
NCT05587751,Evaluation of Gender-Affirming Treatments on Pulmonary Function in Transgender and Gender Diverse Patients,INTERVENTIONAL,RECRUITING,Hormonal Gender-Affirming Therapy,,DIAGNOSTIC_TEST: Spirometry — Pulmonary function test to measure lung function; DIAGNOSTIC_TEST: Plethysmography — Pulmonary function test to measure lung volume,,"Inclusion Criteria: * Subjects speaking any language will be offered participation. * Subjects capable of providing informed consent to the study. For those subjects younger than 18 years old who agree to participate in the study, informed consent will be obtained from patient's parents/guardian. * Subjects capable of performing pulmonary function test (PFT) maneuvers, as per pulmonary function test laboratory protocol. * Patients will be enrolled through the Mayo Clinic Rochester Transgender and Intersex * Specialty Care Clinic (TISCC), once patient has decided to undergo hormonal gender-affirming therapies (pubertal blockers, and masculinizing or feminizing hormone therapies). Exclusion Criteria: * Subjects unable to provide consent, or subjects who do not agree to discuss the study with their parents/guardians. * The presence of contraindications for pulmonary function testing including (these will be reviewed at the time of recruitment and prior to each spirometry associated with the study): * Recent surgical procedures (\<3 months) that could be affected by lung function testing, including the following categories: Abdominal surgery, Eye surgery, Thoracic surgery, Ear surgery, Brain surgery, Vascular surgery. * The presence of previously known respiratory disorders including pulmonary embolism (\<6 months), pleural effusion, pneumothorax, hemoptysis. * Recent myocardial infarction (\<1 month), new cardiac arrythmia (\<3 months), recent cardiac pacemaker implantation (\<3 months). * Heart failure symptoms, significant shortness of breath, tachycardia, or angina * The presence of chronic pulmonary diseases that maybe associated with changes in pulmonary function overtime such as asthma, chronic obstructive pulmonary disease, or interstitial lung diseases.",,include,Transgender population and GAHT intervention/exposure identified,include,Unverified legacy keyword heuristic: Transgender population and GAHT intervention/exposure identified,legacy_keyword_heuristic_unverified,,
NCT05602805,BariaPSY: the Data Bank,OBSERVATIONAL,RECRUITING,Bariatric Surgery Candidate; Obesity,,,"All patients referred to the IUCPQ for management of overweight or obesity, thus having a body mass index (BMI) ≥25 kg/m2, and older than 18 years of age can be included in the database. This therefore implies, but is not limited to, the bariatric surgery, medicine, and psychiatry tracks of the IUCPQ. It is not necessary to have a psychiatric diagnosis according to the Diagnostic and Statistical Manual of Mental Disorders 5 (DSM-5) to be eligible.",Inclusion Criteria: * Be a patient referred to the IUCPQ for management of overweight or obesity * Have a body mass index (BMI) ≥25 kg/m2 * Be 18 years old or older Exclusion Criteria: * Be an incapacitated or protected adult as defined by law * Not registered or eligible for RAMQ,,exclude,Does not explicitly meet both criteria (Trans population + GAHT),exclude,Unverified legacy keyword heuristic: Does not explicitly meet both criteria (Trans population + GAHT),legacy_keyword_heuristic_unverified,,
NCT05607303,Effect of Hormones on Frequency of Headache and Brain Structure and Function in Puberty,OBSERVATIONAL,ACTIVE_NOT_RECRUITING,Headache; Gender Identity,,OTHER: Clinical estrogen therapy — No research interventions will be used as a part of the study since the research is observational. Estrogen treatment will be prescribed and followed by participant's clinical physician.,"Study population is limited to transgender females (male sex, female gender identity) for the case population and cisgender males (male sex, male gender identity) for the purposes of the study analysis as outlined in the protocol.","Inclusion Criteria: For MTF youth (cases): * Identify as MTF * Age 11-20 years at the time of enrollment * Plan to start estrogen clinically in \&lt; 6 months For cisgender male youth (controls): * Identify as cisgender male * Age 9-20 years at the time of enrollment * No diagnosis of Klinefelter Syndrome (XXY) Exclusion Criteria: * Cognitive, or psychiatric impairment resulting in inability to tolerate the study procedures not including depression or anxiety * Known history of stroke, multiple sclerosis, or other serious neurologic condition * MRI-specific exclusion criteria (Weight \&gt; 500 lbs, claustrophobia, metal in body)",,exclude,Does not explicitly meet both criteria (Trans population + GAHT),exclude,Unverified legacy keyword heuristic: Does not explicitly meet both criteria (Trans population + GAHT),legacy_keyword_heuristic_unverified,,
NCT05649605,Early Mental Response - The EMRE Study,INTERVENTIONAL,RECRUITING,Gender Dysphoria; Gender Identity; Gender Issues,,DRUG: Testosterone treatment — Cross-sex hormone therapy consisting of intramuscular injection of testosterone undecanoate 250mg/ml. 4ml (total dosage of 1000mg) administered by trained nurse in the gluteal region at visit 1.; OTHER: Placebo treatment — Saline solution. Intramuscular injection of physiological saline solution. 4ml administered by trained nurse in the gluteal region at visit 1.,,"Inclusion criteria: 1. Well-informed written consent to participate in the study. 2. Transgender man given the ICD-10 diagnosis of transsexualism. 3. A desire for complete gender-confirming hormonal treatment. 4. Approved for Nebido treatment by a clinically responsible Endocrinologist. Exclusion criteria: 1. A concomitant hormonal condition affecting the gonadal axis (e.g. Congenital Adrenal Hyperplasia, Poly Cystic Ovary Syndrome, Complete Androgen Insensitivity Syndrome, Partial Androgen Insensitivity Syndrome, untreated thyroid disease, untreated hypercortisolism, etc.). 2. A disability that prevents the patient from fully participating in the study. 3. Treatment with steroid hormones (androgens, estrogens, progestogens, or continuous treatment with oral corticosteroids within the last three months). 4. Previous use of hormone preparations without a doctor's prescription. 5. Laboratory samples significantly outside the normal reference range. 6. Anamnestic or investigational suspicion of breast cancer or existing or previous liver tumors. 7. Levels of P-ASAT, P-ALAT, or P-GT at the screening time that are\> 2 times the reference range. 8. Hypersensitivity to the active substance or to any of the excipients. 9. Ongoing pregnancy or wishes for a pregnancy in the near future.",,include,Transgender population and GAHT intervention/exposure identified,include,Unverified legacy keyword heuristic: Transgender population and GAHT intervention/exposure identified,legacy_keyword_heuristic_unverified,,
NCT05649943,Multimodal Approach in Patients With mHSPC. Randomized Trial of APA+ADT vs APA-ADT and Local Treatment,INTERVENTIONAL,RECRUITING,Metastatic Hormone-Sensitive Prostate Cancer (mHSPC),,"DRUG: APA + ADT — All participants will receive apalutamide 240 mg (4 x 60 mg) tablets orally once daily. Apalutamide is distributed in Italy under the trade name of Erleada® 60 mg. All patients not undergoing surgical castration should also continue medical castration by taking a gonadotropin-releasing hormone (GnRHa) analogue during treatment.; PROCEDURE: Local Treatmetn RT or RP — Patients who will undergo radiotherapy as a local treatment must be treated according to the following scheme: External beam radiotherapy administered at 36 Gy in six consecutive weekly fractions of 6 Gy, or 55 Gy in 20 daily fractions of 2・75 Gy over 4 weeks. Radiation therapy will be given with the patient supine and with a full bladder and an empty rectum. The planned target volume is prostate only, with an 8 mm margin posteriorly and a 10 mm margin elsewhere. No RT on lymph nodes is foreseen. RT should begin 6 months after the first dose of apalutamide (+/- 2 weeks). Radical prostatectomy should be performed 6 months after the first dose of apalutamide (+/- 2 weeks).",,"Inclusion Criteria: * Age \> 18 * Histologically confirmed diagnosis of prostate adenocarcinoma * Metastatic disease documented by ≥1 bone lesion with Technetium 99m (99mTc) bone scan. Individuals with only one bone lesion should have confirmation of that lesion on CT or MRI. * Eastern Cooperative Oncology Group Performance Status (ECOG PS) Grade ≤ 2 * No previous treatment with antiandrogens or GnRH analogues, or a treatment ≤ 3 months. * No previous systemic or local treatment for prostate adenocarcinoma, including pelvic radiotherapy. * Laboratory values at the time of screening: a. Neutrophils ≥ 1500/μL b. Hemoglobin ≥ 9.0 mg/μL (no transfusions in the past 28 days) c. Platelets ≥ 100,000/μL d. Creatinine ≤ 2 x upper limit of normal and serum albumin ≥ 3.0 g/dL f. Total bilirubin ≤ 1.5 x upper limit of normal \[NOTE: In subjects with Gilbert syndrome, if total bilirubin is \>1.5 x ULN, measure direct and indirect bilirubin, and if direct bilirubin is ≤ 1.5 x ULN subjects may be eligible\]; g. AST and ALT ≤ 2.5 x upper limit of normal * Able to swallow Apalutamide tablets whole. * All subjects must sign an Informed Consent Form indicating that they understand the purpose of the study and its procedures and intend to participate. The subject must be willing and must be able to comply with the restrictions specified in this protocol. Inclusion criteria for cytoreductive surgery: * Age \>18 years * Clinical stage cT3 * Robot-assisted radical prostatectomy with iliac obturator lymphadenectomy * Surgical piece management criteria similar to Proteus criteria. Exclusion Criteria: * Pathologic findings consistent with small cell, ductal, or neuroendocrine prostate cancer. * Known brain metastases. * Lymph node metastases only. * Visceral metastases. * Patients not eligible for surgery or radiotherapy. * Unacceptable increase in cardiovascular risk, defined as the occurrence of at least one of the following episodes in the 6 months prior to randomization: unstable angina, myocardial infarction, symptomatic congestive heart failure, clinically significant thromboembolic events (e.g., pulmonary embolism), or clinically significant ventricular arrhythmias . * Uncontrolled high blood pressure (systolic blood pressure \> 160 mmHg or diastolic blood pressure \> 100 mmHg). * Previous treatment with antiandrogens, GnRH analogues, or other systemic treatments for adenocarcinoma of the prostate. * Previous local treatment with surgery and/or radiotherapy. * Any prior malignancy (except adequately treated basal cell carcinoma or a squamous cell skin carcinoma, superficial bladder carcinoma, or any other in situ carcinoma currently in complete remission) within 5 years of randomization. * Known allergies, hypersensitivity or intolerance to the excipients of Apalutamide. * Patients who, within 28 days prior to randomisation, have received: 1. transfusions (red blood cells and/or platelets); 2. hematopoietic growth factors; 3. major surgery. * Symptomatic and/or chronic viral hepatitis; chronic liver disease; moderate or severe liver failure (class B and C according to the Child-Pugh scale); encephalopathy, ascites or thrombo-haemorrhagic disorders secondary to liver failure. * Gastrointestinal disorders affecting drug absorption * Active infections requiring systemic therapy such as human immunodeficiency virus (HIV); * Any condition or situation which, in the judgment of the investigator, precludes participation in this trial. Exclusion criteria for cytoreductive surgery: * Contraindication for surgery",,exclude,Oncology indication not related to transgender health,exclude,Unverified legacy keyword heuristic: Oncology indication not related to transgender health,legacy_keyword_heuristic_unverified,,
NCT05663892,Drug-Drug Interaction Study in Trans Women Living With HIV,INTERVENTIONAL,ACTIVE_NOT_RECRUITING,Hiv; Transgenderism,,"DRUG: Biktarvy 50/200/25 Tab — As the HIV ART, the combination of B/F/TAF, known as Biktarvy®, which is a widely available Single Tablet Regimen (STR) approved by Health Canada is the drug under investigation. Participants in groups 1 and 2 will either have to already be taking B/F/TAF or will be required to switch to it at baseline and they will self-administer B/F/TAF once daily in the morning, with or without food. Participants taking their dosage at night will be required to switch to a morning dose at the screening visit.; DRUG: Estradiol Tablets — Oral 17(beta)-estradiol as the estrogen and an anti-androgen (pharmaceutical \[e.g., spironolactone, cyproterone, finasteride, leuprolide, bicalutamide, dutasteride\] and/or surgical \[orchiectomy\] and/or medical \[hypogonadism\]).Doses of estradiol range from 1 mg to a maximum of 6 mg per day. Participants must take 2 mg until the Month 2 Visit. Trans women participants in both groups 1 and 3 must divide their dose to twice a day (BID) if they are taking \> 2 mg per day and take 2 mg in the morning and the rest of the dosing in the evening. Participants who are only taking 2mg of estradiol once daily at night must switch their dosing to the morning. Participants who either crush or take the oral estradiol sublingually must switch to swallowing the tablet orally from the day after the screening visit until the Month 2 visit, otherwise the estradiol concentrations will be markedly higher.",,"Investigational Population (Group 1) - Trans Women Living with HIV Inclusion Criteria 1. Is a trans woman or person with transfeminine experience (individual assigned male sex at birth who currently identifies as a woman or person with transfeminine experience and is at any stage of medical, social, or legal transition); 2. Is 18 years of age or older; 3. Is living with HIV; 4. Is currently taking combination ART and has been taking these medications for at least 3 months prior to the screening visit; 5. Is willing to adjust their ART dosing to the morning if they are currently taking it at night for at least 28 days before the baseline visit until the completion of the Month 2 visit; 6. Has had an undetectable viral load for at least 3 months on at least two occasions, where most recent (within 12 months including screening) VL\<40 copies/mL and second (within 24 months) VL\<200 copies/mL with no suggestion of relevant ART drug resistance prior to screening; 7. Is willing to switch to or stay on B/F/TAF for the duration of the study (i.e., 6 months); 8. Is currently taking oral estradiol (2 mg or higher) and an anti-androgen (pharmaceutical \[e.g., spironolactone, cyproterone, finasteride, leuprolide, bicalutamide, dutasteride\] and/or surgical \[orchiectomy\] and/or medical \[hypogonadism\]) and has been taking these medications together at the current dose for at least 3 months prior to the screening visit; AND: 1. Is willing to adjust their oral estradiol dosing to twice a day if they are taking \> 2 mg per day (which is currently recommended as best practice) for at least 28 days before the baseline visit until the completion of the Month 2 visit, with the morning dose set at 2 mg (remaining dose can be taken at night), OR; 2. If their estradiol dosing is 2 mg per day and they are currently taking their estradiol at night, they must be willing to switch their dosing to the morning for at least 28 days before the baseline visit until the completion of the Month 2 visit; 3. Is willing to swallow their oral estradiol if they are currently taking it sublingually or crushing it for at least 28 days before the baseline visit and until the completion of the Month 2 visit; 4. Is willing to keep their anti-androgen (if applicable) medication(s) unchanged until the completion of the Month2 visit; 9. If taking progesterone, is willing to keep the same medication/dose until the completion of the Month 2 visit and must have been taking that dose for at least 3 months prior to the screening visit; 10. Is willing and able to provide full consent for their participation. Exclusion Criteria 1. Is clinically unable to switch ART to B/F/TAF based on their physician's opinion; 2. Is taking hormonal non-prescription or natural health products in addition to feminizing hormone therapy; 3. Has significant underlying diseases which could worsen due to their participation, or affect their ability to follow the study procedures; 4. Has kidney or liver impairment (ALT \> 5X normal; serum creatinine \[eGFR\] \< 30 mL per minute); 5. Is taking medications known to interact with feminizing hormones, B/F/TAF, or its individual components or has taken such medications within the past 28 days prior to baseline (List of prohibited medications in Appendix B1). 6. Has a known hypersensitivity to bictegravir (BIC), emtricitabine (FTC), tenofovir alafenamide (TAF) or to any ingredient in the formulation. Comparator Population (Group 2) - Cis Women Living With HIV Inclusion Criteria 1. Is a cis woman (individual assigned female sex at birth who currently identifies as a woman); 2. Is of reproductive age and 18 years of age or older; 3. Is living with HIV; 4. Has a regular period (every 24 - 35 days), or if period is irregular or absent, it is due to the administration of a progesterone only hormone contraceptive (see Appendix B1); or if uterus removed (hysterectomy), ovarie(s) remain functional (FSH level\<27.0 IU/L); 5. Is currently taking combination ART and has been taking these medications for at least 3 months prior to screening; 6. Is willing to adjust their ART dosing to the morning if they are currently taking it at night for at least 28 days before the baseline visit until the completion of the Month 2 visit; 7. Has had an undetectable viral load for at least 3 months on at least two occasions, where most recent (within 12 months including screening) VL\<40 copies/mL and second (within 24 months) VL\<200 copies/mL with no suggestion of relevant ART drug resistance prior to screening; 8. Is willing to switch to or stay on B/F/TAF for the duration of the study (i.e., 6 months); 9. Is willing and able to provide full consent for their participation. Exclusion Criteria 1. Is clinically unable to switch B/F/TAF based on their physician's opinion; 2. Is pregnant or is planning on getting pregnant for the duration of the study; 3. Has undergone surgery to remove their ovaries (i.e. oophorectomy) or has a condition in which their ovaries produce little or no estrogen (i.e. primary ovarian insufficiency, hypogonadism) or does not have ovaries naturally (i.e. unilateral ovarian absence); total hysterectomy is allowed as long as ovaries are intact and functional; 4. Is taking an estrogen containing or conjugated estrogens hormonal therapies; IUD and progesterone only contraception are allowed (See Appendix B1/2 for list for both prohibited and allowed contraceptives); 5. Has significant underlying diseases which could worsen due to their participation, or affect their ability to follow the study procedures; 6. Has kidney or liver impairment (ALT \> 5X normal; serum creatinine \[eGFR\] \< 30 mL per minute); 7. Has a known hypersensitivity to bictegravir (BIC), emtricitabine (FTC), tenofovir alafenamide (TAF) or to any ingredient in the formulation. 8. Is taking medications known to interact with B/F/TAF, or its individual components or has taken such medications within the past 28 days prior to baseline (List of prohibited medications in Appendix B1/2). Comparator Population (Group 3) - Trans Women Living Without HIV Inclusion Criteria 1. Is a trans woman or person with transfeminine experience (defined as individual assigned male sex at birth who currently identifies as a woman or person with transfeminine experience irrespective of medical, social, or legal transition); 2. Is 18 years of age or older; 3. Is HIV negative at screening; 4. Is currently taking oral estradiol (2mg or higher) and an anti-androgen (pharmaceutical \[i.e., spironolactone, cyproterone, finasteride, leuprolide, bicalutamide, dutasteride\] and/or surgical \[orchiectomy\] and/or medical \[hypogonadism\]) and has been taking these medications at the current dose for at least 3 months prior to the screening visit, AND: 1. Is willing to adjust their oral estradiol dosing to twice a day if they are taking \> 2 mg per day (which is currently recommended as best practice) for at least 28 days before the baseline visit until the completion of the Month 2 visit, with the morning dose set at 2 mg (remaining dose can be taken at night) OR; 2. If their estradiol dosing is 2 mg per day and they are currently taking their estradiol at night, they must be willing to switch their dosing to the morning for at least 28 days before the baseline visit until the completion of the Month 2 visit; 3. Is willing to swallow their oral estradiol if they are currently taking it sublingually or crushing it for at least 28 days before the baseline visit until the completion of the Month 2 visit; 4. Is willing to keep their anti-androgen (if applicable) medication(s) unchanged until the completion of the Month2 visit; 5. If taking progesterone, is willing to keep their dose the same until the Month 2 visit and must have been taking that dose for at least 3 months prior to the screening visit; 6. Is willing and able to provide full consent for their participation. Exclusion Criteria 1. Is taking hormonal non-prescription or natural health products in addition to feminizing hormone therapy; 2. Has taken HIV pre-exposure prophylaxis (PrEP) (i.e, TDF/FTC or TAF/FTC) or HIV post-exposure prophylaxis (PEP) in the prior 28 days from baseline and plans to continue during the study; 3. Has significant underlying diseases which could worsen due to their participation, or affect their ability to follow the study procedures; 4. Has kidney or liver impairment (ALT \> 5X normal; serum creatinine \[eGFR\] \< 30 mL per minute); 5. Is taking medications known to interact with feminizing hormones or has taken such medications within the past 28 days prior to baseline (List of prohibited medications in Appendix B1).",,include,Transgender population and GAHT intervention/exposure identified,include,Unverified legacy keyword heuristic: Transgender population and GAHT intervention/exposure identified,legacy_keyword_heuristic_unverified,,
NCT05725967,Endoscopic Metabolic and Bariatric Therapies,OBSERVATIONAL,ENROLLING_BY_INVITATION,"Obesity; Obesity, Morbid; Obesity Associated Disorder; Bariatric Surgery Candidate; Fistula, Gastric; Roux-en-y Anastomosis Site; Ulcer, Gastric; Abdominal Pain; Abdominal Obesity; Complication of Surgical Procedure; Complication of Treatment; Complication,Postoperative; Weight Gain; Weight Loss; Leak, Anastomotic; Delayed Gastric Emptying Following Procedure",,"PROCEDURE: Primary Obesity Endoscopic Procedures — Any primary endoscopic procedure for treatment of obesity including endoscopic sleeve gastroplasty (ESG), intragastric balloons (IGB), Aspiration therapy, pylorus sparing antral myotomy (PSAM), primary obesity surgery endoluminal (POSE), gastroplasty with endoscopic myotomy (GEM).; PROCEDURE: Endoscopic Revision of Bariatric Surgical Procedures — Any endoscopic revision procedure in a post-bariatric surgical patient, including transoral outlet reduction (TORe), restorative obesity surgery endoluminal (ROSE), argon plasma coagulation of the outlet (APC), endoscopic suturing.; PROCEDURE: Bariatric Surgery Procedures — Any bariatric surgical procedure including Roux-en-Y gastric bypass (RYGB), laparoscopic sleeve gastroplasty (LSG), laparoscopic adjustable gastric banding (LAGB); DEVICE: Endoscopic Sleeve Gastroplasty, Trans-oral Outlet Reduction — Any endoscopic procedure using an endoscopic suturing device for primary obesity treatment or revision of post bariatric complications.; DEVICE: Intragastric Balloon — An endoscopic bariatric procedure involving the placement of an intragastric balloon.; DEVICE: Primary obesity surgery endoluminal, Restorative obesity surgery endoluminal — Any endoscopic procedure using an endoscopic plicating device for primary obesity treatment or revision of post bariatric complications.; DEVICE: Argon Plasma Coagulation, Gastroplasty with Endoscopic Myotomy, Bariatric Endoscopic Antral Myotomy, Pylorus Sparing Antral Myotomy — Electrosurgical interventions for obesity. Use of electrosurgical devices, such as electrocautery for the primary treatment of obesity or obesity related complications.; DEVICE: Aspiration Therapy — Placement of an aspiration therapy device for the treatment of obesity.","Adult patients registered with Mass General Brigham affiliate facilities who have undergone an endoscopic primary obesity procedure, an endoscopic bariatric revision procedure, or a bariatric surgical procedure.",Inclusion Criteria: * patients from Mass General Brigham * any patient having an endoscopic primary obesity procedure * any patient having an endoscopic post-bariatric surgical revision procedure * any patient having a bariatric surgical procedure Exclusion Criteria: * patients without past surgical and medical history medical records in the Mass General Brigham system * patients unwilling to allow for medical record review at Mass General Brigham,,exclude,Does not explicitly meet both criteria (Trans population + GAHT),exclude,Unverified legacy keyword heuristic: Does not explicitly meet both criteria (Trans population + GAHT),legacy_keyword_heuristic_unverified,,
NCT05726903,Counseling Among Gender Diverse Adolescents Who Use Depot Medroxyprogesterone,INTERVENTIONAL,COMPLETED,"Gender Dysphoria, Adolescent","Recommendations regarding contraceptive counseling and reproductive health differ amongst transgender and gender diverse (TGD) youth compared to cis-gender youth. Limited existing literature demonstrates the need for contraceptive counseling that moves beyond cis- and heteronormative assumptions that start with pregnancy prevention and address concerns at the intersection of gender identity. The Investigator's qualitative study will focus on creating best practices regarding equitable contraceptive counseling for TGD youth. The Investigator will recruit transgender youth who are assigned female at birth, and currently or interested in using depo medroxyprogesterone (DMPA). Through focus groups and semi-structured interviews, the investigator hopes to guide providers in creating best practices and more equitable contraceptive counseling for TGD youth and measure satisfaction of DMPA in TGD youth.",DRUG: Depo-subQ Provera Injectable Product — SC Injection at Home,,"Inclusion Criteria: * between the ages of 15-21, * currently receiving care at one of the clinic sites, assigned female at birth, identify as transgender or gender diverse , and are currently using or are interested in using DMPA. Exclusion Criteria: * Any contraindications to DMPA (based on any category 3 or 4 recommendations from the CDC MEC guidelines)",,include,Transgender population and GAHT intervention/exposure identified,exclude,"Record-level AI review: the transgender/gender-diverse population criterion is met, but depot medroxyprogesterone is studied for contraception and contraceptive counseling, not as GAHT.",record_level_ai_review_2026-08-16,,
NCT05787470,State of Hormones Impact Nociceptive Expression,OBSERVATIONAL,RECRUITING,Pain; Gender Identity,,"BEHAVIORAL: Quantative sensory testing — All participants will undergo quantitative sensory testing for assessment of endogenous pain modulation using painful heat, mechanical, and cold stimuli in a laboratory session lasting approximately 1 hour.; DIAGNOSTIC_TEST: Blood Draw — Sample of blood will be taken.","Study population will be chosen from the general public within the Birmingham as well as participants recruited through the Birmingham Aids Outreach (BAO), Magic City Acceptance Center (MCAC) and the Transgender Advocates Knowledgeable Empowering (TAKE).","Inclusion Criteria: * self-identification as one of the above gender identities * understanding of verbal and written English. * participants that have been on/off hormone treatment for at least 6 months Exclusion Criteria: * pain in at least 3/7 days/week for the past 3 months * HIV positive diagnosis * cardiovascular or pulmonary disease * regular use of opioid pain medications * uncontrolled hypertension (i.e. SBP/DBP of \> 150/95) * current illness accompanied by fever (body temperature \>38 °C) * prostatectomy, hysterectomy or oophorectomy * hospitalization due to psychiatric illness within the last 6 months.",,exclude,Does not explicitly meet both criteria (Trans population + GAHT),exclude,Unverified legacy keyword heuristic: Does not explicitly meet both criteria (Trans population + GAHT),legacy_keyword_heuristic_unverified,,
NCT05808387,The Effects of Resveratrol on Sirtuins and Apoptosis Biomarkers,INTERVENTIONAL,UNKNOWN,Coronary Artery Disease; Menopause; Endothelial Dysfunction,,"DIETARY_SUPPLEMENT: Resveratrol — Trans-resveratrol, 1000 mg daily for 90 days; DIETARY_SUPPLEMENT: Placebo — Starch, 1000 mg daily for 90 days",,"Inclusion Criteria: * Postmenopausal women; * Diagnosed coronary artery disease; * Stable coronary disease; Exclusion Criteria: * hypo or hyperthyroidism, * rheumatic disease, * use of alcohol, * hepatic failure, * renal failure * hormone replacement therapy * use of insulin",,exclude,Cisgender/unrelated indication,exclude,Unverified legacy keyword heuristic: Cisgender/unrelated indication,legacy_keyword_heuristic_unverified,,
NCT05829018,Elucidating the High Cardiovascular Disease Risk in South Asians,INTERVENTIONAL,UNKNOWN,Cardiovascular Diseases,,"DIAGNOSTIC_TEST: Mixed meal test — Nutridrink 270 mL 405 kcal, 49 Energy% carbohydrates, 35 Energy% fat, 16 Energy% protein, vitamins, and minerals",,"Inclusion Criteria: * Biologically male and female * South Asian or Dutch European ethnicity (South Asian ethnicity is defined as having 4 grandparents that originally descended from either Surinam, Bangladesh, India, Nepal, Pakistan, Afghanistan, Bhutan or Sri Lanka) * Age from 18 to 30 years old * BMI 18-23 kg/m2 * Capable of giving written informed consent * Able to comply with the requirements and restrictions listed in the informed consent form Exclusion Criteria: * (auto-) immune disease(s) including type 1 or 2 diabetes mellitus, chronic kidney disease, hepatic disease, inflammatory bowel disease, thyroid disease and rheumatoid arthritis. * Genetic lipid-associated disorders such as familial hypercholesterolemia * Any chronic renal or hepatic disease * Use of medication known to influence glucose and/or lipid metabolism (e.g. beta-blockers, antidepressants, corticosteroids) * Abuse of alcohol or other substances * Smoking * Vigorous exercise (\>3 times/week) * Milk or soy allergy",,exclude,Does not explicitly meet both criteria (Trans population + GAHT),exclude,Unverified legacy keyword heuristic: Does not explicitly meet both criteria (Trans population + GAHT),legacy_keyword_heuristic_unverified,,
NCT05829928,Testicular Tissue Cryopreservation in the Setting of Gender-Affirming Therapy,OBSERVATIONAL,ACTIVE_NOT_RECRUITING,Gender Dysphoria; Transgender,The goal of this study is to learn about fertility preservation in the gender-diverse community. The main objectives it aims to understand are to: 1. Optimize techniques for processing and cryopreserving testicular tissue. 2. Determine presence and number of germ cells (sperm precursors) in the patients' testicular tissue. 3. Develop next generation cell- and tissue-based therapies for preserving fertility and treating infertility.,DIAGNOSTIC_TEST: Infectious Disease Testing — Participants will undergo infectious disease testing.; PROCEDURE: Gonadal Tissue Removal — Removal of gonadal tissue will be done through a surgical procedure.,Eligible patients who will undergo gender-affirming treatments and for whom standard of care fertility preservation procedures are not available.,"Inclusion Criteria: Category 1 participants must have all criteria listed below: * Patient with testes over the age of 9 * Diagnosed with gender dysphoria; currently on or imminently planning to start gender affirming treatment (hormone blockers or gender-affirming hormones) * Have a clinical referral for fertility preservation from their primary care physician * Unwilling to undergo natal puberty or, for patients who have gone through puberty, unwilling to discontinue hormone suppression and/or hormone replacement therapy. Category 2 participants only fall into this category if they are undergoing gender-affirming surgery. They must have all criteria listed below: * Patient is 18+ years old * Diagnosed with gender dysphoria * Unwilling to undergo natal puberty, or for patients who have gone through puberty, be unwilling to discontinue hormone suppression and/or sex steroid (estrogen) therapy. * Will be undergoing gender affirming surgery that involves removal of the testes. Exclusion Criteria: * Diagnosed with psychological, psychiatric, or other conditions which prevent giving fully informed consent. * Diagnosed with an underlying medical condition that significantly increases their risk of complications from anesthesia and surgery.",,include,Transgender population and GAHT intervention/exposure identified,include,Unverified legacy keyword heuristic: Transgender population and GAHT intervention/exposure identified,legacy_keyword_heuristic_unverified,,
NCT05853120,Doxy-Post-exposure Prophylaxis,INTERVENTIONAL,COMPLETED,Sexually Transmitted Diseases,"The goal of this project is to collect data regarding the ability of various oral doses of doxycycline to penetrate mucosal tissues in men and women to inform the combination of doxycycline with antiretrovirals (ARVs) for the development of single-dose event-driven multipurpose prevention strategies to protect against HIV and sexually transmitted infections (STIs). This study is of importance in the field of research because it allows the exploration of new dosing strategies that would permit a single event-driven oral dose of medications that could provide protection from HIV as well as other STIs. The study population that this study seeks to enroll are healthy people assigned male or female sex at birth and not using gender-affirming hormone therapy and are willing to undergo study procedures. Recruitment: Both face-to-face and online engagements will be conducted to recruit study participants. Face-to-face locations include bars and nightclubs, community organizations serving study populations, sports events, and community venues, and online engagements include dating sites, social networks, and craigslist, amongst other social medial platforms.",DRUG: Doxycycline — Doxycycline is used to treat or prevent infections that are strongly suspected to be caused by bacteria; it is an antimicrobial drug indicated for bacterial infections such as sexually transmitted infections. Doxycycline (DOX) will be given orally at 100 and 200 mg doses.,,"Inclusion Criteria: * Aged 18-59 years * Assigned male sex or female sex at birth * In good general health * Not currently taking doxycycline or other tetracycline-derived antibiotics and no plans to initiate during the study * For HIV-positive people, on stable antiretroviral therapy with an undetectable viral load and CD4 count\> 300ul/ml * Willing to use condoms consistently for the duration of the study * Able to provide informed consent * No plans for relocation in the next 4 months * Not pregnant and does not plan on getting pregnant for the duration of the study * Willing to undergo peripheral blood, urine, rectal or vaginal secretion collection, and a rectal or vaginal and cervical biopsy procedure * Willing to use study products as directed Exclusion Criteria: * Current or chronic history of liver disease * Continued need for, or use during the 90 days before enrollment, of the following medications: 1. Systemic immunomodulatory agents 2. Supraphysiologic doses of steroids (short course steroids less than 7 days duration, allowable at the discretion of the investigators) 3. Chemotherapy or radiation for treatment of malignancy 4. Experimental medications, vaccines, or biologicals * Intent to use doxycycline or other tetracycline-derived antibiotics during the study, outside of the study procedures * Any other clinical condition or prior therapy that, in the opinion of the investigator, would make the patient unsuitable for the study or unable to comply with the study requirements * Known allergic reaction to study drugs. * Significant laboratory abnormalities at baseline visit for rectal biopsies, including but not limited to: 1. Hgb ≤ 10 g/dL 2. PTT \> 1.5x ULN or INR \> 1.5x ULN 3. Platelet count \<100,000",,exclude,Does not explicitly meet both criteria (Trans population + GAHT),exclude,Unverified legacy keyword heuristic: Does not explicitly meet both criteria (Trans population + GAHT),legacy_keyword_heuristic_unverified,,
NCT05863676,Ovarian Tissue Cryopreservation in the Setting of Gender-affirming Therapy,OBSERVATIONAL,ACTIVE_NOT_RECRUITING,Gender Dysphoria; Transgender,,PROCEDURE: Oophorectomy — Ovary will be removed for fertility preservation.; DIAGNOSTIC_TEST: Infectious Disease Testing — Infectious Disease Testing will be done on participants.,Eligible patients who will undergo gender-affirming treatments and for whom standard of care fertility preservation procedures are not available.,"Inclusion Criteria:Two Categories of participants will be eligible for this study. Category 1 participants must have all criteria listed below: * Patient with ovaries over the age of 9 * Diagnosed with gender dysphoria; currently on or imminently planning to start gender affirming treatment (hormone blockers or gender-affirming hormones) * Have a clinical referral for fertility preservation from their primary care physician * Unwilling to undergo natal puberty or, for patients who have gone through puberty, unwilling to discontinue hormone suppression and/or hormone replacement therapy. Category 2 participants only fall into this category if they are undergoing gender-affirming surgery. They must have all criteria listed below: * Patient is 18+ years old * Diagnosed with gender dysphoria * Unwilling to undergo natal puberty, or for patients who have gone through puberty, be unwilling to discontinue hormone suppression and/or sex steroid (estrogen) therapy. * Will be undergoing gender affirming surgery that involves removal of the ovaries. Exclusion Criteria: * Diagnosed with psychological, psychiatric, or other conditions which prevent giving fully informed consent. * Diagnosed with an underlying medical condition that significantly increases their risk of complications from anesthesia and surgery.",,include,Transgender population and GAHT intervention/exposure identified,include,Unverified legacy keyword heuristic: Transgender population and GAHT intervention/exposure identified,legacy_keyword_heuristic_unverified,,
NCT05865262,Protocol TRANS and QT Repolarization,OBSERVATIONAL,COMPLETED,Transgender Individuals; QTc Interval,,"DIAGNOSTIC_TEST: ECG — A triplicate ECG and a blood test will be done during a medical consultation as part of the usual endocrinology follow-up. Included individuals seen prior to initiation of GAHT, will be assessed a second time (at least one month after GAHT start) with a triplicate ECG and a blood test similar to inclusion visit. Included individuals already on GAHT will be seen only once at the inclusion visit. Triplicates of 10seconds 12-lead digitized electrocardiogram will be recorded after few minutes of rest in the supine position. Electrocardiograms will be acquired with Mindray ECG BeneHeart R12. For each subject, RR, PR, QRS and QT interval durations will be assessed with a semiautomatic approach using the median representative beats (overlap method) generated from 10seconds ECG with a good quality (CalECG v3.7; AMPS, LLC). The QT interval will be measured and corrected for heart rate by Fridericia's formula.; DIAGNOSTIC_TEST: blood test (assessing ionic and hormonal circulating levels) — Blood samples for the determination of serum concentrations of estradiol, progesterone, testosterone, FSH, and LH will be collected on the same day as the ECG, in a dry tube and further assayed in the immunology laboratory of Bordeaux University Hospital (France). Estradiol, progesterone, FSH, and LH plasma concentrations will be assayed by immunochemiluminescence (Architect i2000SR; Roche Diagnostics), and testosterone levels by liquid chromatography mass spectrometry. Kalemia and calcemia will be collected in a BD Vacutainer tube with heparin lithium and separator, further assayed at the biochemistry laboratory of Bordeaux University Hospital by indirect potentiometric measurement (Architect c16000) and Arsenazo III SRM 956 colorimetrie (Architect c16000).",Individuals with gender dysphoria consulting as part of the usual standard of care follow-up in endocrinology for instauration or follow-up of GAHT,"Inclusion Criteria: * Individuals with gender dysphoria consulting as part of the usual standard of care follow-up in endocrinology for instauration of the follow-up of GAHT Exclusion Criteria: * \<18 years old * patients under protective measures or deprived of liberty (under guardianship, curatorship, safeguard of justice, incarcerated) * history of congenital long QT syndrome",,include,Transgender population and GAHT intervention/exposure identified,include,Unverified legacy keyword heuristic: Transgender population and GAHT intervention/exposure identified,legacy_keyword_heuristic_unverified,,
NCT05877235,Serum Concentration of Endogenous Estrogens and Sirtuin-1 After Administration of Atorvastatin and Quercetin:,INTERVENTIONAL,COMPLETED,Coronary Artery Disease; Menopause,,"DIETARY_SUPPLEMENT: Quercetin — Trans-quercetin, 1000 mg daily for 60 days; DIETARY_SUPPLEMENT: Placebo — Starch, 1000 mg daily for 60 days",,"Inclusion Criteria: * Postmenopausal women; * Diagnosed coronary artery disease; * Stable coronary disease; Exclusion Criteria: * hypo or hyperthyroidism, * rheumatic disease, * use of alcohol, * hepatic failure, * renal failure * hormone replacement therapy * use of insulin",,exclude,Cisgender/unrelated indication,exclude,Unverified legacy keyword heuristic: Cisgender/unrelated indication,legacy_keyword_heuristic_unverified,,
NCT05883553,Epithesis Versus Prosthesis in Post-phalloplasty Transgender Patients.,INTERVENTIONAL,RECRUITING,Transgenderism; Erectile Dysfunction; Prosthesis Durability; Gender Dysphoria; Sexual Dysfunction,"Transgender and gender diverse (TGD) individuals most often choose for phalloplasty as a means to create masculine external genitalia. The neophallus created in phalloplasty is usually insufficient for penetrative sexual intercourse due to the lack of erectile structures. Therefore, implantation of an internal erectile prosthesis or use of an external device or epithesis is required. Internal prostheses are the main method for attaining penile rigidity after phalloplasty, but they carry a high risk of complications. Previous research has shown that up to 22% of prostheses for cisgender men were explanted due to various reasons, including infection, erosion, and malfunction within 20 months. The lack of reliable and durable erectile devices leads to a large proportion of patients either choosing phalloplasty but never going for the placement of an erectile prosthesis or completely abandoning the idea of GGAS under the form of phalloplasty. Secondarily, TGD individuals may be concerned about complication rates and likely need for additional surgeries associated with penile implant surgery. Therefore, alternative options for transgender and gender non-conforming patients after phalloplasty are needed. These alternatives may be surgical or non-surgical. External penile epitheses or penile splints were originally designed for cisgender men with erectile dysfunction but have been used experimentally by post-phalloplasty transgender men. While there is no data on the usability and durability of penile epitheses in a TGD population, they may be a viable alternative to an internal penile prosthesis after phalloplasty. Penile lifters or splints, marketed as ElatorTM or ErektorTM, are commercially available and consist of two rigid rings connected by rigid metal rods. The biggest of two rings is placed around the base of the phallus, and the second ring is placed behind the coronal ridge. By connecting the rods to the ring at the base of the penis, tension and rigidity between the two rings is created, allowing the user to penetrate their partner and remove the device after intercourse. The current study aims to extend the knowledge on these external devices by comparing them to the implantation of an internal penile prosthesis in post-phalloplasty transgender patients.","DEVICE: Usability and added value of device within sexual activity — Participants and there partners will be asked to use the device over the course of 4 months, during which both will provide answers to questionnaires on quality of relation and sexual life, and detailed questions on the usability and the added value of the used device during sexual activity along with overall satisfaction with the device.",,"Inclusion Criteria: * Transgender or gender non-conforming individuals diagnosed according to the DSM-5 diagnostic criteria for gender dysphoria. * Patients have undergone phalloplasty as a form of genital gender affirming surgery. * ≥ 1 year after phalloplasty (any type of flap combination is allowed), performed at the Ghent University Hospital or Amsterdam UMC. * ≥ 3 months after coronaplasty and having reasonably pronounced coronal ridge, as defined by the surgeons' expert opinion (This criterion is only obligatory in the eptithesis group, not in the prosthesis group). * Anatomic penile length and girth as defined by the surgeons' expert opinion. * Absence of urethral stricture or other structural problem resulting in voiding dysfunction. * Normal uroflowmetry and post-void residue * Regain of at least minimal protective sensation up to the tip of the phallus as defined by Semmes-Weinstein monofilament testing. * Established (primary) sexual relationship with partner who is willing to take part in the study. * Both patient and partner have interest in penetrative sexual intercourse. * Patient is unable to penetrate the partner (anal or vaginal) adequately sexually without the aid of supportive measures (condom, taping, penile sleeve, penile epithesis or any other measure defined as supportive by the investigators). * Fit and eligible for erection prosthesis surgery, based on the surgeons' expert opinion. * No history of erection prosthesis surgery. * No interest in or fear of prosthesis surgery making this option obsolete (This criterion is only obligatory in the eptithesis group, not in the prosthesis group) * Treatment naïve in the use of the Elatortm or Erektortm epithesis. * Voluntarily signed written informed consent according to the rules of Good Clinical Practice (Declaration of Helsinki) and national regulations. Exclusion Criteria: * Cisgender patients treated with phalloplasty various reasons. * Post-metoidioplasty patients (metoidioplasty as step-up to performed phalloplasty is allowed). * Absence of coronaplasty or coronaplasty performed \< 3 months ago or coronaplasty did not leave sufficiently pronounced coronal ridge as defined by the surgeons' expert opinion (This criterion is only obligatory in the epithesis group, not in the prosthesis group) * Penile dimensions are not anatomic (e.g. too small or too large). * Underlying LUTDs requiring further investigation and/or treatment. * Inadequate protective sensation in the penis. * No established (sexual) partner and/or partner is not willing to take part in the study. * Patient and/or partner have no interest in penetrative sexual intercourse.",,exclude,Does not explicitly meet both criteria (Trans population + GAHT),exclude,Unverified legacy keyword heuristic: Does not explicitly meet both criteria (Trans population + GAHT),legacy_keyword_heuristic_unverified,,
NCT05884307,Trans Care: An Online Intervention to Reduce Symptoms of Gender Dysphoria,INTERVENTIONAL,COMPLETED,Gender Dysphoria,"The current project aims to improve the well-being of trans and nonbinary (TNB) individuals through an online intervention (Trans Care) targeting the reduction of symptoms of gender dysphoria. The Trans Care intervention will involve the creation of an online intervention comprised of eight modules intended to reduce symptoms of gender dysphoria, increase active coping, and improve the well-being of TNB individuals. Aim 1 is a feasibility and acceptability study of the proposed intervention and will enroll 100 TNB participants to provide feedback to inform a follow-up randomized controlled trial.",OTHER: Trans Care Web App — an educational and interactive website designed to improve coping strategies of TNB individuals,,"Inclusion Criteria: * Identify as transgender, transsexual, nonbinary, and/or have a transgender history. * Experience gender dysphoria. * Time available to commit to completing a 4-5-hour online intervention and 1-2 hours to complete follow up surveys Exclusion Criteria: * under 18 years old * individual does not identify as transgender, transsexual, nonbinary, and/or have a transgender history * does not experience gender dysphoria * is unable to commit to the time requirements of the study * does not have access to an internet compatible device",,include,Transgender population and GAHT intervention/exposure identified,include,Unverified legacy keyword heuristic: Transgender population and GAHT intervention/exposure identified,legacy_keyword_heuristic_unverified,,
NCT05891795,Clascoterone for Steroid-related Acne Vulgaris in Transgender Male Patients Receiving Masculinizing Hormone Therapy,INTERVENTIONAL,ACTIVE_NOT_RECRUITING,Acne Vulgaris,,DRUG: Clascoterone 1% Top Cream — Apply a thin layer to the affected area twice daily.; DRUG: Vehicle — Apply a thin layer to the affected area twice daily.,,"Inclusion Criteria: * transgender male or gender diverse patient on MHT * on a stable dose of MHT for at least 3 months prior to the study * anticipate being on the same dose of MHT for the duration of the study * have steroid-related acne vulgaris as determined by the investigator with onset or worsening after initiation of MHT * have at least 20 papules or pustules on the face * consistent skin care regimen (topical and systemic medications) for at least 4 weeks prior to enrollment and continue it for the duration of the study (however, note exclusion below that topical steroids on face not allowed for 4 weeks prior to enrollment and during study)\*; * age 16 years old or older * potential participants who have ovaries and are or planning to be sexually active with partners that produce sperm will need to use a medically reliable form of birth control (including but not limited to condoms, intrauterine device, oral contraceptives) before enrollment and during the study * Note inhaled steroids are allowed as long as regimen is stable one month prior to enrollment and during the study Exclusion Criteria: * changes in topical or systemic anti-acne medications or procedures within four weeks of study enrollment * use of topical steroids on the face within 4 weeks prior to enrollment and during study * pregnant or breast-feeding patients * unable to provide informed consent, follow the protocol, attend study visits, or any other circumstance or condition which the investigator deems may obscure interpretation of results or affect safety of the potential participant.",,include,Transgender population and GAHT intervention/exposure identified,include,"Record-level AI review: transgender male and gender-diverse patients on masculinizing hormone therapy are studied for acne arising after that therapy, making GAHT an explicit exposure.",record_level_ai_review_2026-08-16,,
NCT05897086,Polyethylene-glycol Assisted Nerve Repair in Phalloplasty,INTERVENTIONAL,ENROLLING_BY_INVITATION,Gender Dysphoria,"Phalloplasty, a genitourinary surgery for transmasculine patients, reconstructs a neophallus using tissue transferred from other parts of the body to the groin. However, this technique fails to provide adequate sensation, causing regret and persistent dysphoria. Peripheral nerve regeneration is the greatest barrier to sensory recovery, given the slow rate of regrowth coupled with the negative effects of axonal degeneration. Topical application of polyethylene glycol (PEG) fuses severed axonal membranes, restoring the nerve's immediate ability to conduct electrical signals across the repair site. The investigators hypothesize that utilizing PEG in phalloplasties will significantly improve neophallus sensation and postoperative quality of life.",DRUG: Polyethylene Glycol 3350 — Topical irrigation with approximately 2 ccs of a 190 mM solution of 50% PEG 3.35 kD in sterile water,,"Inclusion Criteria: * over the age of 18 * preoperative diagnosis of gender dysphoria and present for planned radial forearm free flap phalloplasty * willing to comply with all aspects of treatment as well as the study evaluation schedule Exclusion Criteria: * a known allergy to the study drug * a hematocrit of 54% or higher * a history of venous thromboembolism (VTE), peripheral phlebitis, stroke, or myocardial infarction within the last 6 months.",,exclude,Does not explicitly meet both criteria (Trans population + GAHT),exclude,Unverified legacy keyword heuristic: Does not explicitly meet both criteria (Trans population + GAHT),legacy_keyword_heuristic_unverified,,
NCT05903911,Trans Care: An Online Intervention to Reduce Symptoms of Gender Dysphoria,INTERVENTIONAL,COMPLETED,Gender Dysphoria,"The current project aims to improve the well-being of trans and nonbinary (TNB) individuals through an online intervention (Trans Care) targeting the reduction of symptoms of gender dysphoria. The Trans Care intervention will involve the creation of an online intervention comprised of eight modules intended to reduce symptoms of gender dysphoria, increase active coping, and improve the well-being of TNB individuals. Aim 2 is a randomized controlled trial of the proposed intervention and will enroll 260 TNB participants.",OTHER: Trans Care Web App — an educational and interactive website designed to improve coping strategies of TNB individuals,,"Inclusion Criteria: * Identify as transgender, transsexual, nonbinary, and/or have a transgender history. * Experience gender dysphoria. * Time available to commit to completing a 4-5-hour online intervention and 1-2 hours to complete follow up surveys Exclusion Criteria: * under 18 years old * individual does not identify as transgender, transsexual, nonbinary, and/or have a transgender history * does not experience gender dysphoria * is unable to commit to the time requirements of the study * does not have access to an internet compatible device",,include,Transgender population and GAHT intervention/exposure identified,include,Unverified legacy keyword heuristic: Transgender population and GAHT intervention/exposure identified,legacy_keyword_heuristic_unverified,,
NCT05925361,Peritoneum Vaginoplasty; Implementation According to IDEAL Framework,INTERVENTIONAL,UNKNOWN,Rokitansky Kuster Hauser Syndrome; Vaginal Neoplasms; Gender Incongruence; Vaginal Obstruction; Penoscrotal Hypoplasia,"This study aims to assess if a single flap peritoneum vaginoplasty is safe and feasible.The IDEAL framework for evaluation and implementation of surgical techniques will be used. There are two patient groups who are eligible to undergo this procedure. The first group consists of transgender women who either have a shortage of penile skin (so they cannot undergo standard operation technique: penile inversion) or a stenosis of their primary neovagina. The second group consists of women who are born without a vagina or have an acquired short or absent vagina after vaginectomy or hysterectomy because of malignancy of the cervix or vagina. At the moment, standard procedure for both groups in the Amsterdam University Medical Center (UMC) is the sigmoid vaginoplasty, where a part of the bowel is used to form a vaginal cavity. This procedure is risky, because in some cases, the bowel anastomosis is defect. An other more frequent complication, is malodorous excessive discharge. Sometimes accompanied by inflammation of the diversion neovagina. In recent years, the use of the peritoneum vaginoplasty has been described for transgender women. However, the peritoneum is either used as small flaps to deepen the vagina, or the peritoneum is pulled down, which limits the depth of the neovagina. We want to implement a different technique, where the peritoneum is harvested in a single pedicled flap, which is brought down and sutured in the cavity cylinder shaped. The risks are the same as in any laparoscopic surgery, but we suspect the risk of failure of the anastomosis is much lower, as is the chance of a temporary stoma.","PROCEDURE: Laparoscopic pedicled single flap peritoneum vaginoplasty — After the perineal part of the operation, in which the vaginal cavity will be dissected, a laparoscopy will be started. During laparoscopy, a single flap peritoneum will be harvested. The flap will be checked for adequate blood supply. The flap will be brought down to the (neo) vaginal cavity and sutured around a dilatator cylinder wise.",,"Inclusion Criteria: * Indication for vaginoplasty, with no option to use penoscrotal tissue or with shortage of penoscrotal tissue. * Age \>18 * Able to give informed consent Exclusion Criteria: * Contra-indication for laparoscopic surgery * Smoking (cessation for at least 6 weeks) * BMI 18 \< or \>30 kg/m2",,include,Transgender population and GAHT intervention/exposure identified,include,Unverified legacy keyword heuristic: Transgender population and GAHT intervention/exposure identified,legacy_keyword_heuristic_unverified,,
NCT05934877,ASK-PrEP (Assistance Services Knowledge-PrEP),INTERVENTIONAL,TERMINATED,Substance Use Disorders; HIV,,"BEHAVIORAL: PrEP navigation + text messaging — Using a client-centered approach, the PrEP navigator works to link participants into SUD treatment and other ancillary behavioral health and support services, according to their unique barriers, with the ultimate goal of PrEP initiation, adherence, and persistence; services may include mental healthcare, counseling for intimate partner violence, food insecurity, housing instability, hormone therapy. Text-messaging support includes once weekly text message.; BEHAVIORAL: Standard of Care — The SOC arm provides PrEP education, information, and referrals. Those randomized to the SOC arm receive an approximate 20-30-minute educational session on PrEP, and will be given a PrEP pamphlet and list of clinics that provide PrEP in LAC.; BEHAVIORAL: Contingency Management — Non-responders in the ASK-PrEP arm will be stepped and re-randomized (1:1) to Contingency Management (CM), either in concert with ASK-PrEP or alone. CM is a progressive contingency schedule. Participants submit a thrice weekly urine sample. Participants will receive a voucher-based escalating reinforcement schedule. Successive urine samples that are nonreactive for the metabolites of their identified SUD will escalate their voucher point value. Each three consecutive nonreactive urine samples will receive bonus voucher points. A reactive urine sample will place the participant at the initial voucher point value; however, a rapid reset procedure allows participants to return to their place in the escalating schedule following three consecutive nonreactive urine samples. Voucher points can be redeemed at any time during the study for goods or services that promote a pro-social and healthy lifestyle.",,"Inclusion Criteria: * self-identified transgender woman or MSM * ≥18 years old * verified HIV negative * identified as high risk for HIV based on the Los Angeles County criteria * SUD (injection and non-injection; excluding cannabis (CUD) only For those who have already initiated PrEP there is an additional eligibility criterion: * non-protective prophylaxis defined as missed ≥4 doses of PrEP/week during any week in the previous 30 days * no PrEP care visits in the past 3 months * willing to provide informed consent; and * willing to comply with study requirements. Should a participant be identified as having kidney or liver dysfunction sufficient to contraindicate PrEP use (creatinine clearance \<60 mL/min), that individual will be withdrawn from study participation but may re-screen for eligibility once adequate renal and/or liver function has been established and medically documented (≥60 mL/min). Exclusion Criteria: * does not identify as a trans woman or male who has sex with men * under 18 years of age * HIV positive status * not identified as high risk for HIV based on the Los Angeles County criteria * no verified SUD or only CUD * if already initiated PrEP: PrEP adherent and PrEP care visits in the past 3 months * unwilling to provide informed consent * unwilling to comply with study requirements;",,exclude,Does not explicitly meet both criteria (Trans population + GAHT),exclude,Unverified legacy keyword heuristic: Does not explicitly meet both criteria (Trans population + GAHT),legacy_keyword_heuristic_unverified,,
NCT06001307,"Supporting Trans Affirmation, Relationships, and Sex, Phase 3",INTERVENTIONAL,COMPLETED,"HIV; Violence, Gender-Based; Violence, Domestic; Risk Reduction Behavior","The purpose of this clinical trial is to evaluate and test a newly developed gender-affirming intervention that addresses the dual and interconnected risks of HIV and intimate partner victimization (IPV) among transgender women (TW). The main questions it aims to answer are: (1) will the study intervention reduce HIV risk within the context of IPV and related risk factors (e.g., substance use and PTSD); (2) will STARS improve primary prevention behaviors, such as condom use, pre-exposure prophylaxis (PrEP) use, and repeat HIV testing; and (3) what are the mechanisms of change relevant to the theoretical foundations of the intervention, including gender affirmation, empowerment, and self-efficacy. The findings from this study will provide the necessary groundwork to examine the efficacy of this combined HIV-IPV intervention in a future, large-scale clinical trial. There are several components to this research study: * First, participants will be asked to complete a series of screening interviews/questionnaires to determine eligibility, including completing a HIV test. * If eligible, participants will then take part in a 2-3 hour baseline assessment consisting of both interviewer administered questionnaires as well as self-administered surveys. * Participants will then be randomly assigned to one of two treatment conditions: (1) a newly developed gender affirming intervention, known as Program STARS (Supporting Trans Affirmation, relationships, and Sex) or (2) a time-matched, attention-controlled program that offers free training in relaxation and stress reduction techniques (a.k.a., the comparison group). Both interventions offer unique components and the researchers do not yet know the impact the programs may have on participants' overall well-being. * Participants randomized to Project STARS, will be invited to complete a semi-structured exit interview (lasting 60-90 min.) after the completion of the program. * This clinical trial has three follow-up assessments: (1) post-intervention (i.e., after the peer-counseling programs are complete); (2) at 4-months follow-up; and (3) at 6-months follow-up. The follow-up assessments are structured the same way as the baseline assessment and are estimated to take around 1-2 hours. The total study involvement for this clinical trial is estimated to take approximately 10 to 12 hours over the course of six months.","BEHAVIORAL: Program STARS (Supporting Trans Affirmation, relationships, and Sex) — See description to the left.; BEHAVIORAL: Relaxation and Stress Reduction — See description to the left.",,"Inclusion Criteria: * 18+ years old; * Assigned male at birth but identify as female, transgender, or transfeminine; * Endorse at least one IPV incident during the previous 12 months based on the trans-specific IPV Scale (T-IPV Scale; Peitzmeier et al, in press); * Report at least one instance of condomless anal sex in the last 6 months. Exclusion Criteria: * Have been diagnosed with HIV or test positive for HIV.",,exclude,Does not explicitly meet both criteria (Trans population + GAHT),exclude,Unverified legacy keyword heuristic: Does not explicitly meet both criteria (Trans population + GAHT),legacy_keyword_heuristic_unverified,,
NCT06005610,Estradiol Therapy In Transgender Women to Research Interactions With HIV Therapy,INTERVENTIONAL,TERMINATED,HIV I Infection,,"DRUG: Estradiol — Oral 17-β estradiol 2 mg once daily initiated immediately following entry. At weeks 4, 12, 24, and 36, study clinicians may have titrated 17-β estradiol in 2 mg increments to achieve the desired participant goals and target hormone concentrations, as measured locally at each visit.",,"Inclusion Criteria: 1. Documentation of HIV-1 status. 2. On ART for at least 24 weeks prior to study entry. Regimen changes within the 24 weeks prior to study entry are acceptable, but candidates must have been on a stable regimen for at least 28 days prior to study entry. 3. On BIC/FTC/TAF, DTG/TDF/FTC or 3TC, or DRV/c-containing ART for at least 28 days prior to study entry (single tablet regimen not required), and with no plans to change ART regimen over the study duration of 48 weeks. 4. Desire to initiate or restart FHT, regardless of orchiectomy status. 5. HIV-1 RNA \<200 copies/mL at screening. 6. HIV-1 RNA \<400 copies/mL available through routine clinical care between 24 and 96 weeks prior to study entry and while on ART. The HIV-1 RNA must be the most recent value obtained between 24 and 96 weeks prior to study entry. 7. The following laboratory values obtained within 60 days prior to study entry * Hemoglobin ≥9.0 g/dL * Platelet count ≥75,000/mm3 * Estimated Glomerular Filtration Rate (eGFR) ≥30 mL/min/1.73m2 if on or switching to TAF, ≥50 mL/min/1.73m2 if on or switching to TDF without cobicistat, or ≥70 mL/min/1.73m2 if on or switching to TDF in combination with cobicistat, calculated using standardized equation for eGFR * Aspartate aminotransferase (AST) (SGOT), alanine aminotransferase (ALT) (SGPT), and alkaline phosphatase are within normal range per local laboratory range * Prolactin \<25 ng/dL 8. Serum estradiol level \<75 pg/mL within 60 days prior to study entry. 9. Willingness to avoid the use of prescribed, non-study provided FHT and non-prescribed FHT during the study period, and no planned use of prescribed or non-prescribed anti-androgens for the first 24 weeks of the study. 10. Ability and willingness of participant to provide informed consent and ability and willingness of participant to undergo study procedures. Exclusion Criteria: 1. Known clotting disorders, active deep vein thrombosis (DVT), pulmonary embolism (PE), or history of these conditions, active arterial thromboembolic disease (e.g., stroke, myocardial infarction), or history of these conditions. 2. Known liver impairment or disease. 3. History of chronic hepatitis B virus (HBV) infection or active HBV infection. 4. History of current active hepatitis C virus (HCV) infection. 5. Prohibited medication use (including drugs with known or expected DDIs with FHT or ART) at time of study entry. 6. Receipt of any estrogen therapy within 14 days prior to study entry for persons on oral FHT, or within 30 days prior to entry for persons on injectable FHT. 7. Known HIV-1 resistance mutations that would preclude remaining on current ART or a switch to a study regimen, in the opinion of the site investigator. 8. Personal history of breast cancer. or known personal history of breast cancer (BRCA) gene. 9. Known or a history of testicular cancer. 10. Known or a history of gall bladder disease. 11. Known or suspected pituitary adenoma. 12. Known allergy/sensitivity or any hypersensitivity to components of study drugs or their formulation. 13. Suicidal ideation in the past 30 days or suicide attempt in the past 90 days, as reported on the Columbia-Suicide Severity Rating Scale (C-SSRS). 14. Serious illness requiring systemic treatment and/or hospitalization within 30 days prior to entry. Stable (in the opinion of the site investigator) treatments for chronic comorbidities are allowed. 15. Presence of any other medical condition that would preclude FHT administration for safety reasons, in the opinion of the site investigator.",,include,Transgender population and GAHT intervention/exposure identified,include,Unverified legacy keyword heuristic: Transgender population and GAHT intervention/exposure identified,legacy_keyword_heuristic_unverified,,
NCT06022562,Effects of Gender-affirming Hormone Therapy on Transgender People,OBSERVATIONAL,COMPLETED,Gender Dysphoria,,,transgender,Inclusion Criteria: * transgender Exclusion Criteria: \-,,include,Transgender population and GAHT intervention/exposure identified,include,Unverified legacy keyword heuristic: Transgender population and GAHT intervention/exposure identified,legacy_keyword_heuristic_unverified,,
NCT06070324,Effect of Suture Material on Postoperative Nipple Areolar Complex Widening,INTERVENTIONAL,UNKNOWN,Breast Cancer; Gynecomastia; Transgenderism; Breast Asymmetry,"This will be a single-blinded study where participants are blinded to the suture type but the surgeon will draw a random, unmarked envelope containing the designated suture type at the start of the surgery. The patient population will be all patients undergoing breast surgery at the London Health Sciences Center (LHSC) - ie. University Hospital, Victoria Hospital and the Nazem Kadri Surgical Center, and St. Joseph's Hospital. Three (3) main procedure groups will be transgender gender-affirming top surgery, cisgender female breast reduction or augmentation (including healthy and cancer patients; subgroup analysis will be performed), and cisgender male gynecomastia surgery. The goal is n=180 patients, n=60 per type of suture with n=20 per type of procedure (totaling n=60 per type of procedure). NAC width for each breast will be measured intraoperatively, at 2 weeks postop, 6 weeks postop, 3 months postop, and 6 months postop. These measurements will be deidentified and logged into a secure data entry form. Information on whether a secondary outcome occurred (ie. infection, dehiscence, revision and nipple necrosis) will be logged in this form as well. Because the sutures will be kept non-visible under dressings until the clinical followup appointment 2 weeks postop, the patient will remain blinded as to the type of suture used on their NAC(s). At this point, absorbable sutures will have been largely dissolved and non-absorbable sutures will be removed.","PROCEDURE: Breast surgery — Any surgery involving incisions made along the nipple areolar complex. These would include transgender mastectomy, cisgender female breast reduction/augmentation/reconstruction, and cisgender male gynecomastia correction.; DEVICE: Suturing of surgical incision — The closing of a surgical incision by using sutures so appose and maintain apposition of two skin edges. Suturing may or may not require knot-tying depending on the material of suture used.",,"Inclusion Criteria: * Any individual undergoing breast surgery of any kind using a periareolar approach including breast reconstruction, mastopexy, mammoplasty gender affirming surgery, mastectomy, or gynecomastia surgery * Patients undergoing breast surgery at the London Health Sciences Center (LHSC) or St Joseph's Hospital (SJH) * Participants over the age of 18 * Any BMI * Any gender * Patients who are willing to participate in the study and provide informed consent. Exclusion Criteria: * Patient does not or cannot consent for enrollment in this study (includes inability to understand the provided information due to illiteracy or unproficiency in English) * Patient is under the age of 18 * Patients with a known allergy to any type of suture material used in the study. * For cancer patients who received radiotherapy, the irradiated breast will not be included in the study (the non-irradiated breast remains eligible)",,exclude,Does not explicitly meet both criteria (Trans population + GAHT),exclude,Unverified legacy keyword heuristic: Does not explicitly meet both criteria (Trans population + GAHT),legacy_keyword_heuristic_unverified,,
NCT06074796,The Determinants of Fertility Preservation in TRANSgender Patients.,OBSERVATIONAL,UNKNOWN,Fertility Preservation; Transgender; Transgenderism,,"BEHAVIORAL: No intervention. — No intervention. This is a retrospective study. Data will have been collected in routine consultations as part of the transition process for transgender patients. Description of the collected informations : gender of destination, BMI, siblings, children, moral, previous hormone therapy, when the project was born, change of marital status desired or carried out, ALD status, psychiatric assessment, desire for future care for the transition course. Desire to preserve erectile function, parenthood desire, couple projections, type of couple, cryopreservation desired, done or not, desire of pregnancy, ultrasound count of antral follicles, initial hormone assays and tests : BMD, pelvic ultrasound? Data relating to stimulation and ovarian puncture and sperm collection.","Adult transgender patients who consulted the Assisted Reproductive Technology centre of the Nancy Regional University Hospital, between 1st January 2020 and 30th June 2023. The consultations occurred for the start of transition care, for follow-up or for a parenting project for transgender patients.","Inclusion Criteria: * Transgender patients who consulted the Assisted Reproductive Technology centre of the Nancy Regional University Hospital, between 1st January 2020 and 30th June 2023. The consultations occurred for the start of transition care, for follow-up or for a parenting project for transgender patients. Exclusion Criteria: * minors * patients under guardianship or under tutelage",,exclude,Does not explicitly meet both criteria (Trans population + GAHT),exclude,Unverified legacy keyword heuristic: Does not explicitly meet both criteria (Trans population + GAHT),legacy_keyword_heuristic_unverified,,
NCT06083766,Metabolic and Physiologic Responses to Hormone Therapy in Transgender and Gender Diverse People,OBSERVATIONAL,RECRUITING,"Effects of GAHT, on Skeletal Muscle in TGD",,BEHAVIORAL: hormone therapy — Determine how gender affirming hormone therapy affects muscle physiology,"Transgender and Gender Diverse People Residents within a 100-mile radius of Mayo Clinic, Rochester, MN.","Inclusion Criteria: * age 18-40yrs * BMI 18.5-38 kg/m2 * Fasting glucose \< 100 mg/dL * No gender affirming gonadal surgery We seek to enroll 6 patients in each group who have been on GAHT for more than 10 months with minimal interruptions in treatment. Exclusion Criteria: * Pregnancy * Use of hormonal forms of birth control within the previous 3 months * Use of glucocorticoids, estradiol, testosterone, progestin, antiandrogens, or antiestrogens besides those received as part of a supervised hormone therapy. * Gender-affirming gonadal surgery * Prior use of gonadotropin releasing hormone (GnRH) analogues during puberty * Coronary artery disease or heart failure. * A known medical condition that in the judgment of the investigator might interfere with the completion of the protocol such as the following examples: * Inpatient psychiatric treatment in the past 6 months * Presence of a known adrenal disorder * Abnormal liver function test results (Transaminase \>2 times the upper limit of normal); testing required for subjects taking medications known to affect liver function or with diseases known to affect liver function * Abnormal renal function test results (calculated GFR \<45 mL/min/1.73m2); testing required for subjects with diabetes duration of greater than 5 years post onset of puberty * Active gastroparesis * If on antihypertensive, thyroid, anti-depressant or lipid lowering medication, lack of stability on the medication for the past 2 months prior to enrollment in the study * Uncontrolled thyroid disease (TSH undetectable or \>10 mlU/L); testing required within three months prior to admission for subjects with a goiter, positive antibodies, or who are on thyroid hormone replacement, and within one year otherwise * Abuse of alcohol or recreational drugs * Infectious process not anticipated to resolve prior to study procedures (e.g. meningitis, pneumonia, osteomyelitis). * Uncontrolled arterial hypertension (Resting diastolic blood pressure \>90 mmHg and/or systolic blood pressure \>160 mmHg) at the time of screening. * A recent injury to body or limb, muscular disorder, use of any medication, any carcinogenic disease, or other significant medical disorder if that injury, medication, or disease in the judgment of the investigator will affect the completion of the protocol (exercise testing or muscle biopsy). * Medications that may impact study end points such as mitochondrial biology e.g. beta blockers * Anti-hyperglycemic drugs including metformin * Any other medication that the investigator believes is a contraindication to the subject's participation.",,include,Transgender population and GAHT intervention/exposure identified,include,Unverified legacy keyword heuristic: Transgender population and GAHT intervention/exposure identified,legacy_keyword_heuristic_unverified,,
NCT06094257,Prospective Study of Sensation and Satisfaction in Cancer and Transgender Mastectomy Patients,OBSERVATIONAL,RECRUITING,"Sensation Disorders; Sensation, Phantom; Pain, Postoperative; Pain, Chronic; Numbness; Sensory Disorder; Sensory Defect; Phantom Pain; Phantom Sensation","During breast surgery, sensory nerves are cut which may lead to reduced sensation and pain. Surgical reinnervation techniques have been developed with the aim of improving postoperative sensation by preserving the nerves and connecting them to the nipple and areola. The investigators aim to compare postoperative sensation and patient reported outcomes in patients undergoing reinnervation versus those not undergoing reinnervation to determine if there is a difference. The investigators will investigate this in patients undergoing gender-affirming mastectomy, implant-based breast reconstruction and autologous breast reconstruction. The investigators will use various tools that measure sensation quantitatively.","DIAGNOSTIC_TEST: Sensory testing — Quantitative sensory testing (QST) will be performed. QST was developed to standardize the noninvasive assessment of the somatosensory nervous system and quantify functioning of all aspects of sensation (light touch, pressure, warm, cold, pain, vibration): 1. Thermal detection (Medoc TSA system): Cold detection threshold B) Warm detection threshold C) Heat pain threshold 2. Mechanical detection threshold (MRC Opti Hair von Frey Filaments) 3. Two-point discrimination (MRC Opti Hair von Frey Filaments) 4. Mechanical pain threshold (MRC Pinprick Stimulator) 5. Pressure pain threshold (Medoc Pressure algometer) 6. Tinel sign on physical exam 7. Vibration (tuning fork)","Massachusetts General Hospital (MGH) and Weill Cornell Medicine (WCM) are ideally suited for enrollment of patients in this study. Both institutions are high-volume center of expertise for gender affirming mastectomy and breast reconstructions as well as peripheral nerve surgery. Patients will be matched by BMI, age and mastectomy weight. Patients scheduled to undergo gender affirming mastectomy or breast reduction surgery at MGH and WCM will be evaluated for the study and will be presented with the option to hear about the study by our research assistant. Those interested in the study will be presented with all the necessary details required by the IRB including a study fact sheet. Verbal consent will be obtained and documented.","Inclusion Criteria: * Age over 18 * Patient is scheduled for gender mastectomy surgery (including nipple sparing mastectomy and mastectomy with free nipple graft) or NSM with breast implant or autologous reconstruction * Patient is capable and willing to provide informed consent Exclusion Criteria: * Patient has a nerve condition that does not allow for assessment of sensation * Any subject who at the discretion of the Investigator is not suitable for inclusion in the study or is unlikely to comply with follow-up schedule * Currently prescribed medication known to impact nerve regeneration or to cause peripheral neuropathy * Bilateral reconstruction with non-uniform treatment (i.e. 1 reconstructed breast is non-neurotized, 1 reconstructed breast is neurotized)",,exclude,Does not explicitly meet both criteria (Trans population + GAHT),exclude,Unverified legacy keyword heuristic: Does not explicitly meet both criteria (Trans population + GAHT),legacy_keyword_heuristic_unverified,,
NCT06098781,Gynaecological Gender-affirming Surgeries,OBSERVATIONAL,UNKNOWN,Gender Dysphoria,"The goal of this prospective cohort study is to learn about the patient report outcomes after gynaecological gender-affirming surgeries (i.e. hysterectomy, tubectomy, colpectomy) among trans-masculine and non-binary individuals (assigned female at birth). The main question it aims to answer are: • What is the experienced effect of gynaecological gender-affirming surgeries Participants will be asked to fill out a questionaire pre-operatively and 3,9 and 18 months post-operatively.",,Trans-masculine or non-binary individuals (assigned female at birth) with wish to undergo gynaecological gender-affirming surgeries,"Inclusion Criteria: * assigned female at birth * scheduled to undergo gynaecological gender-affirming surgery (i.e. hysterectomy, ovariectomy, tubectomy and/or colpectomy) Exclusion Criteria: * age below 18 y/o * surgery combined with other surgeries (e.g. urethroplasty, metoidioplasty)",,exclude,Does not explicitly meet both criteria (Trans population + GAHT),exclude,Unverified legacy keyword heuristic: Does not explicitly meet both criteria (Trans population + GAHT),legacy_keyword_heuristic_unverified,,
NCT06116201,Influences of Long Term Hormone Therapy on Physical Fitness and Vascular Function in Transgender Women,INTERVENTIONAL,COMPLETED,Transgender Women,,OTHER: Estradiol — Estradiol; OTHER: Estradiol and Anti-Androgen — Estradiol and Anti-Androgen; OTHER: No intervention — No intervention,,"Inclusion Criteria: 1. Cisgender men group (Body mass index between 18.5-24.9 and NO NCDs). 2. Cisgender women group (Body mass index between 18.5-24.9, No pregnant, NO NCDs). 3. Transgender women with orchiectomy (Body mass index between 18.5-24.9, taking estradiol, testosterone level below 10 nmol/L, NO NCDs). 4. Transgender women without orchiectomy (Body mass index between 18.5-24.9, taking estradiol and anti-androgen, testosterone level below 10 nmol/L, NO NCDs). Exclusion Criteria: * Participants had an injury during testing.",,include,Transgender population and GAHT intervention/exposure identified,include,Unverified legacy keyword heuristic: Transgender population and GAHT intervention/exposure identified,legacy_keyword_heuristic_unverified,,
NCT06149065,Factors Associated With the Acne Severity Among Transmen Population: a Cross-sectional Study,OBSERVATIONAL,COMPLETED,Acne; Transgenderism,,DRUG: Testosterone — Masculinizing hormone therapy (testosterone) is used in female-to-male transgenders for medical reason.,All transmen who visited the Gender Variation (GenV) Clinic (outpatient clinic) of Ramathibodi Hospital,Inclusion Criteria: * Transmen who visited the Gender Variation (GenV) Clinic of Ramathibodi Hospital * Transmen who received masculinizing hormone therapy (testosterone) * Transmen who completed an online questionnaire and intentional submit their facial photographs Exclusion Criteria: * Refusal to participate * Incomplete questionnaire * Missing photos * Diagnosis of any disorders of sexual differentiation which may have peculiar hormonal effect,,include,Transgender population and GAHT intervention/exposure identified,include,Unverified legacy keyword heuristic: Transgender population and GAHT intervention/exposure identified,legacy_keyword_heuristic_unverified,,
NCT06221163,Sociological Study of the Life Courses of Young TRANSgender Patients,OBSERVATIONAL,UNKNOWN,Transgenderism,,OTHER: collection of biographical and sociological data — collection of biographical and sociological data. Conducting non-directive interviews (life stories) with transgender patients consulting the Reproductive Medicine Department and their volunteer relatives. Patients are given a 'flyer' at the time of their consultation on which the interviewer's contact details are given. They are free to contact the interviewer to find out when and where an interview might take place (outside hospital).,Young transgender people,Inclusion Criteria: * transgender Exclusion Criteria: * Refusal by the patient. * Refusal by the patient's legal guardian. * Person under guardianship,,exclude,Does not explicitly meet both criteria (Trans population + GAHT),exclude,Unverified legacy keyword heuristic: Does not explicitly meet both criteria (Trans population + GAHT),legacy_keyword_heuristic_unverified,,
NCT06230770,Impact of Progestin-only Contraception on Bleeding Patterns in Individuals Initiating GATT,OBSERVATIONAL,ACTIVE_NOT_RECRUITING,Gender; Contraception,,BEHAVIORAL: Bleeding data — Participants will report their daily bleeding patterns,"We will enroll 160 participants who are English-speaking, at least 18 years old, currently have a uterus and ovaries, desire to initiate GATT, and potentially desire to initiate a progestin (within 14 days of GATT initiation). To ensure generalizability of results, participants with baseline irregular bleeding will not be excluded. Participants who have recently initiated a progestin may be eligible for inclusion. Participants who have had gender-affirming surgery to remove their uterus and/or ovaries will not be eligible for inclusion. We will recruit participants from clinics in San Diego that prescribe GATT, including the UCSD OBGYN clinic, two UCSD Gender Health program affiliated clinics, and UCSD Student Health Services.",Inclusion Criteria: * English-speaking currently have a uterus and ovaries * desire to initiate GATT * potential desire to initiate a progestin (within 14 days of GATT initiation) Exclusion Criteria: * previous gender-affirming surgery to remove their uterus and/or ovaries,,exclude,Does not explicitly meet both criteria (Trans population + GAHT),exclude,Unverified legacy keyword heuristic: Does not explicitly meet both criteria (Trans population + GAHT),legacy_keyword_heuristic_unverified,,
NCT06234488,Multi-Institutional Transgender & Gender-Diverse Breast Cancer Study,OBSERVATIONAL,ACTIVE_NOT_RECRUITING,Breast Cancer; Breast Neoplasms; Breast Adenocarcinoma; Breast Cancer Stage; Breast Cancer Stage IV; Breast Cancer Invasive; Breast Cancer in Situ,,,"Eligible patients are those who had a breast cancer diagnosis (including those with ductal carcinoma in situ (DCIS), who were age ≥18 years at the time of diagnosis and identify as a gender and/or sex that is different from the sex they were assigned at birth (e.g., transgender, nonbinary, genderqueer, etc.) between 1/1/1990 - 7/1/2023.",Inclusion Criteria: 1. Age 18 years of age or older 2. Breast cancer diagnosis (including DCIS) 3. Persons who identify as gender and/or sex that is different from the sex they were assigned at birth Exclusion Criteria: 1. Age \<18 at time of breast cancer diagnosis 2. Cis-gendered persons,,exclude,Does not explicitly meet both criteria (Trans population + GAHT),exclude,Unverified legacy keyword heuristic: Does not explicitly meet both criteria (Trans population + GAHT),legacy_keyword_heuristic_unverified,,
NCT06239766,BC Risk Assessment Before Top Surgery,OBSERVATIONAL,COMPLETED,Breast Cancer; Risk Reduction,,DIAGNOSTIC_TEST: Breast Cancer Risk Assessment — Gail and IBIS Tools will be utilized to calculate mean lifetime breast cancer risk,TGD persons considering chest masculinization surgery.,"Inclusion Criteria: 1. ≥18 years old. 2. Assigned female or intersex at birth and identify as non-cisgender. 3. Any individual considering undergoing gender-affirming chest masculinization surgery 4. Ability to communicate in English. 5. Ability to understand a written informed consent document, and the willingness to sign it. Exclusion Criteria: 1. \<18 years old. 2. Assigned male sex at birth. 3. Previously underwent chest masculinization surgery or any form of oncological mastectomy for the purposes of risk-reduction or cancer treatment. 4. Any previous or current history of breast cancer, including ductal carcina in situ (DCIS). 5. Inability to communicate in English.",,exclude,Oncology indication not related to transgender health,exclude,Unverified legacy keyword heuristic: Oncology indication not related to transgender health,legacy_keyword_heuristic_unverified,,
NCT06245681,"Effects of Cross-sex Hormone Treatment on Cardiac Function, Myocardial and Hepatic Fat Content",OBSERVATIONAL,RECRUITING,Gender Dysphoria,,"DRUG: gender affirming hormone therapy — both groups are receiving gender-affirming hormone therapy; we do not compare the groups, but look at whether hormone therapy with testosterone or estrogen might have an effect on myocardial function, organ lipid content and subcutaneous to visceral fat ratio",healthy transgender persons undergoing gender-affirming hormone therapy (either testosterone or estrogen-based hormone therapy,"Inclusion Criteria: * DSM-IV diagnosis of Gender Identity Disorder * age over 18 years Exclusion Criteria: * age under 18 years severe neurological or internal diseases * steroid hormone treatment within 2 months prior to inclusion (including birth control pill, phytohormones) * treatment with psychotropic agents such as SSRIs * any implant or stainless-steel graft * abnormal values in routine laboratory screening or general physical examination * current substance abuse (determined using drug screening at the screening visit) * pregnancy (determined at screening visit and first MRI scan) * failure to comply with the study protocol or to follow the instructions of the investigating",,include,Transgender population and GAHT intervention/exposure identified,include,Unverified legacy keyword heuristic: Transgender population and GAHT intervention/exposure identified,legacy_keyword_heuristic_unverified,,
NCT06247267,The Effect of Sex Steroid Replacement Therapy in the Hypogonadism and Transgender Active-Duty Population,OBSERVATIONAL,RECRUITING,Hypogonadism; Gender Identity Dysphoria,,"DRUG: Fortesta — Primary/secondary untreated hypogonadism patients receive Fortesta injection, gel and transdermal treatment for 12 months with titration for a serum total T level between 300-600ng/dL.; DRUG: Estradiol — Male-to-female (MTF) receive Estradiol orally and transdermal and/or spironolactone-orally) treatment for 12 months for hormonal transition period.; DRUG: Fortesta — Female-to-male (FTM) receive Fortesta injection, gel and transdermal treatment for 12 months for hormonal transition period.",The study findings will be generalized to patients ages of 18 to 65 who are planning to be placed on sex steroid hormone either for hypogonadism or transgender treatment as per clinical guidelines.,"Inclusion Criteria: * Male and female DoD health care beneficiaries * Ages 18-65 * Diagnosed with primary hypogonadism or transgender treatment for at least 6 months * Under care for gender identity dysphoria * On stable dose of sex steroid hormonal therapy for at least 6 months prior to enrolling * Must be living in the Washington, D.C. area for at least 12 months following enrollment Exclusion Criteria: * Pregnancy, plan for pregnancy in the next 12 months * Cardiac disease, especially coronary artery disease * Malabsorption disorder * Gastrointestinal surgeries * Significant renal or liver dysfunction * Seizure disorders * recent orders to move out of the geographic area * Age less than 18 years old or older than 65 years old * Scheduled for deployment",,include,Transgender population and GAHT intervention/exposure identified,include,"Record-level AI review: transgender patients are an explicit study population, and estradiol/spironolactone or testosterone is explicitly studied during hormonal transition.",record_level_ai_review_2026-08-16,,
NCT06291675,"Gender-Affirming Hormone Therapy and Its Impact on Myocardial Mass and Cardiac Function, Heart, Liver and Pancreatic Fat Content",OBSERVATIONAL,RECRUITING,Gender Dysphoria; Hormone Therapy Induced Morphologic Change,,"DRUG: gender-affirming hormone therapy — We are not technically involved in the prescription of gender-affirming hormone therapy. We merely aim at observing effects of GAHT on MRI measured organ lipid content, myocardial mass and function.","Our study aims to enroll transgender probands who took part in our pilot study. 30 transgender women and 30 transgender men will be recruited from the pool of participants in the previous pilot study (EK 1629/2017). The study will include transgender participants between 18 and 99 years of age, who have been taking gender affirming hormone therapy for the past 2 years. The study will not include a placebo group or a control group, and it will not interfere with the gender affirming hormone therapy in any way regarding composition and time course of the treatment.","Inclusion Criteria: * participation in our pilot study * ongoing gender affirming hormone therapy during the last 2 years * willingness and competence to sign the informed consent form. Exclusion Criteria: * age \< 18 years * non-MRI conditional implants, grafts, and/or devices * non-MRI conditional tattoos * claustrophobia * current substance abuse * pregnancy * failure to comply with the study protocol and/or not following the instructions of the study team.",,include,Transgender population and GAHT intervention/exposure identified,include,Unverified legacy keyword heuristic: Transgender population and GAHT intervention/exposure identified,legacy_keyword_heuristic_unverified,,
NCT06298032,"A Study Investigating the Safety, Tolerability, Immunogenicity and Pharmacokinetics of Olamkicept in Healthy Persons",INTERVENTIONAL,COMPLETED,Inflammatory Gastrointestinal Diseases,,DRUG: Olamkicept Part A — Intravenous infusion. Single dose. Part A consists of 3 different doses * 1200 mg * 1800 mg * 2400 mg; DRUG: Olamkicept Part B — Intravenous infusion. Multiple doses. Part B consists of 3 different doses. * 1200 mg * 1800 mg * 2400 mg; DRUG: Placebo — Intravenous infusion,,"Inclusion Criteria: * Men ≥18 and ≤45 years of age at screening * In good health, determined by no clinically significant findings from medical history, physical examination, 12-lead electrocardiogram (ECG), vital signs measurements, and clinical laboratory evaluations, as assessed by the investigator (or designee) at screening and on Day -1 Exclusion Criteria: * History of clinically significant medical conditions including, but not limited to, diseases of the renal, hepatic, respiratory, gastrointestinal, cardiovascular, neurological, musculoskeletal, psychiatric, immunological, haematological, oncological, endocrine, and metabolic systems and allergic diseases (including drug allergies, but excluding untreated, asymptomatic, seasonal allergies at the time of dosing).",,exclude,Does not explicitly meet both criteria (Trans population + GAHT),exclude,Unverified legacy keyword heuristic: Does not explicitly meet both criteria (Trans population + GAHT),legacy_keyword_heuristic_unverified,,
NCT06316102,Promoting Viral Suppression Among Transgender Women Living With HIV in Santo Domingo,INTERVENTIONAL,COMPLETED,HIV,"This study includes an adapted multilevel intervention, Abriendo Puertas (Opening Doors), including individual counseling, peer navigation, and community mobilization for transfeminine people living with HIV in the Dominican Republic using an iterative consultation process. Prior to this randomized controlled trial, feasibility and initial effects on HIV care and treatment behaviors were assessed with 30 trans women living with HIV (no control group) and documented positive trends in antiretroviral therapy use (70% to 85%, p=0.03), missed care appointments (35% to 20%, p=0.39) and antiretroviral therapy adherence (86% to 96%, p=0.50). Participants emphasized that trusting intervention staff and being treated with respect in individual sessions allowed them to improve self-esteem. Limited trust and cohesion among trans women, however, inhibited more extensive engagement with peer navigation and community activities. In response, the study team identified two key modifications to strengthen and further tailor the intervention for transfeminine people living with HIV: 1) integrate more gender affirming content, including with providers and 2) focus on building trust among transfeminine people through sequential implementation of individual and then community components. The purpose of the proposed study is to conduct a pilot randomized trial of the Gender-affirming Abriendo Puertas intervention. In Aim 1, the preliminary efficacy of the Gender-affirming Abriendo Puertas intervention on viral suppression among transfeminine people randomized to the intervention compared to those randomized to control will be assessed. The research study will randomly assign transfeminine people living with HIV to the Gender-affirming Abriendo Puertas intervention (n=60) (individual counseling, peer navigation, provider training, and community support building) or control group (n=60). There will be baseline, 6, and 12-month surveys and viral load assessments to assess differences across study arms. In Aim 2, the study team will examine pathways of influence (e.g. decreased stigma, increased cohesion) and experiences with the intervention to identify specific areas for improvement and scale up. Longitudinal qualitative interviews will be conducted at baseline, 6, and 12 months with 20 intervention participants. Together with surveys, the study team will assess how Gender-affirming Abriendo Puertas participation affects pathways between stigma, cohesion, and HIV outcomes. The study team will also elicit experiences and recommendations from providers and intervention staff in focus groups at 6 (n=2) and 12 months (n=2).",BEHAVIORAL: Gender Affirming Abriendo Puertas (Opening Doors) (GAP) — Multilevel intervention with 4 components,,Inclusion Criteria: * being at least 18 years of age; * assigned male at birth but self-identify as transfeminine (using locally appropriate terminology); * confirmed HIV positive diagnosis using a single rapid test Exclusion Criteria: * There is a small group of individuals (approximately 20) who participated in a previous adaptation study to develop the intervention that will be tested in the proposed study. These individuals will not be eligible since they have already been exposed to an earlier version of the intervention.,,exclude,Does not explicitly meet both criteria (Trans population + GAHT),exclude,Unverified legacy keyword heuristic: Does not explicitly meet both criteria (Trans population + GAHT),legacy_keyword_heuristic_unverified,,
NCT06332742,Real-world Evaluation of Qingxin Zishen Decoction on Ovarian Reserve Function Clinical Efficacy in Patients With Decreased,OBSERVATIONAL,RECRUITING,Decreased Ovarian Reserve,,,"1. Those who meet the diagnostic criteria for hypoovarian reserve disease and the TCM syndrome differentiation criteria for heart and kidney disharmony. 2. Aged between 25 and 45 years old, female. 3. Informed consent and voluntary participation. 4. The process of obtaining informed consent should comply with GCP regulations.","1.AMH AMH \<1.1ng/ml 2.AFC: AFC \<5\~7 ovaries on both sides 3.Basic FSH: Basal FSH for two consecutive menstrual cycles ≥10 IU/L 4.Aged between 25 and 45 years old, female. 1. Those with reduced ovarian function caused by ovarian or uterine surgery, radiotherapy and chemotherapy; 2. Liver function (AST or ALT) and renal function (BUN or Ccr) are greater than 2 times the normal value; 3. Patients with a history of mental illness or legal disability 4. Those who have used endocrine-affecting drugs within 3 months before the study, estrogen, progesterone or related compound preparations, oral contraceptive pills, Chinese medicines or Chinese patent medicines related to the treatment of premature ovarian failure. Our hospital's preparations include Wu Turtle Rejuvenation Oral Liquid and Kuntai Capsules. 5. Patients with unexplained irregular vaginal bleeding 6. Patients who are participating in clinical trials of other drugs 7. For women who want to have children, those whose spouse's semen test fails to meet the standard will be excluded.",,exclude,Does not explicitly meet both criteria (Trans population + GAHT),exclude,Unverified legacy keyword heuristic: Does not explicitly meet both criteria (Trans population + GAHT),legacy_keyword_heuristic_unverified,,
NCT06351501,Evaluation of the Effectiveness of Hormonal Treatment in Adolescents Suffering From Gender Dysphoria,INTERVENTIONAL,RECRUITING,Gender Dysphoria,,"DRUG: hormonal treatment with cross sex hormones (testosterone or oestrogenes) started at 14 years old +/- 6 months — 4 years of follow up (FU) with evaluation at T0 (13.5 years old +/- 6 months), T1 (15.5 years old +/-6 months) and T2 (17.5 years old+/- 6 months) with eather ANDROGEL® 16.2 mg/g, gel (testostérone) or ESTREVA® 0.1 %, gel ou 1.3 PROVAMES® 1 mg, cp (oestrogenes); DRUG: Cross sex hormones ( œstrogenes or testosterone) started at 15.5 years old +/- 6 months — 2 years of hormonal treatment from 15.5 old +/- 6 months to 17.5 years old +/- 6 months",,"Inclusion Criteria: * Adolescents aged 13.5 years +/- 6 months, * Having initiated puberty: tanner score ≥2 for transgender boys; tanner score ≥2 for ; (clinic and/or testosterone \>0.3 ng/mL) for transgender girls * Presenting the criteria for gender dysphoria according to the DSM5 assessed by at least two child psychiatric interviews at least six months apart where the diagnosis of gender dysphoria was clinically established and that of associated autism spectrum disorder refuted and/or associated cognitive impairment, confirmed by specific scales (Gender Identity / Gender Dysphoria Questionnaire for Adults and Adolescents (GIDYQ-AA) and Utrecht Gender Dysphoria Scale (UGDS)) * Whose indication for hormonal transition has been validated in a multidisciplinary consultation meeting after at least one consultation with the pediatric endocrinologist with clinical examination, blood pressure measurement, and information on hormonal treatments in the context of gender dysphoria. Exclusion Criteria: * Contraindication to hormonal treatment (see paragraph 1.5) * Hormonal treatment needs to be adjusted (transgender boys patients treated with anti-coagulants or with thrombophilia). * Patients with risk of aggravation of certain diseases under oestrogen treatment (transgender girls patients with uncontrolled diabetes with HBA1C \> 8%, patients with cholelithiasis, biliary lithiasis, systemic lupus erythematosus, severe asthma, severe arterial hypertension, severe migraines, otosclerosis, epilepsy not controlled by treatment). * Patients with cancer with a risk of hypercalcemia (and associated hypercalciuria), linked to bone metastases. * Severe cardiac, hepatic or renal failure or ischemic heart disease, due to the risk of severe complications characterized by edema, with or without congestive heart failure. * Uncontrolled high blood pressure. * Patients with epilepsy and migraine. * Patients with current or history of thromboembolic events. * Severe untreated chronic depression clinically assessed and documented using the Beck Depression Inventory (BDI). * Diagnosed schizophrenia that is unstable or progressive * Diagnosed bipolar disorder that is unstable or progressive * Suicidal ideation identified through the MINI with a Columbia C-SSRS score \> 4, until the clinical condition has stabilized * Current anticoagulant treatment * Severe autism Spectrum Disorder (clinical screening, confirmed in cases of doubt by the Social Responsiveness Scale (SRS) Raw-score \> 76, carried out as part of usual care in cases of clinical evidence, * Cognitive deficit (clinical screening, confirmed by an QI \< 80 on the Weschler scale (WISC V), carried out as part of the usual treatment in the event of clinical evidence. * Refusal to participate in the study on the part of the adolescent or one of the holders of parental authority (both holders and the adolescent must sign a written consent after receiving appropriate information). * No social security cover * Participation in other intervention research * Pregnancy in progress * Insufficient knowledge of French",,include,Transgender population and GAHT intervention/exposure identified,include,Unverified legacy keyword heuristic: Transgender population and GAHT intervention/exposure identified,legacy_keyword_heuristic_unverified,,
NCT06357130,Gynaecological Care for Transgender People in France in 2024.,OBSERVATIONAL,COMPLETED,Transgender Management Care,,OTHER: Questionnaire — A flyer with QR code leading to the online questionnaire will be sent to trans associations and healthcare networks for distribution to the target population.,Transgender people (male and female) will be approached via Trans associations (face-to-face and online) and the care networks in place at national level. An online link for completing the questionnaire will be sent to trans associations and healthcare networks for distribution to the target population via a paper or digital flyer.,Inclusion Criteria: * French-speaking transgender person (transgender women or transgender men) * age ≥18 years Exclusion Criteria: * age \<18 years,,exclude,Does not explicitly meet both criteria (Trans population + GAHT),exclude,Unverified legacy keyword heuristic: Does not explicitly meet both criteria (Trans population + GAHT),legacy_keyword_heuristic_unverified,,
NCT06390332,Centering Gender Affirming Resources in Higher Education,INTERVENTIONAL,RECRUITING,Sexual Violence; Drinking Heavy,"Centering gender Affirming Resources in higher Education (CARE) project is nested within the parent study ""Reducing Alcohol Involved Sexual violence in higher Education"" (RAISE; R01 AA023260; NCT05185440). CARE is a pilot cluster-randomized trial that centers trans and gender diverse (TGD) students who are at elevated risk for SV and hazardous drinking. CARE tests a novel college health and counseling center (CHC) training program designed to improve provider knowledge about TGD individuals, increase their self-efficacy and use of trans-inclusive practices. This includes an evaluation of the feasibility, acceptability, appropriateness, and usability of CARE's training intervention for college health and counseling center providers. This research will produce the first rigorously evaluated TGD-focused CHC provider training which has the potential to increase the accessibility of CHC's for TGD university students- ultimately lowering rates of alcohol use and SV among this disproportionately impacted population.",BEHAVIORAL: Giving Information for Trauma Support and Safety (GIFTSS) Training — Training for college health center staff and clinicians on GIFTSS intervention which is a universal education and brief counseling to address sexual violence prevention and intervention.; BEHAVIORAL: Centering gender Affirming Resources in higher Education (CARE) Learning Modules — Training for college health center clinicians and staff on trans and gender diverse (TGD) affirming clinical practices in addition to sexual violence and alcohol abuse prevention that is inclusive of TGD service users,,"Inclusion Criteria: * Those who are seeing undergraduate students at health and counseling appointments as a provider. * Providers may include counselors, clinicians, nurses, health educators, medical assistants, social workers, advocates, and administrators. Exclusion Criteria: * A college health or counseling center provider that does not interface with students. * A college health or counseling center provider not participating in the RAISE study.",,exclude,Does not explicitly meet both criteria (Trans population + GAHT),exclude,Unverified legacy keyword heuristic: Does not explicitly meet both criteria (Trans population + GAHT),legacy_keyword_heuristic_unverified,,
NCT06391034,"Magnetic Resonance (MR) Imaging With Hyperpolarized 13C-Pyruvate +/- 13C,15N-Urea in Patients With Prostate Cancer",INTERVENTIONAL,RECRUITING,Prostate Cancer,,DRUG: hyperpolarized pyruvate +/-urea (13C/15N) — Given IV; RADIATION: Non-investigational External beam radiotherapy (EBRT) — External beam radiotherapy given outside of this study; PROCEDURE: Radiotherapy (RT) — Radiation therapy given outside of this study; PROCEDURE: Multi-parametric magnetic resonance imaging (mpMRI) — Imaging scan; BIOLOGICAL: Non-interventional hormone therapy — Therapy given outside of this study as part of standard of care; PROCEDURE: Prostate Biopsy — Biopsies may be taken from Trans-rectal ultrasound (TRUS) -visible lesion at the urologist's discretion,,"Inclusion Criteria: 1. Participants must have biopsy-proven adenocarcinoma of the prostate, as determined by medical chart review. 2. For: 1. Part 1: Participants post-radiation therapy or currently considering EBRT. 2. Part 2A: Participants currently scheduled for or considering EBRT (no neo-adjuvant therapy planned). 3. Part 2B: Participants currently scheduled for or considering EBRT and neo-adjuvant therapy is planned. The participant has biopsy-proven adenocarcinoma of the prostate with high-risk disease, defined by the presence of at least two of following criteria: a tumor stage of T3 or T4, a Gleason score of 8 to 10, or a PSA level ≥40 ng/mL) and the participant must be planning to receive androgen deprivation therapy (ADT) with an Luteinizing hormone-releasing hormone (LHRH) agonist or antagonist. The addition of an androgen-receptor (AR) signaling inhibitor (e.g., abiraterone, bicalutamide,apalutamide, enzalutamide or darolutamide) will be allowed. 4. Part 3: Participants who have previously received radiation treatment to the prostate and are exhibiting signs of biochemical failure, with planned fusion biopsy within 12 weeks following completion of baseline HP 13C pyruvate +/-urea mpMRI. 3. Participant is able and willing to comply with study procedures and provide signed and dated informed consent. 4. Eastern Cooperative Oncology Group (ECOG) performance status \<= 1. 5. Age \>= 18 years old at time of study entry. 6. Ability to understand and the willingness to sign a written informed consent document. 7. Demonstrates adequate organ function as defined below: 1. White Blood Cell count (WBC) \>=4000 cells/μL. 2. Hemoglobin ≥9.0 gm/dL. 3. Platelets ≥75,000 cells/μL. 4. Renal Function \> 30 Epithelial Growth Factor Receptor (eGFR). Exclusion Criteria: 1. Evidence of pelvic regional or distant metastatic disease on conventional imaging (MRI, computed tomography or whole body bone scan) or prostate-specific membrane antigen (PSMA) Positron Emission Tomography (PET) imaging. PSMA-avid lymph nodes confined to the pelvis will be allowed if \<1 centimeter (cm). 2. Prostate biopsy performed within 14 days prior to baseline C-13 HP pyruvate MRI. 3. Poorly controlled hypertension, with blood pressure at study entry \> 160 mm Hg systolic or \> 100 mm Hg diastolic. Treatment with anti-hypertensives and re-screening is permitted. 4. Contraindication to or inability to tolerate MRI with endorectal coil (e.g. severe claustrophobia, presence of cardiac pacemaker, aneurysm clip, severe or painful hemorrhoids, rectal stricture). 5. Congestive heart failure with New York Heart Association (NYHA) status \>= 2. 6. History of clinically significant ECG abnormality, including QT prolongation, a family history of prolonged QT interval syndrome or myocardial infarction within 6 months of study entry.",,exclude,Oncology indication not related to transgender health,exclude,Unverified legacy keyword heuristic: Oncology indication not related to transgender health,legacy_keyword_heuristic_unverified,,
NCT06400199,Fertility Preservation for Transfeminine Adolescents Via Semen Cryopreservation or Testicular Sperm Extraction,OBSERVATIONAL,UNKNOWN,"Gender Dysphoria, Adolescent",,,assigned male at birth adolescents with gender dysphoria who wish fertilty preservation before the start of puberty suppression.,Inclusion Criteria: * Before start of puberty suppresion with a wish for fertility preservation * After discontinuing puberty suppersion before the start of hormone therapy Exclusion Criteria: * Tanner stage \> 4/5,,include,Transgender population and GAHT intervention/exposure identified,include,Unverified legacy keyword heuristic: Transgender population and GAHT intervention/exposure identified,legacy_keyword_heuristic_unverified,,
NCT06403059,Cervical Length and Uterocervical Angle as Predictors of Spontaneous Preterm Birth,OBSERVATIONAL,COMPLETED,Preterm Pregnancy,,DIAGNOSTIC_TEST: Cervical Length — trans vaginal ultrasound; DIAGNOSTIC_TEST: Uterocervical Angle — by trans vaginal ultrasound,28 to 32 weeks,"Inclusion Criteria: * pregnant 28 to 32 weeks Exclusion Criteria: * additional signs of preterm labour in the mother * foetus, polyhydramnios, * multiple pregnancies, * a previous cervix operation,",,exclude,Does not explicitly meet both criteria (Trans population + GAHT),exclude,Unverified legacy keyword heuristic: Does not explicitly meet both criteria (Trans population + GAHT),legacy_keyword_heuristic_unverified,,
NCT06405243,"Myoinositol, L-arginine and Chromium With Letrozole for Ovulation Induction in Polycystic Ovarian Syndrome Patients",INTERVENTIONAL,UNKNOWN,Polycystic Ovary Syndrome,,"DRUG: Myoinositol — Myoinositol decreases insulin resistance and consequently increased intracellular glucose uptake, restore the metabolic profile and induce ovulation in PCOS patients with infertility, in addition to its good safety profile; DRUG: Chromium — chromium picolinate may potentiates the therapeutic effect of letrozol on pituitary hormones (FSH and LH), improvement of ovulation, normalization of Estrogen level, improvement of endometrial thickness related to ovulation; DRUG: l-arginine — new antioxidant that minimizes the inflammatory reaction, the hormonal imbalance, and the metabolic disturbances in PCO; DRUG: Letrozole 2.5mg — selective aromatase inhibitor",,"Inclusion Criteria: * Primary or secondary infertility associated with PCOS as defined by the revised Rotterdam criteria * Normal values of the following laboratory tests: thyroid function, prolactin level, and husband's sperm analysis and hysterosalpingography Exclusion Criteria: 1. Patients with a history of systemic diseases such as liver, kidney, cardiovascular, diabetes (type I or II) or malignancy. 2. Patients who consumed myoinositol, metformin, SGLT2 or drugs effecting insulin secretion or clomiphene citrate in the previous 2 months. 3\. Use of hormonal medications, lipid-lowering agents (statins, etc.), anti-obesity drugs or medications for weight loss in the previous 2 months. 4\. Patients with hormonal disorders such as hyperprolactinemia, hypo or hyperthyroidism or Cushing syndrome. 5. Presence of hypersensitivity to any of the study medications.",,exclude,Cisgender/unrelated indication,exclude,Unverified legacy keyword heuristic: Cisgender/unrelated indication,legacy_keyword_heuristic_unverified,,
NCT06418347,Effect of ALA Combined With Letrozole on Polycystic Ovary Syndrome Clinical Outcome in Infertile Females,INTERVENTIONAL,UNKNOWN,"Polycystic Ovary Syndrome; Infertility, Female",,"DRUG: Alpha lipoic acid — Alpha-lipoic acid (ALA), also known as 1,2-dithiolane-3-pentanoic acid or thioctic acid, is found in the mitochondria. It acts as an enzymatic cofactor for various enzymes in the Kreb's cycle. ALA has many beneficial properties making it a potential candidate for various clinical disorders. It is considered the universal or ""ideal"" antioxidant as it is both water-soluble and fat-soluble facilitating its passage across membran. ALA has direct as well as indirect anti-inflammatory effects. Being a potent antioxidant leads to a reduction in oxidative stress which in turn reduces inflammation, meaning ALA indirectly has anti-inflammatory effects. To add to ALA's benefits, it has anti-inflammatory properties that are independent of its antioxidant effects.; DRUG: Letrozole — Letrozole is an aromatase inhibitor that controls the conversion of androgen to estrogen and increases ovarian androgens. The administration of letrozole in the follicular phase removes the effect of negative estrogen feedback on the pituitary and hypothalamus, thus increasing the gonadotropins\]. When Letrozole blocks estrogen production, it encourages the body to produce more follicle-stimulating hormone (FSH).The additional FSH stimulates egg development and increases the likelihood of ovulation. Kar, S. Found that letrozole has excellent pregnancy rates compared to clomiphene citrate, Letrozole should be considered at par with clomiphene citrate as first-line drug for ovulation induction in infertile PCOS women.",,"Inclusion Criteria: * Female patient aged 18-35 * Willing to conceive * PCOS, diagnosed according to the revised 2003 Rotterdam consensus criteria. "" Oligo- or anovulation secondary to PCOS and at least one of the remaining two criteria: hyperandrogenism or polycystic ovarian morphology on ultrasound . * Anovulation and/or infertility ≥ 1 year. * At least one patent fallopian tube * Normal uterine cavity * Male partner with sperm concentration of at least 14 million/mL in at least one ejaculate. Exclusion Criteria: * Other causes for the infertility (male factor, tubal factor). * Intake of hormonal or other drugs that can potentially influence the ovulation. * Causes of anovulation or hyperandrogenism other than PCOS such as uncontrolled thyroid dysfunction or hyperprolactinemia. * Contraindication to pregnancy * Myo-inositol use \&lt; 3 months prior to study enrollment * Concomitant metformin use. Previous use is allowed with last use at least 6 weeks prior to randomization.",,exclude,Cisgender/unrelated indication,exclude,Unverified legacy keyword heuristic: Cisgender/unrelated indication,legacy_keyword_heuristic_unverified,,
NCT06428669,Effect of Nitropaste in Chest Masculinizing Surgery,INTERVENTIONAL,UNKNOWN,Gender Dysphoria,"Nitropaste is a topical agent that contains 2% nitroglycerin. It is an effective vascular smooth dilator, with more powerful effect on venous vasculature than arterial vasculature. While its main indication is for angina pectoris, there have been many studies showing improved survival of axial and random pattern flaps. Furthermore, recent clinical studies highlight significantly decreased mastectomy flap wound complication and need for sharp debridement. Nitropaste has low rates of side effects and is very well tolerated in general. To this date, there's no study that investigates its utility on patients who are undergoing chest masculinizing surgery. The purpose of this study is to investigate the potential utility of nitropaste in reducing rates of wound complications in patients undergoing chest masculinizing surgery.",DRUG: Nitro-Bid 2 % Topical Ointment — Intervention group will get 30mg of Nitro-Bid topical ointment applied over the chest (15mg/ 1 packet on each side) one time intra-operatively,,"Inclusion Criteria: * Any adult (18 or older) patients of any gender identity who are undergoing chest masculinizing surgery with double incision and free nipple grafting. Exclusion Criteria: * Minor patients (younger than 18) * Anyone who's not getting free nipple grafting * Anyone who's not utilizing double incision pattern * Prisoners, anyone who is allergic to nitropaste * Anyone who is taking phosphodiesterase inhibitor (ex)Sildenafil, tadalafil, vardenafil) * Anyone who's taking soluble guanylate cyclase stimulator riociguatdz",,include,Transgender population and GAHT intervention/exposure identified,include,Unverified legacy keyword heuristic: Transgender population and GAHT intervention/exposure identified,legacy_keyword_heuristic_unverified,,
NCT06436560,Support for Transgender and Non-Binary Individuals Seeking Vaginoplasty Study,INTERVENTIONAL,ENROLLING_BY_INVITATION,Gender Affirmation Surgery; Perioperative Care; Transgender Health,,OTHER: STRIVE Peer Support Intervention — A virtual group-based peer support intervention led by trans peers who have had genital gender-affirming surgery.,,"Inclusion Criteria: * Self-identified trans or non-binary individual * Seeking vaginoplasty * Completed consultation with gender-affirming surgeon for vaginoplasty * Documented recommendation by surgeon for vaginoplasty * Can complete survey responses online, by phone or on paper. * Willing and able to participate in virtual peer support intervention * Aged 18 or older * English speaking * Able to provide independent written consent Exclusion Criteria: * Do not speak English * Cannot complete survey responses online, by phone, or on paper * Are unwilling to participate in a virtual peer support intervention * Have co-morbidities or other conditions that exclude them from candidacy for vaginoplasty * Are currently involved in delivery of the STRIVE Intervention * Are unable or unwilling to participate.",,exclude,Does not explicitly meet both criteria (Trans population + GAHT),exclude,Unverified legacy keyword heuristic: Does not explicitly meet both criteria (Trans population + GAHT),legacy_keyword_heuristic_unverified,,
NCT06439290,"Voice Outcome of Glottoplasty, Cricothyroid Approximation, Thyroplasty, and Chondrolaryngoplasty",INTERVENTIONAL,RECRUITING,Surgery; Larynx; Transgenderism; Gender Dysphoria,,"PROCEDURE: Phonosurgery — Gender-affirming voice surgery (such as glottoplasty, cricothyroid approximation, thyroplasty and chondrolaryngoplasty), in addition to gender-affirming voice training and hormone therapy, plays an important role in achieving a gender-congruent voice in transgender and gender diverse people. In addition, these interventions are sometimes performed on cisgender men or women who wish to change their voice. However, the impact of these interventions on broad voice characteristics needs to be further investigated.; PROCEDURE: Mastectomy/breast augmentation — Control group of PFAB and PMAB persons undergoing a mastectomy or breast augmentation surgery.",,"PURPOSE 1: Inclusion criteria for surgery participants: * Persons who will soon undergo surgery on the vocal folds and/or larynx (including glottoplasty, cricothyroid approximation, thyroplasty and/or thyroid chondroplasty) at UZ Gent * At least 18 years old * Sufficient command of the Dutch language for understanding the informed consent letter and completing Dutch questionnaires Inclusion criteria for volunteers to provide speech samples: \- Cisgender men or women Inclusion criteria for volunteer listeners for the listening experiment: * Dutch-speaking * Self-reported normal hearing PURPOSE 2: same as above. PURPOSE 3: Inclusion criteria for the healthy participants: * At least 18 years old * Sufficient command of the Dutch language to complete a Dutch questionnaire Exclusion criteria for the healthy participants: \- One or more contraindications for an MRI examination. These contraindications are checked using a questionnaire (safety checklist). Inclusion criteria for the pre- and postoperative MRI participants: \- Random selection of +- 10 participants of purpose 1. Exclusion criteria for the pre- and postoperative MRI participants: \- One or more contraindications for an MRI examination. These contraindications are checked using a questionnaire (safety checklist).",,exclude,Does not explicitly meet both criteria (Trans population + GAHT),exclude,Unverified legacy keyword heuristic: Does not explicitly meet both criteria (Trans population + GAHT),legacy_keyword_heuristic_unverified,,
NCT06443164,Efficacy of a Chronic Pain Treatment Prior to Gender-affirming Surgery,INTERVENTIONAL,ENROLLING_BY_INVITATION,"Pain Catastrophizing; Pain, Chronic; Gender Identity","The primary objective of this study is to examine a single-session, 2-hour group intervention provided to a population of transgender or gender-diverse patients with chronic pain prior to gender-affirming surgery, to determine if participants who receive the intervention have less pain-related distress compared to participants randomly assigned to the control group.",BEHAVIORAL: Empowered Relief — Pain Management Course that has been used to treat pain in patients with different pain conditions.; OTHER: Standard of Care — Gender Affirming surgery without any attention to pain conditions prior to surgery.,,"Inclusion Criteria: 1. affiliated with the OHSU Transgender Health Program and have completed their initial consultation for gender-affirming surgery, 2. who have chronic pain (defined as \> 3 months of pain), 3. who rate their average level of pain intensity as at least a 4 or higher (on 0-10 pain scale) 4. who have fluency in English. Empowered Relief may only be delivered by a certified instructor, and for this research study the instructor is only able to offer the curriculum in English. Exclusion Criteria: 1. have had a pain-focused behavioral therapy in the past year, or 2. have severe depression and/or moderate or higher risk of suicidality based on the person's score on the PHQ-9 greater than 20.",,exclude,Does not explicitly meet both criteria (Trans population + GAHT),exclude,Unverified legacy keyword heuristic: Does not explicitly meet both criteria (Trans population + GAHT),legacy_keyword_heuristic_unverified,,
NCT06450405,Androgen Effects on the Reproductive Neuroendocrine Axis,INTERVENTIONAL,TERMINATED,Transgenderism; Reproductive Issues,,DRUG: Testosterone Cypionate 50 MG/ML Injectable Solution — Participants in the initiating group will receive weekly doses of testosterone for gender-affirming care.,,"Inclusion Criteria: Transgender/Non-binary Group, Initiating Testosterone Group * Provision of signed and dated informed consent form * Stated willingness to comply with all study procedures and availability for the duration of the study * Aged 18-35 * Plan to initiate testosterone therapy * History of regular menstrual cycles (every 24-35 days) at baseline, before beginning TRT Inclusion Criteria: Cisgender Female Group * Provision of signed and dated informed consent form * Stated willingness to comply with all study procedures and availability for the duration of the study * Aged 18-35 * Having regular menstrual cycles (every 24-35 days) Exclusion Criteria: All * Pregnant * Incarcerated * Known cognitive impairment or institutionalized * Hemoglobin less than 11 gm/dl at screening evaluation * Weight less than 110 pounds * BMI \<18 or \>35 * Current endocrine disease- including untreated thyroid abnormalities, pituitary or adrenal disease, polycystic ovary syndrome, or androgen producing tumor * Current or recent pregnancy within two months of study enrollment * Current or recent breast feeding within two months of study enrollment * Diabetes, or renal, liver, or heart disease * History of oophorectomy or hysterectomy * History of radiation or surgery involving brain structures and/or pelvis/pelvic organs * Currently taking any medications that may affect their reproductive hormones, such as contraceptive medications, androgens, estrogens, progestins, GnRH antagonists, GnRH agonists, insulinomimetics, and metformin. * History of prior testosterone therapy",,include,Transgender population and GAHT intervention/exposure identified,include,Unverified legacy keyword heuristic: Transgender population and GAHT intervention/exposure identified,legacy_keyword_heuristic_unverified,,
NCT06470906,Feasibility of an Oral Intervention for Sexual Health in Transgender Men,INTERVENTIONAL,COMPLETED,Vaginal Dysbiosis; Vaginal Disease; Molecular-bacterial Vaginosis,,"DIETARY_SUPPLEMENT: Probiotic Group — The intervention is a mixture of two probiotics: 1) Lactobacillus acidophilus GLA-14 and 2) Lactobacillus rhamnosus HN001. These products will be combined into a single capsule/sachet with a dose of approximately 10\^10 colony forming units (CFUs) of GLA-14 (ATCC SD5212) and HN001 (ATCC SD5675) in a 4:1 ratio, using similar doses as recent studies using this product.; DIETARY_SUPPLEMENT: Placebo Group — The placebo will of be Maltodextrin, a carbohydrate, packaged similarly to the intervention and having the same weight.",,"Inclusion Criteria: * Aged 18-45 years * Pre-menopausal * Assigned female at birth and self-identity as TGM, male, transmasculine or nonbinary * Presence of vagina and ovaries * Currently on TT * Stated willingness to join a randomized trial study, follow procedures, and answer questions about personal medical and sexual history Exclusion Criteria: * Gender-affirming genital surgery (including phalloplasty, metoidioplasty, vaginectomy, hysterectomy, oophorectomy), * Known allergic reactions to components of the intervention or placebo * Have known HIV infection or symptomatic gonorrhea or chlamydia * Are pregnant or planning to be pregnant during the study period * Are on puberty-blockers * Are currently taking or plan to take any non-study probiotics or any intravaginal product that may impact the outcomes of interest * Use immunomodulatory or immunosuppressive drugs or are currently taking antibiotics or antifungals for \>14 days * Have a severe illness (e.g., cancer, major psychiatric or neurological conditions), are planning to move away from the area during the study period, or have any condition that would make participation in the study unsafe (in the opinion of study staff) * Have any condition that would make participation in the study unsafe (in the opinion of study staff), complicate interpretation of study outcome data, or otherwise interfere with achieving the study aims.",,exclude,Does not explicitly meet both criteria (Trans population + GAHT),exclude,Unverified legacy keyword heuristic: Does not explicitly meet both criteria (Trans population + GAHT),legacy_keyword_heuristic_unverified,,
NCT06482385,Transmasculine Quality of Life and Sexual Function at Pre and Post Gender-affirming Hormonal Therapy,OBSERVATIONAL,COMPLETED,Transgender Men,,,"All hormone-naïve TM aged above 18 years who planned to start testosterone at Gender Health Clinic, King Chulalongkorn Memorial Hospital, Thailand","Inclusion Criteria: * compatible with Diagnostic and Statistical Manual of Mental Disorders, 5th Edition (DSM-5) * had never used testosterone therapy before the enrollment Exclusion Criteria: * history of abnormal hormone functions * ongoing treatment or current use of medications that affect hormone functions * diagnosis of psychiatric illnesses beyond gender dysphoria by a psychiatrist * prescription of psychiatric or neurological medications within the past 3 months up to the present study participation * presence of chronic illnesses or severe age-related conditions, such as chronic kidney disease, chronic liver disease, or any type of cancer",,include,Transgender population and GAHT intervention/exposure identified,include,Unverified legacy keyword heuristic: Transgender population and GAHT intervention/exposure identified,legacy_keyword_heuristic_unverified,,
NCT06487754,New-onset Chronic Pelvic Pain in Transgender People Using Testosterone Therapy: an Exploratory Qualitative Study.,OBSERVATIONAL,RECRUITING,Transgender Persons; Pelvic Pain; Testosterone; Gender-Affirming Care,,,Trans masculine individuals using a gender affirming hormonal therapy (testosterone) and having pelvic pain.,Inclusion Criteria: * Being a trans masculine individual * Taking a gender affirming hormonal therapy (GAHT) * living close to Grenoble * having pelvic pain that appeared or were modified after taking GAHT Exclusion Criteria: * Subject under guardianship or subject deprived of liberty Refusal of voice recording,,include,Transgender population and GAHT intervention/exposure identified,include,Unverified legacy keyword heuristic: Transgender population and GAHT intervention/exposure identified,legacy_keyword_heuristic_unverified,,
NCT06496581,Standard of Care +/- 177Lu-PSMA-617 In de Novo mHSPC Patients With Poor PSA Response (PEACE6-Poor Responders),INTERVENTIONAL,RECRUITING,Prostate Cancer Metastatic,,"DRUG: 177Lu-PMSA-617 — Once every 6 weeks, 7400 MBq 177Lu-PMSA-617 will be administered for up to a total of 4 cycles.; DRUG: Standard of Care — ADT, abiraterone and each ARSI (Apalutamide, Darolutamide, Enzalutamide) will be administrated according to the standard of care",,"Inclusion Criteria: All of the following criteria must be met ahead of randomization to satisfy trial eligibility requirements: 1. Signed a written informed consent form prior to any trial specific procedures. Note: In case of physical incapacitation, a trusted representative of their choice, which is not the Investigator or sponsor, can sign on the behalf of the patients. 2. Aged ≥18 years old 3. Life expectancy \> 6 months as per investigator estimate 4. Eastern Cooperative Oncology Group (ECOG) performance status ≤ 2 5. Men with histologically or cytologically confirmed adenocarcinoma of the prostate 6. De novo metastatic disease defined by clinical or radiographic evidence of metastases at diagnosis (i.e. before any treatment started). If not available, a more recent imaging can be used 7. Measurable disease or bone lesions evaluable according to PCWG3 criteria. Patients with doubtful bone metastases are not eligible 8. A pre-randomization 68Ga-PSMA-11 PET/CT scan performed within 4 weeks prior to randomization in the trial. FDG PET scan is not required for this protocol. All patients will be treated independently from the results of pre-randomization PSMA PET scan: patients with PSMA-positive or PSMA-negative disease according to PROMISE 2.0 criteria are eligible. 9. Have 6 to 8 months of previous AND ongoing standard systemic treatment for prostate cancer consisting in either: * ADT with an androgen receptor signaling inhibitor (ARSI) (i.e., abiraterone (plus prednisone), or apalutamide or enzalutamide) ± radiotherapy \*\* * ADT with docetaxel\* plus an ARSI (i.e. abiraterone (plus prednisone), or darolutamide,) ± radiotherapy\*\* Note: \*Docetaxel must have been stopped at least 4 weeks ahead of randomization. \*\* Previous radiotherapy to the primary tumor and/or to the metastases is accepted as long as it was not PSMA-based and must has been completed at least 4 weeks ahead of randomization. 10. Stable or declining PSA level but not a rising one 11. Serum PSA of ≥ 0.2 ng/mL at 6 to 8 months after systemic treatment initiation 12. Testosterone level \< 50 ng/dl or \< 1.7 nmol/L 13. Be fit enough for 177Lu-vipivotide tetraxetan treatment: * Adequate bone marrow function: hemoglobin ≥90 g/L (in absence of red blood cell transfusion within 4 weeks prior to randomization), absolute neutrophil count ≥1.5 x10⁹/L, platelet count \>100 x10⁹/L * Adequate liver function: aspartate aminotransferase (AST) and alanine aminotransferase (ALT) ≤2.0 x upper limit of normal (ULN), or ≤ 5.0 x ULN in the presence of liver metastases; bilirubin \<1.5 x ULN (unless known or suspected Gilbert syndrome, then \<3 x ULN is permitted) * Adequate renal function: calculated creatinine clearance ≥ 50 ml/min (using the MDRD or CKD EPI method). 14. For sexually active men with female partners of reproductive potential or with pregnant women, agreement to use a condom with another effective contraceptive method during trial participation and up to 14 weeks after study treatment completion. 15. Affiliated to the social security system or in possession of equivalent private health insurance (according to local regulations for participation in clinical trials). 16. Willing and able to comply with the protocol for the duration of the trial including undergoing treatment and scheduled visits, and examinations including follow-up. Exclusion Criteria: Patients presenting with any of the following criteria are not eligible: 1. Any evidence of cancer progression (including a rising PSA level, clinical progression, or radiological progression) 2. Prior or concurrent PSMA-based radioligand therapy or other PSMA target treatments 3. Known hypersensitivity to the components of the study therapy or its analogs 4. Any condition preventing the use of the standard of care and/or specific experimental treatments tested in the trial 5. Any of the following within 6 months before randomization: stroke, myocardial infraction, severe/unstable angina pectoris, coronary/peripheral artery bypass graft, congestive heart failure New York Heart Association (NYHA) Class III or IV 6. Hypertension not controlled by an anti-hypertensive treatment (systolic blood pressure \[sBP\] ≥ 160 mmHg or diastolic blood pressure \[dBP\] ≥ 95 mmHg, 3 consecutive measures taken 5 minutes apart) 7. Severe or uncontrolled concurrent disease, infection or co-morbidity 8. Pathological findings consistent with small cell carcinoma of the prostate 9. History of malignancy within 3 years of the current diagnosis with the exception of successfully treated basal cell or squamous cell skin carcinoma 10. Ongoing participation in another clinical trial involving an investigational product.. Treatment with an investigational product must have ended within 28 days prior to the day of randomization 11. Patients unwilling or unable to comply with the medical follow-up required by the trial because of geographic, familial, social, or psychological reasons 12. Persons deprived of their liberty or under protective custody or guardianship",,exclude,Oncology indication not related to transgender health,exclude,Unverified legacy keyword heuristic: Oncology indication not related to transgender health,legacy_keyword_heuristic_unverified,,
NCT06502353,Plexaa For Preconditioning: Gender Affirming Mastectomy,INTERVENTIONAL,RECRUITING,Nipple Necrosis; Nipple Graft Loss,"The goal of this clinical trial is to evaluate the use of the Plexaa preconditioning device (BLOOM43) in transgender and non-binary patients undergoing gender affirming mastectomy. This study aims to understand a participant's experience of the device, including its usability and acceptability. Participants will use the device to precondition their right breast the evening before undergoing surgery (gender affirming mastectomy).",DEVICE: BLOOM43 — Heat preconditioning,,"Inclusion Criteria: * All transgender or non-binary patients over the age of 18 years (no maximum age limit) * Patients undergoing peri-areolar mastectomy or double incision mastectomy with a free nipple graft for gender affirmation Exclusion Criteria: * Patients undergoing surgery for breast cancer * Delayed (two-stage) breast reconstruction patients * Patients undergoing simple mastectomy or wide local excision of a breast tumour * Presence of open breast skin wounds, or infected or inflamed breast skin * Presence of a cardiac pacemaker, defibrillator or any other implantable electronic device",,include,Transgender population and GAHT intervention/exposure identified,include,Unverified legacy keyword heuristic: Transgender population and GAHT intervention/exposure identified,legacy_keyword_heuristic_unverified,,
NCT06515834,"Investigating the Safety, Tolerability, Immunogenicity and Pharmacokinetics of Olamkicept in Healthy Japanese Persons",INTERVENTIONAL,COMPLETED,Gastroenterology,,DRUG: FE 999301 — To assess the safety and tolerability of FE 999301 after single intravenous (IV) dose infusion in healthy Japanese men; DRUG: Placebo — Placebo to assess the safety and tolerability of FE 999301 after single intravenous (IV) dose infusion in healthy Japanese men,,"Inclusion Criteria: * In good health, determined by: * no clinically significant findings from medical history, * physical examination, * 12-lead electrocardiogram (ECG), * vital signs measurements, * and clinical laboratory evaluations Exclusion Criteria: * History of clinically significant medical conditions including, but not limited to: * diseases of the renal, * hepatic, * respiratory, * gastrointestinal, * cardiovascular, * neurological, * musculoskeletal, * immunological, * haematological, * endocrine, * and metabolic systems, * as well as oncological, * psychiatric, * dermatological, * and allergic diseases (including drug allergies, but excluding untreated, asymptomatic, seasonal allergies at the time of dosing).",,exclude,Does not explicitly meet both criteria (Trans population + GAHT),exclude,Unverified legacy keyword heuristic: Does not explicitly meet both criteria (Trans population + GAHT),legacy_keyword_heuristic_unverified,,
NCT06530992,The Effect of Tucking on Semen Quality of Adult Trans Women,OBSERVATIONAL,RECRUITING,Transgender; Gender Incongruence; Fertility Issues,,"OTHER: tucking break — All participants will provide a semen sample for sperm analysis after 2-7 days of abstinence from ejaculation, a venous blood sample will be taken at the same time, and quality of life will be assessed using a questionnaire. Participants in the study group are then asked to refrain from tucking or wearing tight underwear for at least 73 days. At least 73 days (10.5 weeks) after the first spermiogram, another semen collection is scheduled after 2-7 days of abstinence from ejaculation for the preparation of a spermiogram, a venous blood sample is taken at the same time, and quality of life is assessed in all participants. At this point, depending on the participant's wishes, it is possible to perform sperm cryopreservation for fertility preservation before starting gender affirming hormonal treatment.",Female transgender patients between the ages of 18 to 50 years of age who are seen at the University Clinic for Gyn. Endocrinology and Reproductive Medicine of the Medical University of Innsbruck. Patients must have met the eligibility and readiness criteria for gender-affirming hormone therapy.,Inclusion Criteria: * Female transgender patients between the ages of 18 to 50 years of age who are seen at the University Clinic for Gyn. Endocrinology and Reproductive Medicine of the Medical University of Innsbruck. Patients must have met the eligibility and readiness criteria for gender-affirming hormone therapy Exclusion Criteria: * Ongoing GAHT gender affirming genital surgery Hypogonadism Diabetes mellitus Cystic Fibrosis Varicocele Cryptorchism Post-sterilization Incapacity to consent,,include,Transgender population and GAHT intervention/exposure identified,include,Unverified legacy keyword heuristic: Transgender population and GAHT intervention/exposure identified,legacy_keyword_heuristic_unverified,,
NCT06537765,Combined Effect of Therapeutic Ultrasound and Trans Cutaneous Electrical Nerve Stimulation on Endometriosis,INTERVENTIONAL,NOT_YET_RECRUITING,Endometriosis,,"DRUG: Medical treatment — All women with endometriosis in all groups (A, B, \& C) will receive their medical treatment as prescribed by the gynecologist.; DEVICE: Therapeutic ultrasound (US) — Women will be asked to assume supine lying position, and the lower abdomen will be cleaned thoroughly with alcohol and dried well thereafter. Ultrasound gel will be distributed over the lower abdomen .The device will be adjusted to Frequency of 1MHz, Mode: continuous wave, Intensity: 1.5W/cm, duration of treatment: 15 minutes for the treatment site, then the skin will be cleaned again to remove ultrasound gel.; DEVICE: Transcutaneous electrical nerve stimulation (TENS) — TENS electrodes will be placed on specific acupuncture points for women in supine position. These points include VB29, ST36, CV6, CV4, LV3, KD3, SP6, and SP9. The treatment aims to improve blood circulation, remove adhesions, regulate menstrual activity and hormones, and prevent new adhesions and menstrual reflux in endometriosis patients.",,"Inclusion Criteria: * Forty-five women clinically diagnosed by the gynecologist with endometriosis will be included in the study. * Abdominal wall endometriosis will be diagnosed via Color Doppler ultrasonography. * Their ages will range from 25 to 35 years old. * Their body mass index (BMI) will be ranged from 25 to 35 Kg/m2. * All patients have reported mild to moderate endometriosis symptoms such as (chronic pelvic pain (CPP), dysmenorrhea, dyspareunia, pain with bowel movements and urination and excessive bleeding) as recorded by Endometriosis Health profile questionnaire (EHP30). * All patients use continuous hormonal treatment for at least 3 months. Exclusion Criteria: * Severe endometriosis which is diagnosed by the gynecologist. * Pregnancy, peacemaker, epilepsy, cardiac arrhythmia, cancer, acute inflammatory pelvic disease. * Use of injectable hormonal therapy within the previous 6 weeks. * Patients with contraindication of ultrasound (Patients with reduced sensation to pain and/or heat, local malignancy, local acute infection and over areas of thrombosis or other vascular abnormalities). * Cognitive deficiency and difficulty to understand instructions or use the instruments.",,exclude,Cisgender/unrelated indication,exclude,Unverified legacy keyword heuristic: Cisgender/unrelated indication,legacy_keyword_heuristic_unverified,,
NCT06545721,Weight Cycling on Hyperandrogenemia and Insulin Resistance in Polycystic Ovary Syndrome,INTERVENTIONAL,RECRUITING,Polycystic Ovary Syndrome,,"OTHER: Adjusting dietary structure + exercise + behavioral intervention — Adjusting to a healthy diet involves consuming low GI and low-fat foods, avoiding sugary drinks, increasing dietary fiber intake, reducing saturated fat while increasing omega-3 unsaturated fat intake, and limiting trans fat consumption. A weight loss program includes a high-protein diet, exercise, and behavioral intervention with daily total energy needs calculated based on ideal body weight (kg) x 15-20 kcal/kg/d; developing a daily meal plan with regular protein supplementation; limiting salt intake to ≤5 g/d; ensuring adequate water consumption at 2-3L/d; aiming for a dietary fiber intake of 25-30g/d; recommending micronutrient supplementation as needed; maintaining daily aerobic exercise (40 minutes at 70-80% HRmax) along with resistance training (20 minutes); establishing an early bedtime before 11pm and an early wake-up time.; BEHAVIORAL: Precision dietary prescription — A 12-week precision diet program individualized to baseline insulin-resistance metabolic subphenotype, including personalized macronutrient targets, food-based meal plans, and dietitian-led counseling with regular follow-ups.; BEHAVIORAL: Standard guideline-based low-energy diet — A 12-week standardized low-energy diet based on national guideline recommendations for overweight/obesity, with the same counseling frequency as the precision-diet arm but without metabolic tailoring.",,"Inclusion Criteria: 1. Women aged 18-45 years in the reproductive period; 2. Women who have previously met the Rotterdam diagnostic criteria (at least 2 of the following 3 criteria have been confirmed, and have been diagnosed with PCOS): 1) Oligomenorrhea and/or anovulation; 2) clinical and/or biochemical evidence of hyperandrogenism; 3) ultrasound showing the presence of unilateral or bilateral polycystic ovaries; 3. Inclusion of 50 women in the normal weight group: 18.5 kg/m² ≤ BMI \< 24 kg/m²; Inclusion of 400 women in the overweight/obese group: BMI ≥ 24 kg/m²; 4. Voluntarily participate in the intervention and sign an informed consent form. Exclusion Criteria: 1. Currently pregnant or lactating, or have had a recent (within 6 months) plan for pregnancy; 2. Currently using known prescription weight loss medications (such as GLP-1RA, orlistat, topiramate, etc.); 3. History of weight loss surgery; 4. History of severe cardiovascular or cerebrovascular diseases; severe liver or kidney dysfunction (ALT \> 3 times the upper limit of normal, or creatinine \> 1.5 times the upper limit of normal); chronic or active gastrointestinal inflammatory diseases; severe systemic diseases; active malignant tumors; 5. Secondary obesity: including hypothalamic or pituitary obesity, obesity secondary to glucocorticoid use, hypogonadism-induced obesity, etc.; 6. Known history of serious endocrine system diseases; 7. Poor compliance with planned dietary interventions (psychiatric disorders such as binge eating disorder, anorexia nervosa, severe anxiety/depression); 8. Unable to follow up on time or deemed non-cooperative by the investigator.",,exclude,Cisgender/unrelated indication,exclude,Unverified legacy keyword heuristic: Cisgender/unrelated indication,legacy_keyword_heuristic_unverified,,
NCT06565663,MaPGAS Decision Making,INTERVENTIONAL,ENROLLING_BY_INVITATION,"Gender Dysphoria; Gender Dysphoria, Adult; Gender Incongruence; Transgenderism; Transsexualism; Transgender Persons; Phalloplasty",The goal of this clinical trial is to test a new online tool designed to provide clear and understandable information to help individuals considering Metoidioplasty and Phalloplasty Gender Affirming Surgery (MaPGAS)make informed decisions The main questions it aims to answer are: * How user-friendly is the decision aid for individuals considering metoidioplasty and phalloplasty? * Does using the decision aid reduce uncertainty and improve readiness for making surgery decisions compared to usual care? Participants in this study will: * Be randomly assigned to either 1) receive usual care or 2) test the web-based decision aid. * Share their feedback on the tool's usability and its helpfulness in supporting decision-making. * Complete surveys before and after using the decision aid to measure any changes in their decision-making process. Researchers will compare participants who used the decision aid with those who received standard care to see if the decision aid reduces decisional uncertainty and improves readiness for surgery.,"BEHAVIORAL: MaPGAS Decision Aid — This intervention involves a novel, web-based decision aid tool specifically designed to support transgender and non-binary individuals assigned female at birth in making informed decisions about Metoidioplasty and Phalloplasty Gender Affirming Surgeries (MaPGAS). The tool includes comprehensive information on surgical options, risks, benefits, and medical illustrations to aid in aligning surgical decisions with the individual's personal values and goals.",,"Inclusion Criteria: * Assigned female on the original birth certificate. * Self-identifies as transgender male and/or gender non-binary. * Able to speak, read, and understand English at a sixth-grade level. * Aged 18 or older. * Resides in the USA. * For decision aid refinement: Considering metoidioplasty or phalloplasty, or is post-operative. * For intervention and control arm: Has a consultation scheduled for metoidioplasty or phalloplasty. Exclusion Criteria: * Participants involved in the initial tool refinement focus groups cannot participate in the intervention or control group to avoid contamination of the study outcomes.",,exclude,Does not explicitly meet both criteria (Trans population + GAHT),exclude,Unverified legacy keyword heuristic: Does not explicitly meet both criteria (Trans population + GAHT),legacy_keyword_heuristic_unverified,,
NCT06573177,Optimizing Individual Health Care for Young People With Gender Incongruence,OBSERVATIONAL,RECRUITING,Gender Incongruence,,"OTHER: Referral to the gender identity service. — Referral to the national gender identity service consisting of the Sexological Clinic, Child and Adolescent Mental Health Center, and Department of Growth and Reproduction in the Capital Region of Denmark.",All children and youngsters under the age of 18 years referred to the gender identity service in Denmark.,Inclusion Criteria: * Accepted referral to the gender identity service. Exclusion Criteria: * None.,,exclude,Does not explicitly meet both criteria (Trans population + GAHT),exclude,Unverified legacy keyword heuristic: Does not explicitly meet both criteria (Trans population + GAHT),legacy_keyword_heuristic_unverified,,
NCT06581679,Adenomyosis and Pregnancy: Levonorgestrel vs. GnRH for Blastocyst Transfer,INTERVENTIONAL,COMPLETED,Adenomyosis,,"DRUG: Triptorelin — GnRHa will be given as a subcutaneous injection of triptorelin in a dose of 3.75 mg monthly for three months.; DEVICE: levonorgestrel-releasing intrauterine system — The levonorgestrel-releasing intrauterine system releasing 20 levonorgestrel daily.; PROCEDURE: frozen embryo transfer — Frozen embryo transfer (FET) where a previously frozen embryo is thawed and transferred into a woman's uterus. The FET process involves hormone preparation to prepare the uterus for the transfer, embryo thawing, and the actual transfer of the embryo into the uterus. If the embryo implants and develops successfully, pregnancy can occur.",,Inclusion Criteria: * Women who have adenomyosis diagnostic characteristics and underwent ICSI that resulted in good-quality FE. Exclusion Criteria: * Women Women who have adenomyosis diagnostic characteristics and underwent ICSI that resulted in Poor-quality FE.,,exclude,Does not explicitly meet both criteria (Trans population + GAHT),exclude,Unverified legacy keyword heuristic: Does not explicitly meet both criteria (Trans population + GAHT),legacy_keyword_heuristic_unverified,,
NCT06615401,Understanding Perceived Access and Receipt of Gender-affirming Treatments Among Transgender Veterans,OBSERVATIONAL,COMPLETED,Gender Dysphoria,,,"Transgender and gender diverse veterans as identified by documentation of gender identity disorder diagnoses, self-identified gender identity and transgender-related health factors.",Inclusion Criteria: * All veterans with documentation of gender identity disorder diagnoses * Self-reported gender identity as transgender and relevant transgender-related health factor Exclusion Criteria: * None,,exclude,Does not explicitly meet both criteria (Trans population + GAHT),exclude,Unverified legacy keyword heuristic: Does not explicitly meet both criteria (Trans population + GAHT),legacy_keyword_heuristic_unverified,,
NCT06639763,Erectile Aid Use in Post-phalloplasty and Post-metoidioplasty Transgender Patients,OBSERVATIONAL,RECRUITING,Transgenderism; Erectile Dysfunction; Gender Dysphoria; Sexual Dysfunction,"This study seeks to explore the various methods used by transgender men for sexual intercourse following phalloplasty or metoidioplasty, focusing on their satisfaction with different erectile aids, as well as the satisfaction of their partners. Phalloplasty and metoidioplasty are gender-affirming surgeries that often require additional aids to achieve the desired sexual function, particularly for penetration. While internal erectile prostheses are common after phalloplasty, they come with high complication rates, leading some patients to opt for non-surgical aids. However, the effectiveness and comfort of these aids are not well-documented. This study aims to fill this gap by examining the types of aids transgender men use, how well these aids meet their sexual needs, and how satisfied both they and their partners are with the outcomes, providing much-needed insight for healthcare providers and patients alike.","DIAGNOSTIC_TEST: Questionnaire — Questionnaire containing a combination of basic epidemiological questions, questions regarding recent sexual activity, questions regarding sexual preference and sexual activity, questions regarding the use of different types of erectile aids, questions regarding satisfaction with the use of these different erectile aid and questions regarding the satisfaction with sexual functioning and the partner relation. Al patients at least 6 months after primary genital gender-affirming surgery and who are sexually active are eligible.",Transgender male individuals having undergone masculinizing genital gender affirming surgery at least six months ago and who are currently sexually active and are seeking sexual penetration are eligible.,Inclusion Criteria: * Patient and partner age ≥ 18 years. * Transgender or gender non-conforming individuals (and their partners). * Patients have undergone phalloplasty or metoidioplasty as a form of genital gender affirming surgery. * ≥6 months after phalloplasty or metoidioplasty (any type of flap or technique is allowed). * Sexually active or has been sexually active since phalloplasty or metoidioplasty with a partner or main sexual partner. * Voluntarily agreed that the data may be used for an anonymized scientific study. Exclusion Criteria: * Patient age \&lt; 18 years. * Cisgender patients treated with phalloplasty or metoidioplasty for various reasons. * \&lt;6 months after phalloplasty or metoidioplasty. * Not sexually active since phalloplasty/metoidioplasty. * Patient and/or partner have no interest in penetrative sexual intercourse.,,include,Transgender population and GAHT intervention/exposure identified,include,Unverified legacy keyword heuristic: Transgender population and GAHT intervention/exposure identified,legacy_keyword_heuristic_unverified,,
NCT06639776,Sexual Functioning After Erection Prosthesis Placement in Post Phalloplasty Transgender Persons,OBSERVATIONAL,RECRUITING,Transgenderism; Erectile Dysfunction; Prosthesis Durability; Gender Dysphoria; Sexual Dysfunction,"This study aims to explore sexual satisfaction among transgender men and their partners following the placement of erectile prostheses after phalloplasty. While phalloplasty can create a neophallus, the lack of natural erectile tissue often necessitates the use of erectile aids, including internal prostheses. However, these prostheses, originally designed for cisgender men, face challenges when used in transgender patients, such as higher risks of complications, infections, and mechanical failures. Despite these issues, some studies report high patient satisfaction, though partner satisfaction rates are significantly lower. The study will use validated and non-validated questionnaires to assess satisfaction with various types of erectile prostheses, addressing the gap in understanding how these devices impact the sexual and relational functioning of both transgender men and their partners. These questionnaires will be provided to all included patients that are minimum 6 months after placement of an internal erection prosthesis and have a functional erection prosthesis in place","DIAGNOSTIC_TEST: Questionnaire — All erection prosthesis placements in post-phalloplasty transgender and gender non-conforming individuals at Ghent University Hospital from start of the gender clinic until June 2023 will be evaluated. All patients that are at least 6 months after erection prosthesis placement and currently have a functioning prosthesis in place are eligible and will be contacted. Upon inclusion and informed consent, the patient's medical files will be used to gather all necessary underlying medical information that is relevant to this study. will receive an email asking them to complete a questionnaire for themselves. At the end of this questionnaire the patient will be asked if they have a sexual partner and if this partner is willing to participate as well. After affirmation, the partner will be contacted in the same way. Patients will receive a series of questionnaires reviewing recent sexual activity, sexual preference, satisfaction with the erectile prosthesis and quality partner relationship.",Post-phalloplasty transgender patients that have undergone erectile prosthesis placement at the Ghent University Hospital at least six months ago and in whom the erection prosthesis in place in functioning.,"Inclusion Criteria: * Patient and partner age ≥ 18 years. * Transgender or gender non-conforming individuals diagnosed according to the DSM-5 diagnostic criteria for gender dysphoria. * Patients have undergone phalloplasty as a form of genital gender affirming surgery (any type of flap combination or technique is allowed). * Erection prosthesis placement ≥ 6 months after phalloplasty, performed at the Ghent University Hospital. Any type of prosthesis is allowed. * Patient has a functional erectile prosthesis at the time of the study. Number of erectile prosthesis is not relevant for inclusion. * Patient is Dutch, English or French speaking. * Voluntary signed and written consent by patient and their optional partner. Exclusion Criteria: * Patient age \&lt; 18 years. * Cisgender patients treated with phalloplasty and/or erection prosthesis for various reasons. * The erection prosthesis has been explanted or the current prosthesis is nonfunctional at time of data assessment. * Erection prosthesis placement \&lt; 6 months before study start will be excluded.",,exclude,Does not explicitly meet both criteria (Trans population + GAHT),exclude,Unverified legacy keyword heuristic: Does not explicitly meet both criteria (Trans population + GAHT),legacy_keyword_heuristic_unverified,,
NCT06656676,WePrEP: Developing a PrEP Shared Decision-making Tool for Transgender Women,INTERVENTIONAL,RECRUITING,HIV Prevention,,"BEHAVIORAL: WePrEP: A shared decision-making tool — WePrEP will be bilingual, both patient- and provider-facing, stored on the provider's electronic device (and will have the capability to integrate with electronic health records in the future to enable scalability), and easily accessible during in-person or virtual patient-provider encounters. WePrEP is designed to present pertinent PrEP information to transgender women and their PrEP service providers to stimulate discussions about PrEP choice and support adherence (once a PrEP strategy has been chosen). We hypothesize that this will ensure selection of the ideal PrEP method and improve subsequent adherence.; BEHAVIORAL: Active comparator: CDC recommendations for discussing PrEP — Standard of care recommendations to discuss PrEP with potential end-users, endorsed by the CDC.",,"Inclusion Criteria: Eligible participants in the transgender women group (N=69) must: * Self-identify as a transgender woman (e.g., was assigned male at birth, but currently reports a feminine gender identity) * Be between the ages of 18 and 65 * Currently live in the Denver area * Speak English or Spanish * Be HIV-negative (via Alere Determine) * Not have participated in the development of WePrEP * Not currently take PrEP, but report they are ""interested in doing more to protect themselves from HIV"" \*\*We note that 1/3 of our RCT participants in the transgender women's group will be Black and/or Hispanic/Latina Eligible participants in the PrEP service providers group (N=6) must: * Not have participated in the development of WePrEP * Live in the Denver area and (as a part of their employment responsibilities) discuss PrEP use with potential end-users. * Have helped at least 1 TW make a decision about PrEP (e.g., whether or not to use it, which specific PrEP modality, etc...) in the last month. Exclusion Criteria: Participants in the transgender women group are excluded if they: * Currently live with HIV * Do not meet one or more of the inclusion criteria above Participants in the PrEP service providers group are excluded if they: * Do not live in the Denver area * Do not meet one or more of the inclusion criteria above",,exclude,Does not explicitly meet both criteria (Trans population + GAHT),exclude,Unverified legacy keyword heuristic: Does not explicitly meet both criteria (Trans population + GAHT),legacy_keyword_heuristic_unverified,,
NCT06670053,"Puberty, Testosterone, and Brain Development",OBSERVATIONAL,RECRUITING,Gender Identity; Gender Dysphoria in Adolescents and Adults; Headache; Transgender,,DRUG: Testosterone — Clinical testosterone therapy No research interventions will be used as a part of the study since the research is observational. Testosterone treatment will be prescribed and followed by participant's clinical physician.,transmasculine and gender diverse youth,"Inclusion Criteria: 1. transmasculine and gender diverse 2. assigned female at birth 3. age 12-20 years at the time of enrollment 4. plan to start testosterone clinically in \< 6 months 5. if taking gonadotropin releasing hormone agonist (GnRHa, puberty blocker), was started on this type of drug 3+ months prior to enrollment Exclusion Criteria: 1. cognitive or psychiatric impairment resulting in inability to tolerate or perform the study procedures 2. known history of stroke, multiple sclerosis, or other serious neurologic condition 3. prior diagnosis of Turner Syndrome (monosomy X) or other difference of sexual development 4. prior diagnosis of polycystic ovarian syndrome (PCOS) 5. uncontrolled or untreated hypothyroidism 6. MRI-specific exclusion criteria: (Weight \> 500 lbs, severe claustrophobia, certain type of metal in body)",,include,Transgender population and GAHT intervention/exposure identified,include,Unverified legacy keyword heuristic: Transgender population and GAHT intervention/exposure identified,legacy_keyword_heuristic_unverified,,
NCT06710496,HISTOLOGICAL RESULTS IN TRANSGENDER INDIVIDUALS ASSIGNED TO FEMALES AT BIRTH UNDERGOING GENDER AFFIRMATION SURGERY AND IN TESTOSTERONE THERAPY,OBSERVATIONAL,NOT_YET_RECRUITING,Pregnancy; Smoking Behavior; Testosterone Replacement Therapy; Drugs; Comorbidities and Coexisting Conditions; Gynecological Surgery; Transgender Men; Gender Affirmation Surgery; Hormone Replacement Therapy; Gynecological Disorders,,OTHER: analysis of medical records — analysis of medical records of the patients,transgender people assigned female at birth undergoing gender affirming surgery with hysterectomy and on testosterone therapy,Inclusion Criteria: * gender incongruence diagnosis * people assigned female at birth * age \>18 years * gender affirming surgery with hysterectomy * testosterone therapy Exclusion Criteria: * previous gynecological surgery * previous gynecological disorder diagnosis,,include,Transgender population and GAHT intervention/exposure identified,include,Unverified legacy keyword heuristic: Transgender population and GAHT intervention/exposure identified,legacy_keyword_heuristic_unverified,,
NCT06733350,Testosterone Replacement Therapy for the Treatment of Low Testosterone in Hypogonadal Men With Localized Prostate Cancer on Active Surveillance,INTERVENTIONAL,RECRUITING,Localized Prostate Carcinoma; Stage I Prostate Cancer AJCC v8; Stage II Prostate Cancer AJCC v8; Stage III Prostate Cancer AJCC v8,,"PROCEDURE: Biopsy of Prostate — Undergo prostate biopsy; PROCEDURE: Biospecimen Collection — Undergo blood sample collection; PROCEDURE: Magnetic Resonance Imaging — Undergo MRI; OTHER: Patient Observation — Undergo standard AS; OTHER: Questionnaire Administration — Ancillary studies; DRUG: Therapeutic Testosterone — Given via injection, gel, lotion, or transdermal patch",,"Inclusion Criteria: * Men aged ≥ 18 years * Men with localized prostate cancer are eligible for active surveillance (National Comprehensive Cancer Network \[NCCN\] very low, low, and intermediate favorable risk group) * Participant must understand the investigational nature of this study and sign an independent ethics committee/institutional review board approved written informed consent form prior to receiving any study related procedure Exclusion Criteria: * Patients with NCCN intermediate unfavorable, high risk, or very high-risk localized prostate cancer * For men being considered for Group 2 (TRT), Patients with contraindications to TRT, which include, * Locally advanced or metastatic prostate cancer * Male breast cancer * Men with an active desire to have children * Hematocrit levels \> 54% or baseline hematocrit of 48-50% * Uncontrolled or poorly controlled congestive heart failure * IPSS (International Prostate Symptom Score) score \> 19 * Family history of venous thromboembolism * Unwilling or unable to follow protocol requirements * Any condition which in the investigator's opinion deems the participant an unsuitable candidate to participate in the study",,exclude,Oncology indication not related to transgender health,exclude,Unverified legacy keyword heuristic: Oncology indication not related to transgender health,legacy_keyword_heuristic_unverified,,
NCT06733415,Changes in Energy Expenditure (EE) in Transsexuals Undergoing Hormonal Therapy,OBSERVATIONAL,ENROLLING_BY_INVITATION,"Transgender; Transgender Persons, M01.777.500",,,Transgender individuals prior to gender affirming hormonal therapy,"Inclusion Criteria: 1\. TW and TM with no prior hormonal therapy in the last one year. 2. Stable weight in last six months (\<±5% weight change), \- Exclusion Criteria: 1. Postmenopausal TM. 2. Oral contraceptive use. 3. Pregnancy or breastfeeding. 4. Glucocorticosteroid treatment 5. Uncontrolled thyroid disorders 6. Use of drugs that potentially impact body metabolism",,include,Transgender population and GAHT intervention/exposure identified,include,Unverified legacy keyword heuristic: Transgender population and GAHT intervention/exposure identified,legacy_keyword_heuristic_unverified,,
NCT06741319,Behavioral and Psychosocial Characteristics of Clients Accessing Services at IHRI,OBSERVATIONAL,RECRUITING,HIV,,"BEHAVIORAL: Demographic characteristics — * Gender identity * Sex assigned at birth * Age * Address * History of study enrollment(s); BEHAVIORAL: Social and sexual behaviors — * Places where clients go for shopping, dining out, exercise, entertainment * Places where clients meet their sexual partner(s) * Places where clients obtain condoms and lubricants * Social networking and other online services clients regularly use and purposes of using * Lifetime and current sexual practices and condom use * Number and types of sexual partners * Self-perceived HIV risk level * Disclosure of HIV or sexual orientation status; BEHAVIORAL: Psychosocial characteristics — * Sexual orientation * Educational level * Occupation and income * Attitude towards and use of HIV testing and sexual health services * Use of injecting drugs, recreational drugs, and alcohol; BEHAVIORAL: Clinical characteristics — * Medical history, including gender dysphoria and hormone therapy * HIV counseling and testing * Diagnosis and treatment of sexually transmitted diseases (STD) * Sample collection information * Laboratory results * Gender dysphoria and mental health history * Body hair pattern * Bridging therapy * Fertility and reproductive issues * Gender transition effects; BEHAVIORAL: Referral and linkage to care for HIV-positive clients — * Health insurance scheme * Initiation and continuation of antiretroviral treatment; BEHAVIORAL: Characteristics associated with service implementation — \- Facilitators, barriers, feasibility and acceptability of and satisfaction with service implementation as identified by clients and healthcare providers","Study population: Clients accessing services of the Pribta Tangerine Polyclinic, the Thai Red Cross Anonymous Clinic, the Thai Red Cross Mobile Clinics and Affiliated Health Clinics.",Inclusion Criteria: 1. 18 years or 16 and 17 years of age with parental or guardian consent In non- or pre-SRS cases 2. Recommendation1 by counsellor based on: A) Presence of GD history B) Understanding of risks and benefits of GAHT D) Practice and readiness for gender transition E) Availability of social support F) Ability to take hormones as instructed 3. Verbal informed consent or signed informed consent on file 4. No exclusionary medical conditions 5. Approved by physician In SRS- and post-SRS cases2 1. Verbal informed consent or signed informed consent on file 2. No exclusionary medical conditions 3. Approved by physician Exclusion Criteria: None,,exclude,Does not explicitly meet both criteria (Trans population + GAHT),exclude,Unverified legacy keyword heuristic: Does not explicitly meet both criteria (Trans population + GAHT),legacy_keyword_heuristic_unverified,,
NCT06747624,A Crossover Clinical Trial Investigating the Effects of Geranylgeraniol (GG) Supplementation on Testosterone Levels in Healthy Men and Women Over an 18-week Period,INTERVENTIONAL,COMPLETED,Wellness; Health,,DIETARY_SUPPLEMENT: Geranylgeraniol 300 mg — 300 mg of trans-geranylgeraniol (GG); DIETARY_SUPPLEMENT: Placebo — 300 mg medium chain triglycerides,,"Inclusion Criteria: 1. Males and females between 40 to 65 years of age. 2. Individuals with no significant history of inflammatory bowel disease (i.e. ulcerative colitis, Crohn's, Celiac, etc.), ulcers, liver and/or kidney disease or other any acute or chronic dis-ease. 3. Ability to read and speak English 4. Subject's agreement to voluntarily participate in the study 5. Negative pregnancy test confirmed with serum HCG on initial baseline testing and baseline testing at the start of the crossover (at 10 weeks) Exclusion Criteria: 1. Males and females under 40 or over 65 years of age 2. Previous (in the past 60 days) or current hormone replacement therapy 3. Males and females with free testosterone levels over normal range 4. History of hysterectomy, oophorectomy, or orchiectomy 5. Current biotin supplementation \>3 mg per day one week prior to the start of the study 6. Current or history of smoking 7. CoQ10/Ubiquinol supplementation within the past 2 weeks 8. Current use of hormone boosting supplements (i.e. fenugreek, shilajit, tongkat ali, ashwagandha) within the past 4 weeks 9. Current or previous use of medication - NSAIDS, statins, blood thinners, H2 blockers and PPI or blood sugar-lowering agents. 10. Diabetes 11. Cancer 12. Hemophilia 13. Disorders of heart, kidney, lung or liver function 14. Infectious diseases 15. Alcohol or drug abuse (\>7 drinks per week for men and women) 16. Pregnancy, lactation, or individuals planning to become pregnant in the next 6 months 17. Failure to submit statement of consent 18. Participant in a clinical trial in the previous 30 days.",,exclude,Does not explicitly meet both criteria (Trans population + GAHT),exclude,Unverified legacy keyword heuristic: Does not explicitly meet both criteria (Trans population + GAHT),legacy_keyword_heuristic_unverified,,
NCT06774053,Swiss ProspectivE Cohort of TRAnsgender and Gender Diverse Individuals - The SPECTRA Study,OBSERVATIONAL,RECRUITING,Transgender Individuals; Gender Incongruence,,"OTHER: Group A (start of GAHT) — The study program consists of assessments at baseline (before the start of GAHT) and subsequent follow-up visits scheduled at routine intervals which are typically every three months for the first year, every six months for the second year and every twelve months thereafter. Participants' data collection includes a mix of digital and in-person methods. Demographical information, clinical and laboratory parameters such as hormone levels which are part of standard clinical care; OTHER: Group B (on-going GAHT) — The study program consists of a yearly assessment as part of the long-term routine follow-up. Participants' data collection includes a mix of digital and in-person methods. Demographical information, clinical and laboratory parameters such as hormone levels which are part of standard clinical care; OTHER: Group C (GAS) — If GAS is administered, additional assessments are performed preoperatively, and postoperatively in analogy with routine clinical visits, e.g. one week after surgery and then three, six and twelve months later (then once yearly) (e.g. type of surgery, outcome, patient' satisfaction). If participants undergo gender-affirming genital surgery, a genital swab and urine analysis (from the urine sample taken for routine testing) will additionally be performed for microbiome analyses as part of the study assessment.","The project population will consist of TGD individuals above age 16 who are diagnosed with gender incongruence and who wish medical transition or are on medical transition (at any stage of their transition, including individuals who interrupt/-ed medical transition or detransition/-ed). Recruitment for the study will initially take place at the University Hospital of Basel and the Cantonal Hospital of Luzern, with plans to expand to additional centers (e.g. University Hospital of Zurich, University Hospital of Geneva and Cantonal Hospital of St Gallen) as the study progresses. The study targets individuals at various stages of medical transition, including those initiating, continuing, or discontinuing gender-affirming therapies. Efforts will ensure inclusion of all gender identities to comprehensively address their unique healthcare needs.",Inclusion Criteria: * Age 16 years and above. * Established diagnosis of gender incongruence * Indication for gender affirming therapy or ongoing or discontinued gender affirming therapy Exclusion Criteria: * Unable to give informed consent * Missing commitment or ability to study protocol adherence,,include,Transgender population and GAHT intervention/exposure identified,include,Unverified legacy keyword heuristic: Transgender population and GAHT intervention/exposure identified,legacy_keyword_heuristic_unverified,,
NCT06779331,Phosphate Urine Excretion in Critically Ill Patients,OBSERVATIONAL,ACTIVE_NOT_RECRUITING,Critically Ill Intensive Care Unit Patients,,,Critically ill patients who were admitted to the ICU,"Inclusion Criteria: Adult (\>18) Critically ill patients who are admitted for at least 48 hours in the ICU, who are being ventilated in the first time it's 00:00 during their admission, with a urinary foley catheter. Exclusion Criteria: * Age \< 18 years * Pregnancy. * Recent admission to an ICU (within 30 days) * Chronic kidney disease treated with hemodialysis. * Oral nutrition by the patient at admission time * Existence of another urinary catheter (e.g nephrostomy), or ileal conduit. * Hematuria * RRT treatment within 48 hours of admission",,exclude,Does not explicitly meet both criteria (Trans population + GAHT),exclude,Unverified legacy keyword heuristic: Does not explicitly meet both criteria (Trans population + GAHT),legacy_keyword_heuristic_unverified,,
NCT06807580,Progesterone in Gender Affirming Hormone Therapy Study,INTERVENTIONAL,RECRUITING,Transgender Women,,"DRUG: Placebo — The placebo will be nearly identical in size, color, and shape to micronized progesterone; DRUG: Progesterone — Oral micronized progesterone 200 mg",,"Inclusion Criteria: \- Participants will be transgender women, who have been on gender-affirming hormone therapy for at least 6 months before the start of the study. Exclusion Criteria: * Peanut allergy * Liver disease (liver enzyme elevations and/or evidence of acute or chronic hepatitis). In our lab, the upper limit of normal for aspartate aminotransferase (AST) is 39, and the upper limit of normal for alanine aminotransferase (ALT) is 52. * Stage 4/5 chronic kidney disease * Congestive heart failure * Medical disease or medication use associated with gynecomastia (i.e tumor, hyperthyroidism, chronic kidney disease, cirrhosis, ACE inhibitors, statins, haloperidol, tricyclic antidepressants, atypical antipsychotics) * Pre-existing cardiovascular disease * Prior or current history of thromboembolism, known clotting disorders, current or recent anti-thrombotic therapy for venous thromboembolism. * History of breast cancer * Prior progesterone use * Uncontrolled depression and/or suicidal ideation * Current hypothyroidism (even if controlled with treatment) Progesterone in Gender Affirming Hormone Therapy 9 Version #4, 10/30/24 * Cannabis use of greater than 1 use/week in the past 3 months * Previously identified BRCA 1 or 2 gene mutation or other familial breast cancer. * Abnormal mammogram (if indicated - for patients above the age of 50 and on estrogen for 5 or more years OR positive family history of breast cancer) with results of BIRADS 3 or higher. Subjects with a BIRADS 0 mammogram must have undergone additional imaging demonstrating BIRADS 1 or 2 prior to enrollment. * Have had or are planning to undergo breast enhancement or gender affirming top surgery in the next 6 months * Uncontrolled hypertension, defined as systolic blood pressure ≥ 140 mm Hg and/or diastolic blood pressure ≥ 90 mmHg. * Triglycerides ≥ 500 mg/dL. * In our lab, the upper limit of normal for aspartate aminotransferase (AST) is 39, and the upper limit of normal for alanine aminotransferase (ALT) is 52. * Estimated glomerular filtration rate (eGFR) \< 30 mL/min/1.73m2. * Estradiol levels outside the stable range (100-300 pg/mL) * Heavy smoking, defined as 25+ cigarettes per day * Non-English speaking or those with limited English proficiency",,include,Transgender population and GAHT intervention/exposure identified,include,Unverified legacy keyword heuristic: Transgender population and GAHT intervention/exposure identified,legacy_keyword_heuristic_unverified,,
NCT06816355,Exogenous Sex Hormones and PONV,OBSERVATIONAL,COMPLETED,Postoperative Nausea and Vomiting; Sex Hormone; Transgender,,PROCEDURE: Orchiectomy — CPT:54520; PROCEDURE: Hysterectomy — CPT:1013911; PROCEDURE: Augmentation mammoplasty — CPT:19325,"Patients undergoing orchiectomies, hysterectomies, or augmentation mammoplasties.","Hysterectomy Cohort: Inclusion: \- Patients who underwent hysterectomies. Exclusion: \- Patients who had malignant neoplasm of the uterus, ovarian, cervical, endometrium, or adnexa. Transgender Male Group Inclusion: * administered testosterone within 6 months and 1 day before their hysterectomy * have one of the following diagnoses: personal history of sex reassignment, gender identity disorders, or transsexualism. Cisgender Female Group Inclusion: \- identified as female. Exclusion: * administered testosterone within 6 months and 1 day before their hysterectomy * have one of the following diagnoses: personal history of sex reassignment, gender identity disorders, or transsexualism. Orchiectomy Cohort: Inclusion: \- patients underwent an orchiectomy. Exclusion: \- history of malignant neoplasm of the testis, malignant neoplasm of the prostate, Fournier gangrene, or vascular disorders of male genital organs Transgender Female Group Inclusion: * administered estrogen within 6 months and 1 day before their orchiectomy * have one of the following diagnoses: personal history of sex reassignment, gender identity disorders, or transsexualism. Cisgender Male Group Inclusion: \- identified as male. Exclusion: * administered estrogen within 6 months and 1 day before their orchiectomy * have one of the following diagnoses: personal history of sex reassignment, gender identity disorders, or transsexualism. Augmentation Mammoplasty: Inclusion: \- underwent augmentation mammoplasties. Exclusion: \- Have diagnosis of malignant neoplasm of the breast . Transgender Female Group Inclusion: * administered estrogen within 6 months and 1 day before their augmentation mammoplasty * have one of the following diagnoses: personal history of sex reassignment, gender identity disorder, or transsexualism. Cisgender Female Group Inclusion: \- Identified as female Exclusion: * administered estrogen within 6 months and 1 day before their hysterectomy * have one of the following diagnoses: personal history of sex reassignment, gender identity disorders, or transsexualism.",,include,Transgender population and GAHT intervention/exposure identified,include,Unverified legacy keyword heuristic: Transgender population and GAHT intervention/exposure identified,legacy_keyword_heuristic_unverified,,
NCT06844097,Intervention for Medical Student to Promote Cervical Cancer Screening Among Latinx Transmasculine Individuals,INTERVENTIONAL,NOT_YET_RECRUITING,Clinical Competence; Medical Education; Cervical Cancer Screening,"The team aims to test the effectiveness of an intervention to increase gender-affirming cervical cancer prevention behaviors targeted at medical students studying in Puerto Rico and Florida. The team expects that after exposure to the intervention, relative to the control group, participants in the experimental condition will manifest more favorable changes in knowledge, attitudes, and behaviors of adequate care towards Latinx transmasculine and non-binary people.",BEHAVIORAL: Cervical Cancer Trans Inclusive Education (CC-TRAINED) Module — An online course designed to increase cervical cancer prevention clinical skills among medical students when working with Latinx transmasculine populations.; BEHAVIORAL: Disaster Preparedness Course — An online course designed to improve professionals' skills and competencies for engaging in disaster preparedness.,,Inclusion Criteria: * Medical student currently in third year of medical school training Exclusion Criteria: * Do not speak English,,exclude,Does not explicitly meet both criteria (Trans population + GAHT),exclude,Unverified legacy keyword heuristic: Does not explicitly meet both criteria (Trans population + GAHT),legacy_keyword_heuristic_unverified,,
NCT06854432,Assessment of Biological and Biometrological Parameters in Adult Subjects with Androgenetic Alopecia,INTERVENTIONAL,TERMINATED,"Alopecia, Androgenetic; Healthy",,OTHER: Biometrological measurements — Measurements will be taken from the scalp: on the vertex and occiput areas.; OTHER: Biological sampling — Samples will be taken from the scalp: on the vertex and occiput areas.,,"Selection criteria: Criteria related to the population: * Male * Subject aged between 30 and 50 years included Criteria related to the scalp condition: * Subject with hair length over 3 cm * Subject presenting a negative pull test result Specific for non-AGA group: • Non-alopecic men with full head of hair with uniform scalp coverage (homogeneous hair density on the vertex, occiput, left and right parietal areas) Specific for AGA group: • Androgenetic alopecic men with progressive AGA for more than 5 years: stage between III to IV included according to the Hamilton's classification modified by Norwood Non-selection criteria: Criteria related to the population: * Subject having received on study areas artificial UV exposure, excessive or prolonged exposure to natural sunlight within 2 months before the selection visit * Subjects with frizzy hair Criteria related to diseases: * Subject having neoplastic disease (history of disease or disease on-going) * Subject having severe acute progressive disease (infectious syndromes, inflammatory, COVID-19, acute fever...) occurred within the last 3 months before the selection visit liable to interfere with the study assessments * Subject with iron deficiency on-going, not treated or treated for less than 3 months before the selection visit * Subject having a dermatological condition, an acute, chronic or progressive disease or history of disease liable to interfere with the study data or considered by the investigator hazardous for the subject or incompatible with the study requirements Specific for non-AGA group: * Subject with any type of alopecia * Subject with family history of androgenetic alopecia in the father with stage ≥ III according to the Hamilton's classification modified by Norwood Specific for AGA group: • Subject with non-androgenetic alopecia (Cicatricial alopecia, Alopecia aerata...) Criteria related to procedures, treatments, products and/or hair care routine: * Radiotherapy, chemotherapy * Scalp surgery * Systematic or local androgenetic alopecia treatment or product, taken or applied for more than 4 consecutive weeks during the last 6 months before the selection visit * Any following hair care within the last 3 months before the selection visit: dyeing, bleaching, perm * Systemic or local non-steroidal anti-inflammatory drug taken or applied on the scalp for more than 1 week during the last month (systematic NSAIDs) or 2 weeks (local NSAIDs) before the selection visit Non-inclusion criteria: Criteria related to the population: * Subject having received on study areas artificial UV exposure, excessive or prolonged exposure to natural sunlight between selection and inclusion visit Criteria related to the disease: • Subject with any adverse event occurring between selection and inclusion visit liable to interfere with the study assessments Criteria related to treatments and/or products: • Any procedures, treatments, products and/or hair care taken, applied or performed between selection and inclusion visit liable to interfere with the study assessments",,exclude,Does not explicitly meet both criteria (Trans population + GAHT),exclude,Unverified legacy keyword heuristic: Does not explicitly meet both criteria (Trans population + GAHT),legacy_keyword_heuristic_unverified,,
NCT06854965,Cohort Study on Factors Associated with the Evolution of Quality of Life Among Transgender Individuals in the French Population,OBSERVATIONAL,NOT_YET_RECRUITING,Transgender Persons,,,Transgender Individuals,"Inclusion Criteria: * Person identifying themselves as trans * Person of legal age (≥ 18 years) * Person living in France * Person who has not expressed any opposition after receiving full information about the protocol * Person who understands and speaks French, or who is an allophone speaking English, Spanish or Portuguese Exclusion Criteria: * People who do not understand or speak French, English, Spanish or Portuguese. * Person under guardianship or curatorship, under legal protection or under safeguard of justice * Anyone who has expressed their opposition after receiving full information about the protocol.",,exclude,Does not explicitly meet both criteria (Trans population + GAHT),exclude,Unverified legacy keyword heuristic: Does not explicitly meet both criteria (Trans population + GAHT),legacy_keyword_heuristic_unverified,,
NCT06880705,The Trans-Led Care Study,INTERVENTIONAL,RECRUITING,"Substance Abuse; Substance Addiction; Substance Use Disorder (SUD); Substance Use (Drugs, Alcohol); Human Immunodeficiency Virus (HIV)","This study is testing a new mutual-help group called ""the TLC program"" for transgender adults who use substances or are recently in recovery. The TLC Program is based on Acceptance and Commitment Therapy or ""ACT"" which is a type of mental health counseling that focuses on using mindfulness skills to connect a person to their values and improve their mental health. The TLC Program was developed by transgender and gender diverse community members, mental health providers, and researchers.","BEHAVIORAL: The TLC Program — Participants randomized to the TLC Program will receive TAU plus the telehealth, peer-delivered group intervention. The TLC Program was adapted from Acceptance and Commitment Therapy (ACT) - an acceptance and mindfulness-based third wave cognitive behavioral therapy. The intervention will be delivered in a group format with peer facilitators via telehealth using videoconferencing. The protocol covers all six ACT core concepts (i.e., contact with the present, acceptance, defusion, self-as-context, values, and committed action) with tailored examples and exercises focused on gender affirmation, internalized stigma, and substance use. Additional sessions are included defining stigma, how stigma affects physical and sexual health and engagement with healthcare, and values-driven self-care goals of substance use reduction and healthcare engagement. Sessions are approximately 1.5 hours each and are delivered over 12 weeks.",,"Inclusion Criteria: Eligible transgender adults must: 1. be 18 years of age or older; 2. speak primarily English; 3. live in the U.S.; 4. have a gender identity different from their assumed gender, or sex assigned, at birth; 5. identify as a person of transgender experience; 6. endorse having experienced two or more problem(s) related to alcohol or other drug use within the past 12 months.",,exclude,Does not explicitly meet both criteria (Trans population + GAHT),exclude,Unverified legacy keyword heuristic: Does not explicitly meet both criteria (Trans population + GAHT),legacy_keyword_heuristic_unverified,,
NCT06939257,Pain Outcomes Associated With Exogenous Hormone Therapy in Adults,OBSERVATIONAL,RECRUITING,Pain; Gender Minority Individuals,"TRANSPIRE is an observational study of \~200 individuals who (1) will be initiating gender-affirming hormone therapy (GHT) or (2) are gender minority individuals who do not use GHT. The primary outcome will be to identify how the presence of chronic pain changes overtime with GHT through the use of surveys, quantitative sensory testing (QST), brain MRIs, and qualitative interviews. Following recruitment and consent, participants will complete baseline survey measures and will repeat those measures at 1 months, 3 month, 6 months, and 12 months. QST measures, brain MRIs, and Qualitative Interviews will be offered to participants in cohort (1) and will be completed at baseline and 12 months.",,Gender minority individuals from within the greater Kansas City area,"Inclusion Criteria: * Informed consent provided by the participant * Ages 18-50 years * English speaking * GM persons who have been deemed to be an appropriate medical candidate to take gender-affirming hormone therapy for gender incongruence -OR- GM persons who are not taking gender-affirming hormone therapy Aim 2 (QST and MRI) Additional Inclusion Criteria: * GM persons who have been deemed to be an appropriate medical candidate to take gender- affirming hormone therapy for gender incongruence * Stable doses of analgesic medications for at least 30 days prior to screening * Right handed * Normal visual acuity or correctable to at least 20/40 for reading instructions in the MRI * Willingness to refrain from pain medications such as NSAIDs, acetaminophen, and opioid medications for 12 hours prior to neuroimaging and QST * Willingness to refrain from alcohol and nicotine on day of QST and neuroimaging * Willingness to refrain from physical activity or exercise that would cause muscle and/or joint soreness for 48 hours prior to testing (routine exercise or activity that does not lead to soreness is acceptable) * Investigators will attempt to recruit individuals with no chronic daily use of adjunctive pain medications, including tricyclic antidepressants, serotonin-norepinephrine reuptake inhibitors, and gabapentinoids as these drugs can influence neuroimaging and QST findings, or have individuals be weaned off of these meds at least two weeks prior to being studied. In previous smaller imaging studies investigators could accomplish this, but this may not be possible in this large of a study. If the study team does need to allow individuals into these cohorts while on such medications because of pragmatic issues, this information will be recorded and patients will be asked to remain on a stable dose for at least two weeks prior to MRI and QST assessments. * Able to lie still on their back for 1.5 hours for MRI scans Exclusion Criteria: * Inability to provide informed consent * Age less than 18 years or greater than 50 years * Severe physical impairment (e.g., blindness, deafness, paraplegia) * Co-morbid medical conditions that may significantly impair physical functional status (e.g., history of non-skin malignancy, or autoimmune disorder) * Pregnant or nursing * Liver failure * Self-reported liver cirrhosis * Self-reported hepatitis * Severe Cardiovascular disease (examples: history of myocardial infarction, unstable angina, severe coronary artery disease, congestive heart failure, or severe valvular abnormalities) that are self-reported by patient or by medical record * Prisoner * Current litigation for chronic pain * Current disability proceedings * Active psychotic or suicidal symptoms * Current drug or alcohol use disorder * History of gonadectomy surgery Aim 2 (QST and MRI) Additional Inclusion Criteria: * Contraindications to MRI (e.g., metal implants, pacemaker, etc.) * Severe claustrophobia precluding MRI and evoked pain testing during scanning * BMI \> 40 or unable to lie comfortably in MRI * Current, recent (within the last 6 months), or habitual use of artificial nails or nail enhancements. (Artificial nails can influence pressure pain sensitivity at the thumbnail) * Peripheral neuropathy * Diagnosed epilepsy or seizure history",,include,Transgender population and GAHT intervention/exposure identified,include,Record-level AI review: gender-minority adults initiating GAHT are explicitly compared with gender-minority adults not using GAHT for pain outcomes.,record_level_ai_review_2026-08-16,,
NCT06953908,The Copenhagen Gender Identity Cohort,OBSERVATIONAL,RECRUITING,"Gender Identity; Gender Dysphoria, Adult; Gender Incongruence",,,All participants must be deemed eligible for assessment at The Center for Gender Identity in Copenhagen.,Inclusion Criteria: * All patients referred to The Center for Gender Identity in Copenhagen Exclusion Criteria: * Inability to read and understand Danish,,exclude,Does not explicitly meet both criteria (Trans population + GAHT),exclude,Unverified legacy keyword heuristic: Does not explicitly meet both criteria (Trans population + GAHT),legacy_keyword_heuristic_unverified,,
NCT06969326,Topical Estrogen: Brief Intervention to Improve Postoperative Experience for Transgender Men Undergoing Hysterectomy,INTERVENTIONAL,RECRUITING,Postoperative Bleeding; Gender Dysphoria; Hysterectomy,,"DRUG: Use of topical estradiol — The investigators will conduct a double blinded randomized control pilot trial. Participants will be randomized in 1:1 fashion to either receive no treatment or receive 2g of estradiol cream, placed after clearing the vaginal vault of any blood and discharge, at the conclusion of the surgery.; OTHER: No intervention — This arm will not receive estradiol or other cream",,Inclusion Criteria: 1. Gender diverse/transgender men 2. Age 18 or older 3. Have been on testosterone for at least 6 months with plan to undergo gender-affirming hysterectomy and are willing to be randomized to the use of topical estrogen postoperatively. 4. Have stable physical and mental health 5. No contraindications to estrogen therapy 6. Must be proficient in English or Spanish 7. Must have access to a device to receive text messages for study follow up 8. Must agree to allow their medical data to be used for research purposes Exclusion Criteria: 1. Under age 18 2. Have not been on testosterone for at least 6 months prior to planned hysterectomy 3. Known allergy to topical estrogen,,include,Transgender population and GAHT intervention/exposure identified,exclude,"Record-level AI review: topical estradiol is a postoperative treatment after hysterectomy rather than GAHT, while participants' testosterone use is background eligibility information rather than the study variable.",record_level_ai_review_2026-08-16,,
NCT06987045,Trans and Non-binary Prostate-Specific Antigen Reference Interval Determination Study,OBSERVATIONAL,RECRUITING,Prostate CA,,,Trans and non-binary people with a prostate (TNBPP) who are taking Gender-Affirming Hormone Therapy (GAHT) and/or have had bilateral orchidectomy.,Inclusion Criteria: * • Aged \>40 * Transgender or non-binary (identify with a gender other than the one assigned at birth) * With a prostate * Fulfills at least one of the following 3 criteria with regards to gender-affirming medical care: * Taking oestradiol for at least the last 3 months * Taking anti-androgens for at least the last 3 months * Ever had bilateral orchidectomy * Eligible for National Health Service (NHS) treatment Exclusion Criteria: * • History of prostate cancer (Prostate cancer) at any time * History of prostate surgery at any time * History of prostate radiotherapy at any time * History of benign prostatic hypertrophy (enlarged prostate) at any time * Vaginoplasty within 12 months * Orchidectomy or vulvoplasty within three months * Sexually Transmitted Infection (STI) within 6 weeks of blood sample * Active urinary infection or within 6 weeks of blood sample * Prostatitis within 6 weeks of blood sample * Urological intervention (e.g. prostate biopsy) within 6 weeks of blood sample * Unwilling to give consent * Lacking capacity to give consent * In the secure estate,,include,Transgender population and GAHT intervention/exposure identified,include,Unverified legacy keyword heuristic: Transgender population and GAHT intervention/exposure identified,legacy_keyword_heuristic_unverified,,
NCT07005648,Brazilian Registry of Menopausal Health,OBSERVATIONAL,RECRUITING,Menopause,,,"Cisgender women or transgender men who have not undergone surgical or hormonal reassignment of secondary sexual characteristics, aged between 35 and 65 years, seeking outpatient care in public or private healthcare services.","Inclusion Criteria: 1. Women aged between 35 and 65 years attending medical consultation at public and private outpatient health services; 2. Ability to confirm voluntary participation and sign the Informed Consent Form Exclusion Criteria: 1. Inability to respond to the interview for any reason 2. Suspected or confirmed pregnancy 3. Lactation 4. Uncontrolled diabetes 5. Uncontrolled arterial hypertension 6. Uncontrolled thyroid disorders 7. Grade 3 obesity, defined by a BMI equal to or greater than 40.0 kg/m² 8. Diagnosis of psychiatric disorders that may compromise participation in the interview 9. Previous hysterectomy 10. Previous oophorectomy 11. Current use of illicit drugs",,exclude,Does not explicitly meet both criteria (Trans population + GAHT),exclude,Unverified legacy keyword heuristic: Does not explicitly meet both criteria (Trans population + GAHT),legacy_keyword_heuristic_unverified,,
NCT07017595,Gender-affirming Voice Training With Visual Feedback,INTERVENTIONAL,TERMINATED,Transgender Women; Voice Alteration,"The goal of this clinical trial is to learn if prototype software can be used to train vocal pitch and resonance in trans women. The main questions it aims to answer are: * How regularly would trans women use the prototype voice training software as ""homework"" between human-led voice training sessions? * In such a setting, how usable and motivating would the training software be? Participants will first have their voice measured, then take part in four virtual sessions (one per week) led by a speech-language pathologist. In each session, the clinician will guide the participant through several voice exercises both with and without the software. Participants will be asked to use the software to exercise on their own for about 2x 15 minutes a day between virtual sessions.","BEHAVIORAL: Visual-acoustic biofeedback: experimental — Visual-acoustic biofeedback treatment incorporates elements of traditional voice training, including auditory models, verbal descriptions of articulator placement, and cues for repetitive motor practice using images and diagrams of the vocal tract as visual aids. Our experimental software will provide several options for visualizing the fundamental frequency of the voice (for targets involving vocal pitch) and for visualizing vocal tract resonances. Custom targets for pitch and resonance will be created for each participant based on their baseline voice characteristics and personal voice goals. They will be encouraged to attend to the visual display while adjusting the placement of their articulators and observing how those adjustments influence the proximity of their output to the target.",,"Inclusion Criteria: * At least 18 years old. * Native speaker of American English - must have been exposed to it by the age of 6. * Assigned male at birth, currently identifies as transgender. * Currently interested in gender-affirming voice training. * Has access to a computer and quiet room for performing voice training. * Able to pass a pure-tone hearing screening at 20dB HL. Exclusion Criteria: * Current or previous diagnosed speech, language or hearing problems (besides voice-gender dysphoria). * Neurological disorder or disease (e.g., Parkinson's, tremor) or impacted nerve function to the larynx (e.g., paralysis/paresis of the vocal fold). * Respiratory disease (e.g., asthma). * Nasopharyngeal pathology or anatomical abnormality. * Previous voice feminization surgery. * Engaged in other gender-affirming voice training during period of study participation.",,exclude,Does not explicitly meet both criteria (Trans population + GAHT),exclude,Unverified legacy keyword heuristic: Does not explicitly meet both criteria (Trans population + GAHT),legacy_keyword_heuristic_unverified,,
NCT07075731,Cervical and Endometrial Cancer Screening in Patients Seeking Gender-Affirming Hysterectomy,OBSERVATIONAL,RECRUITING,Cancer Screening; Transgender; Gender Diverse Populations,"This study aims to quantify the rates of cervical cancer screening and endometrial sampling prior to gender-affirming hysterectomy, assess the need for these tests in TGD individuals, and explore patient-centered options for these tests. By assessing the status of testing and correlation with hysterectomy pathology, this study will provide preliminary data on the current state of guideline-concordant care and provide initial evidence for the development of evidence-based guidelines in the future",OTHER: No intervention — Observational study,"Patients who have undergone hysterectomy, or plan to have a hysterectomy. Patients who are transgender and gender diverse","Inclusion Criteria: * 18 years and older * Able to provide voluntary written consent prior to the performance of any research related activity. Patients who can provide informed consent * Able to understand, speak, read, and write in English * Patients who have undergone hysterectomy, or plan to have a hysterectomy * Patients who are transgender and gender diverse"" Exclusion Criteria: * Opted out of research * \<18 years old * Lacks capacity to consent/has diminished capacity to consent * Cannot provide informed consent * Those on the study's community advisory board",,exclude,Does not explicitly meet both criteria (Trans population + GAHT),exclude,Unverified legacy keyword heuristic: Does not explicitly meet both criteria (Trans population + GAHT),legacy_keyword_heuristic_unverified,,
NCT07085715,Pan-Viral Screening and Linkage to Care Among GBMSM and Trans Women in Spain,OBSERVATIONAL,NOT_YET_RECRUITING,HIV; Hepatitis B; Hepatitis C,,"DIAGNOSTIC_TEST: Online self-sampling testing strategy to enhance pan-viral testing (HBV, HCV, HIV) — The TESTATE website (https://testate.org/) will be expanded to include the offer of free HBV/HCV/HIV self-sampling kit. Users will log in and complete a sociodemographic, behavioral and hepB vaccination survey, which will include the HCVMOSAIC questionnaire. Users identified at HCV risk will be sent a DBS collection kit by post to detect HCV RNA, HBsAg and HIV Ab. Participants will self-collect the DBS sample by finger prick at home and send them to the laboratory by post. The results will be delivered online. All participants who return samples will receive an acceptance survey by email. All participants recruited into the study will be provided with online information about the study and given the opportunity to ask questions and clarify queries to the field coordinator by email or phone.","Gay, bisexual, and other men who have sex with men (GBMSM) and transgender women residing in Spain","Inclusion Criteria: * Men self-reporting being gay, bisexual, and other men who have sex with men (GBMSM) or transgender women * 18 years old or older * Residing in Spain * Accepting to participate and signing the informed consent * Including those who are in PrEP or waiting access to PrEP; regardless of their HIV status (HIV-negative or HIV-positive), and considered at risk for HCV acute infection using the MOSAIC validated algorithm (score of 2 or higher). Exclusion Criteria: * \<18 years old * No GBMSM or transgender women * Non-residents in Spain * No signing the informed consent * Not considered at risk for HCV acute infection using the MOSAIC validated algorithm (score lower than 2).",,exclude,Does not explicitly meet both criteria (Trans population + GAHT),exclude,Unverified legacy keyword heuristic: Does not explicitly meet both criteria (Trans population + GAHT),legacy_keyword_heuristic_unverified,,
NCT07092527,"Androgen Effects on the Reproductive Neuroendocrine Axis, 2025 Version",INTERVENTIONAL,RECRUITING,Transgenderism; Reproductive Issues,,DRUG: Testosterone Cypionate 50 milligrams per millileter (mg/mL) Injectable Solution — Participants in the initiating group will receive weekly doses of testosterone for gender-affirming care.,,"Inclusion Criteria: Transgender/Non-binary Group, Initiating Testosterone Group * Provision of signed and dated informed consent form * Stated willingness to comply with all study procedures and availability for the duration of the study * Aged 18-35 * Plan to initiate testosterone therapy * History of regular menstrual cycles (every 24-35 days) at baseline, before beginning TRT Inclusion Criteria: Cisgender Female Group * Provision of signed and dated informed consent form * Stated willingness to comply with all study procedures and availability for the duration of the study * Aged 18-35 * Having regular menstrual cycles (every 24-35 days) Exclusion Criteria: All * Pregnant * Incarcerated * Known cognitive impairment or institutionalized * Hemoglobin less than 11 gm/dl at screening evaluation * Weight less than 110 pounds * BMI \<18 or \>35 * Current endocrine disease- including untreated thyroid abnormalities, pituitary or adrenal disease, polycystic ovary syndrome, or androgen producing tumor * Current or recent pregnancy within two months of study enrollment * Current or recent breast feeding within two months of study enrollment * Diabetes, or renal, liver, or heart disease * History of oophorectomy or hysterectomy * History of radiation or surgery involving brain structures and/or pelvis/pelvic organs * Currently taking any medications that may affect their reproductive hormones, such as contraceptive medications, androgens, estrogens, progestins, gonadotropin-releasing hormone (GnRH) antagonists, insulinomimetics, and metformin. * History of prior testosterone therapy",,include,Transgender population and GAHT intervention/exposure identified,include,Unverified legacy keyword heuristic: Transgender population and GAHT intervention/exposure identified,legacy_keyword_heuristic_unverified,,
NCT07128771,Cardiomodulatory Effects of Gender-Affirming Hormone Therapy,OBSERVATIONAL,ENROLLING_BY_INVITATION,Gender Incongruence; Cardiovascular Disease (CVD) Risk Factors,,,Patients approved for gender-affirming hormone therapy by an endocrinologist at Oslo University Hospital.,"Inclusion Criteria: * Diagnosis of gender-incongruence * Scheduled to initiate gender-affirming hormone therapy at Oslo University Hospital or currently being followed by an endocrinologist for gender-affirming hormone therapy at Oslo University Hospital * Being 16 years or older Exclusion Criteria: \- History of clinically significant cardiovascular disease For the healthy controls, these exclusion criteria also apply: * No daily smokers * No endocrine disorders * No daily medications (except contraception and seasonal medication such as antihistamines)",,include,Transgender population and GAHT intervention/exposure identified,include,Unverified legacy keyword heuristic: Transgender population and GAHT intervention/exposure identified,legacy_keyword_heuristic_unverified,,
NCT07145281,"Comparing the Effects of Sublingual Estradiol Treatment Versus Oral Estradiol With Cyproterone Acetate (CPA) Treatment on The Coagulation System in Transgender Women: A Prospective, Controlled Cohort Study",INTERVENTIONAL,COMPLETED,"Gender Dysphoria, Adult; Blood Coagulation; Coagulation Factors; Transgender Persons, M01.777.500; Hemostasis; Transgender Women",,"DRUG: Estradiol (E2) — Participants receive estradiol 2 mg/day. In the experimental arm, estradiol is administered sublingually in four divided doses (0.5 mg each). In the active comparator arm, estradiol is administered orally, in combination with cyproterone acetate, for 6 months. All participants are treatment-naive.; DRUG: Cyproterone Acetate (Androcur, BAY94-8367) — Participants in the active comparator arm receive cyproterone acetate (CPA) 10 mg orally, once daily, in combination with oral estradiol, for 6 months. All participants are treatment-naive.",,Inclusion Criteria: * Self-identified transgender women * Aged 18 to 45 years * Healthy individuals * Treatment-naïve (not previously exposed to gender-affirming hormone therapy) * Presenting for gender-affirming hormone therapy (GAHT) * Provided written informed consent Exclusion Criteria: * Active smokers * Personal or family history of venous thromboembolism (VTE) or thrombophilia * History of malignancy in the past 5 years * Chronic liver disease * Chronic kidney disease * Hyperlipidemia,,include,Transgender population and GAHT intervention/exposure identified,include,Unverified legacy keyword heuristic: Transgender population and GAHT intervention/exposure identified,legacy_keyword_heuristic_unverified,,
NCT07145827,Effect of Metformin on Endometrial Thickness in Postmenopausal Breast Cancer Patients Receiving Tamoxifen,INTERVENTIONAL,COMPLETED,Breast Cancer; Endometrial Hyperplasia and Endometrial Cancers,,"DRUG: Metfomin — Metformin Tab. 500mg twice daily for 12 months (titrated to tolerance if needed).; DRUG: tamoxifen — Standard prescribed oncological dose.; DRUG: Placebo matching Metformin — An inert, film-coated tablet identical in appearance and packaging to metformin 500 mg (same size, shape, color, coating, weight, and dosing schedule), manufactured without active ingredient using standard excipients (e.g., microcrystalline cellulose, starch/croscarmellose, povidone, magnesium stearate) and identical film coat (e.g., hypromellose, polyethylene glycol, titanium dioxide). Packaged in sealed blisters to minimize odor/taste cues. Dispensed by the investigational pharmacy per randomization; to be taken twice daily""",,Inclusion Criteria: * Postmenopausal Female patients (amenorrhea ≥ 12 months). * Histologically proven (Estrogen-positive) breast cancer. * Completed all required surgery and/or chemotherapy (if indicated) * On adjuvant tamoxifen for at least 1 year. * Accepts to enroll in the study Exclusion Criteria: * Refusing to enroll in the study * Ongoing or History of: endometrial or ovarian malignancy * Concurrent hormonal therapy that might affect endometrial thickness * Concurrent Diabetes mellitus in which metformin is prescribed. * Known hypersensitivity or severe intolerance to metformin,,exclude,Cisgender/unrelated indication,exclude,Unverified legacy keyword heuristic: Cisgender/unrelated indication,legacy_keyword_heuristic_unverified,,
NCT07147166,Evaluating the Efficacy of Force Modulating Tissue Bridge Device in Preventing Hypertrophic Scars Following Gender-Affirming Mastectomy,INTERVENTIONAL,RECRUITING,Gender Dysphoria; Mastectomy; Hypertrophic Scar,"The goal of this randomized, prospective, interventional clinical trial is to evaluate the use of Brijjit® in reducing the incidence of hypertrophic scarring in individuals undergoing gender-affirming bilateral double incision mastectomies at a single-institution, single-surgeon site (Esther A. Kim, MD). Patients will serve as a self-control (one side of the chest receives intervention, the other serves as a control). Primary endpoints include scar appearance and quality. Secondary endpoints include patient perception of the scar using the Patient and Observer Scar Assessment Scale (POSAS). Participants will be taught how to apply Brijjit® at home if any units fall off before 6 weeks postop.","DEVICE: Brijjit® BP100-6 and BP-75 — Brijjit® BP-100 and BP-75 are a non-invasive, flexible devices that acts as a force modulating tissue bridge (FMTB) to aid in wound healing. BP-100 and BP-75 simply refer to different sizes of the Brijjit device.; OTHER: Control: Standard of care and normal wound dressing — The control chest side will receive only standard of care and normal wound dressing.",,"Inclusion Criteria: 1. Age ≥ 19 2. Undergoing double incision gender affirming mastectomy 3. Ability to adhere to Brijjit therapy after surgery 4. Willing to return for follow-up visits and undergo study evaluations Exclusion Criteria: 1. History of keloid formation 2. Radiation therapy history 3. Prior surgeries of the chest or breast 4. History or use following prescription medications: 1) accutane within the past year. 2) chronic systemic steroids 5. Active smoker 6. Disorder known to negatively affect wound healing (autoimmune, connective tissue, uncontrolled diabetes) 7. Any other condition determined by PI to preclude subject from joining study",,include,Transgender population and GAHT intervention/exposure identified,include,Unverified legacy keyword heuristic: Transgender population and GAHT intervention/exposure identified,legacy_keyword_heuristic_unverified,,
NCT07148921,Perception of Pain During Gender Affirming Hormone Therapy,OBSERVATIONAL,RECRUITING,Transgender Persons; Pain Threshold; Perception of Pain; Sex Hormones,,"DIAGNOSTIC_TEST: Quantitative Sensory Testing — Quantitative sensory testing (QST) is a psychophysical test procedure. With the help of calibrated stimuli and subjective sensory information, the functional state of the somatosensory system of a subject or patient is examined with regard to the expression of clinical signs. The test includes: * Cold detection threshold * Warm detection threshold * Paradoxical heat sensation * Cold pain threshold * Heat pain threshold * Mechanical detection threshold * Mechanical pain threshold * Mechanical pain sensitivity * Dynamic mechanical allodynia * Wind-up phenomena * Vibration threshold * Pressure pain threshold; DIAGNOSTIC_TEST: Patient Health Questionnaire 9 — The Patient Health Questionnaire 9 (PHQ-9), a validated and internationally used health questionnaire, will also be completed twice at the first study day before the sex hormone therapy is initiated and during the last study day in month 6. The questionnaire consists of 9 items on the topic of mental well-being.; DIAGNOSTIC_TEST: Hormone concentrations — Blood concentrations of the following laboratory parameters will be determined: * Follicle stimulating hormone (FSH) * Luteotropic hormone (LH) * Prolactin (PRL) * Oestradiol (E2) * Sex hormone-binding globulin (SHBG) * Testosterone","The study population will consist of adult participants, who must meet all of the prespecified inclusion criteria to be eligible for inclusion in the study and must not meet any of the prespecified exclusion criteria.",Inclusion Criteria: * ≥ 18 years of age * Assigned female at birth (AFAB) * Diagnosed gender identity disorder/gender dysphoria and planned therapy with testosterone OR * ≥ 18 years of age * Assigned male at birth (AMAB) * Diagnosed gender identity disorder/ gender dysphoria and planned therapy with estradiol Exclusion Criteria: * Any sex hormone intake during the last 6 months * Acute or chronic pain * Polyneuropathy * Diagnosis of alcohol or drug addiction * BMI under 18 or over 35 * Pregnancy * Breastfeeding * Pharmacological analgesic therapy within the previous 7 days before each examination * History of significant trauma or surgery to the hands with residual neurological deficit or pain.,,include,Transgender population and GAHT intervention/exposure identified,include,Unverified legacy keyword heuristic: Transgender population and GAHT intervention/exposure identified,legacy_keyword_heuristic_unverified,,
NCT07181551,Forward to Quit: A Person-centered Mobile Technology Intervention for Smoking Cessation Among Transgender Adults,INTERVENTIONAL,ACTIVE_NOT_RECRUITING,Smoking Cessation,"This study evaluates the feasibility, acceptability, and preliminary efficacy of ""Forward to Quit"" (F2Q), a person-centered mobile health (mHealth) smoking cessation intervention designed specifically for transgender adults. The intervention was developed in collaboration with transgender individuals and gender-affirming healthcare providers. The study includes usability testing and a remote single-arm pilot trial. Primary outcomes include feasibility and acceptability of both the intervention and remote biochemical verification of smoking cessation. Secondary outcomes include self-reported and biochemically verified smoking cessation, as well as changes in psychosocial factors such as social support and gender affirmation. The goal is to inform a future large-scale trial and address tobacco-related health disparities in transgender populations.",BEHAVIORAL: Forward to Quit (F2Q) — A mobile health (mHealth) smoking cessation intervention designed specifically for transgender adults. Delivered via a secure website accessible by smartphone or tablet.,,"Inclusion Criteria: * Identify with a gender different from sex assigned at birth * 18+ years of age * Report smoking at least 5 cigarettes per day * Have smoked 100+ cigarettes in their lifetime * Own a device that can access the Internet (e.g., tablet, smartphone) * Speak English * Be willing to submit biochemical samples to verify cessation * Be willing to use a website-based intervention to help with quit attempt * Be willing to set a quit date within 1 month of baseline assessment * Be willing to complete 3 months post-baseline and 6 months post-baseline assessments Exclusion Criteria: * Do not meet inclusion criteria * Medical conditions precluding use of the carbon monoxide (CO) monitor or salivary cotinine testing * Current use of pharmacotherapies for nicotine dependence * Enrollment in another tobacco cessation program",,exclude,Does not explicitly meet both criteria (Trans population + GAHT),exclude,Unverified legacy keyword heuristic: Does not explicitly meet both criteria (Trans population + GAHT),legacy_keyword_heuristic_unverified,,
NCT07187947,Cardiovascular Health of Transgender Individuals During the Gender-affirming Pathway,OBSERVATIONAL,RECRUITING,Gender Incongruence; Cardiovascular (CV) Risk; Cardiovascular Disease Risk Factor; Cardiovascular Disease Acute; Cardiovascular Health Status; Cardiovascular Disease (CVD); Cardiovascular Disease Prevention,,"DRUG: Feminizing GAHT — Before gender-affirming surgery, the regimen consists of an antiandrogen (cyproterone acetate or leuprorelin or triptorelin) plus estradiol (estradiol or estradiol valerate), whereas after an oophorectomy, estradiol/estradiol valerate can be administered alone.; DRUG: Masculinizing GAHT — Before and after gender-affirming surgery, the regimen consists of the administration of testosterone or its esters (testosterone undecanoate, testosterone enanthate)","Transgender AFAB and AMAB individuals diagnosed with gender incongruence who received medical therapy between January 2000 and December 2027 at the Gynecology and Reproductive Physiology Unit of the IRCCS AOU Bologna, Sant'Orsola University Hospital.",Inclusion Criteria: * Diagnosis of gender incongruence * Age 18 years or older at the start of therapy * Undergoing gender-affirming (replacement or suppressive) hormone therapy with testosterone or with estradiol plus anti-androgens for at least 12 months * Provision of informed consent for study participation and for the processing of personal and sensitive data Exclusion Criteria: * Any hormone therapy received before recruitment * History of cardiovascular events prior to the initiation of hormone therapy,,include,Transgender population and GAHT intervention/exposure identified,include,Unverified legacy keyword heuristic: Transgender population and GAHT intervention/exposure identified,legacy_keyword_heuristic_unverified,,
NCT07194226,Attitudes and Decision Regret Regarding Fertility Preservation in Transgender Individuals,OBSERVATIONAL,COMPLETED,Fertility Preservation in Transgender Persons,"The goal of this observational survey is to learn how transgender adults think and feel about saving their fertility before gender-affirming treatment. We will ask at least 300 participants in Emilia-Romagna to answer an anonymous online questionnaire. The main questions are: * Why did people choose or decline fertility preservation? * How much regret do they feel about their decision? * What counseling or support did they receive, and was it helpful? * What personal or financial factors influenced their choice? This study will help doctors and counselors improve fertility-preservation advice for transgender adults in Italy.",OTHER: No intervention (observational study) — This is an observational survey; participants complete an anonymous questionnaire and no medical or behavioral intervention is applied.,"The study population consists of adult transgender individuals followed in routine clinical practice at the Unit of Gynecology and Human Reproduction Pathophysiology, IRCCS AOU Bologna, and the general transgender population of the Emilia-Romagna region reached via questionnaire distribution in the atria of UNIBO departmental buildings and through social-media networks.",Inclusion Criteria: * Self-identified as transgender * Age ≥ 18 years. Exclusion Criteria: * None,,exclude,Does not explicitly meet both criteria (Trans population + GAHT),exclude,Unverified legacy keyword heuristic: Does not explicitly meet both criteria (Trans population + GAHT),legacy_keyword_heuristic_unverified,,
NCT07252687,The Effect of Gender-affirmative Measures on Breast Perception in Trans Men,OBSERVATIONAL,RECRUITING,Transgender; Gender Dysphoria in Adolescents and Adults,,"OTHER: quality of life questionnaire- iTransQoL, chest dysphoria measure — Before starting treatment, participants should complete the Chest Dysphoria Measure and iTransQoL questionnaires (=time point 0). The second time point for completing the questionnaires again is 3 months after starting hormone therapy. Subsequently, the questionnaires should be completed a third time after breast-affirming surgery. The final survey takes place two years after time point 0, or 6 months after the previous survey.",Referral to the medical University of Innsbruck Hospital or a cooperating center,Inclusion Criteria: * AFAB (Assigned Female At Birth) * before starting GAHT * before mastectomy Exclusion Criteria: * Ongoing GAHT * Mastectomy already performed * Lack of capacity to give consent * Insufficient knowledge of German,,include,Transgender population and GAHT intervention/exposure identified,include,Unverified legacy keyword heuristic: Transgender population and GAHT intervention/exposure identified,legacy_keyword_heuristic_unverified,,
NCT07286123,Gender Affirming Vaginoplasty With Tubularized Augmented Peritoneal Cap (TAPCap) Utilizing Fish Skin Xenograft (Kerecis™),OBSERVATIONAL,RECRUITING,"Gender Dysphoria, Adult","Bottom gender affirming surgery is one of the key steps towards aligning the physical appearance and gender identity in transgender women. This surgery not only helps in reducing gender dysphoria but also significantly improves the quality of life and psychological well-being of the patients. The basic steps of bottom surgery typically involve the creation of a vagina using the skin from genital organs like the testes and penis, construction of the clitoris and labia. This complex surgery aims to create a functional and aesthetically pleasing vaginal canal that allows for sexual activity, urinary function, and a natural appearance. As part of routine care, a special graft (skin-like material) called Kerecis™ is used to line the middle part of the vagina. It is made from North Atlantic cod skin that is treated in the laboratory and made suitable for surgery purposes. It can be used instead of skin. This graft has been given permission by the Food and Drug Administration (FDA) for marketing the US. This study aims to identify changes in healing parameters following Kerecis™ based vaginoplasty. Up to 20 participants for this study. Participants will be asked to fill out study questionnaires during follow-up visits at post-op week 2, week 12, month , and year 1. At the 6 month post-op follow up, punch biopsies will be obtained from the deepest part, middle part, and the vaginal part most near to the vaginal opening parts to check the healing process using a microscope. The punch biopsies will be 1/8th inch x 1/8th inch each.","PROCEDURE: Tubularized augmented peritoneal cap vaginoplasty — In this surgery, the distal portion of the neovagina is constructed using inverted penile skin, the proximal portion is made of peritoneal tissue. The area in between peritoneal tissue and penile skin is lined with the Kerecis graft in this standard of care surgery.; PROCEDURE: Biopsy — Biopsies will be obtained at 6 months post-op from the distal, middle, and proximal portions of the neovagina.",Individuals requiring graft-based vaginoplasty,Inclusion Criteria: * Age 19-99 * Transgender women planning for gender affirming robotic vaginoplasty with TAPCap technique Exclusion Criteria: * Patients requiring Kerecis for Revision Vaginoplasty * Surgery candidates having Zero depth vaginoplaty (ZDV) * Non-Gender Affirming Vaginoplasty * Cases requiring the utilization of off-the-shelf grafts other than Kerecis * Allergy to fish products * Allergy to local anesthetic (1% lidocaine with epinephrine injection),,exclude,Does not explicitly meet both criteria (Trans population + GAHT),exclude,Unverified legacy keyword heuristic: Does not explicitly meet both criteria (Trans population + GAHT),legacy_keyword_heuristic_unverified,,
NCT07324967,A Standardized Counseling Approach to Preoperative Education in Transmasculine Individuals Receiving Gender-affirming Surgery,INTERVENTIONAL,RECRUITING,Hysterectomy; Gender Affirming Surgery,The intervention will be an educational handout provided to a randomized cohort of patients that reviews the benefits and risks of retaining ovaries vs removing them. This educational handout will be provided prior to the surgical consultation at the time of the initial survey.,OTHER: Educational Handout — educational handout provided to a randomized cohort of patients that reviews the benefits and risks of retaining ovaries vs removing them. This educational handout will be provided prior to the surgical consultation at the time of the initial survey.,,Inclusion Criteria: * Any transgender or non-binary individual * Age 18-65 * Assigned female at birth who desires a gender-affirming hysterectomy with or without oophorectomy * English-speaking Exclusion Criteria: * Non-transgender individuals * Any transgender individual who has already had a bilateral oophorectomy * Any transgender person who was born without ovaries or a uterus * Non-English speaking,,exclude,Does not explicitly meet both criteria (Trans population + GAHT),exclude,Unverified legacy keyword heuristic: Does not explicitly meet both criteria (Trans population + GAHT),legacy_keyword_heuristic_unverified,,
NCT07334951,Effect of Tvns in Obesity,INTERVENTIONAL,ACTIVE_NOT_RECRUITING,"Obesity and Diabetes Mellitus, Type 2",,DEVICE: Trans vagus nerve stimulation electrical device. — Tvns located at auricular concha area For 45min three times per week for 3 months.,,"Inclusion Criteria:40\_50years Both sexes , BMI more than or equal 30 kg/m2 FBG less than 7 mmol/l 2hpp between 7.8 and 11.1mmol/l at the time of enrollment . HOMA-IR \>2.9 All are sedentary level activities. Exclusion Criteria:Diagnostic type 1and 2 DM Cardiovascular disease, stroke, uncontrolled hypertension Use psychoactive drugs, antiepliptic drugs, antidepressants. Present of metal implants, pace maker or cochlear implants. History of epilepsy or seizours . Pregnancy or breast feeding. Dermatologist condition near stimulating site. Major psychiatric disorders. \-",,exclude,Does not explicitly meet both criteria (Trans population + GAHT),exclude,Unverified legacy keyword heuristic: Does not explicitly meet both criteria (Trans population + GAHT),legacy_keyword_heuristic_unverified,,
NCT07358897,Gender Affirming Hormone Therapy and Immune Function in Trans Individuals - The GIFT Study,OBSERVATIONAL,NOT_YET_RECRUITING,Transgender,,,Adults between 18 and 50 years of age with diagnosed gender dysphoria about to start gender-affirming hormone therapy with either oestrogen or testosterone.,"Inclusion Criteria: * Adults between 18 and 50 years of age with diagnosed gender dysphoria about to start gender-affirming hormone therapy with either oestrogen or testosterone. Exclusion Criteria: * Lack of capacity to consent. * Abnormalities in expected pubertal development and pharmacological interventions that could affect levels of gonadal steroids including suspected or confirmed self-treatment with steroid hormone preparations in preceding month (birth control excluded). * Serious immunological disease (immune deficiency, autoimmune disease requiring immunomodulatory treatment). * Regular immunomodulatory treatment such as prednisolone or biological drugs. * In the case of vaccination or symptomatic infection ≤5 days before the visit blood sampling should be postponed by 1 week. * Age \<18 years or \>50 years * Completed menopause (persons assigned female sex at birth). * Positivity for blood borne viruses (HIV, Hepatitis B, Hepatitis C, HTLV-1)",,include,Transgender population and GAHT intervention/exposure identified,include,Unverified legacy keyword heuristic: Transgender population and GAHT intervention/exposure identified,legacy_keyword_heuristic_unverified,,
NCT07394400,"Effects of Gender-Affirming Hormone Therapy on Cardiovascular, Metabolic, and Mental Health Outcomes in Transgender Adults.",OBSERVATIONAL,NOT_YET_RECRUITING,Transgender Individuals,,,"Transgender individuals referred to a Gender Identity Unit who are requesting Gender Affirmation Hormone Therapy for the first time. It will consist of three visits: at the start, and after 6 and 12 months of treatment.","Inclusion Criteria: * Trans men and trans women over the age of 16 Exclusion Criteria: * systemic inflammatory diseases * uncontrolled infections * severe autoimmune diseases intersex biological conditions (resistance, severe sexual development or chromosomal abnormalities, congenital adrenal hyperplasia) * treatment with metformin, statins or oral contraceptives in the previous 6 months * serious life-threatening diseases * diseases that compromise follow-up * BMI higher than 35",,include,Transgender population and GAHT intervention/exposure identified,include,Unverified legacy keyword heuristic: Transgender population and GAHT intervention/exposure identified,legacy_keyword_heuristic_unverified,,
NCT07400419,Effects of Resistance Exercise Among TGD Individuals Initiating Estrogen-Based Gender-Affirming Hormone Therapy,INTERVENTIONAL,RECRUITING,Muscle Mass and Strength,,"BEHAVIORAL: Resistance Exercise Program — Participants will initiate this program at the time that they start their gender-affirming hormone therapy and will be instructed to complete resistance exercises for three 60-minute sessions per week for 12 weeks. Participants will have a weekly video call to demonstrate the exercises for that week, have a supervised training session to ensure exercises are performed safely and as instructed, monitor their continued participation in the exercise intervention, and answer any questions or issues that arise as part of the program. Further, participants will be provided with resistance bands, a TRX suspension trainer, and dumbbell weights in order to complete the resistance exercises for the program. Examples of how each exercise can be modified depending on a participant's limitations will also be provided as needed. The study team will ascertain whether they can progress to the next week's exercises depending on their ability to achieve the number of repetition's of the prior week.; BEHAVIORAL: Nutrition and Exercise Counseling — Participants will undergo lifestyle counseling related to optimization of their nutrition and exercise regimen.",,"Inclusion Criteria: * ≥ 18 years * Initiating GAHT with estradiol (oral, sublingual, patch, injection) AND androgen suppression (leuprolide, spironolactone or bicalutamide) * Identifies as either a transgender female/woman, gender-diverse, non-binary, gender non-confirming, gender-fluid, and/or gender-queer * Assigned male sex at birth Exclusion Criteria: * Current condition(s) which may preclude the ability to participate in a resistance exercise program (including but not limited to conditions which may significantly impair mobility and balance) * Current condition(s) where resistance exercise program may be contraindicated (including but not limited to decompensated heart failure, unstable ischemic heart disease, pulmonary hypertension, aortic aneurysm, moderate to severe valvopathies, and/or moderate to severe chronic respiratory insufficiency) * Use of testosterone therapy for \> 1 month in the last 6 months * Use of gender-affirming hormone therapy with androgen/testosterone suppression and/or estradiol therapy within 1 year of enrollment * Use of gender-affirming hormone therapy with androgen/testosterone suppression and/or estradiol therapy for \> 1 year at any time period prior to enrollment * History of an orchiectomy * Current resistance exercise (including but not limited to use of resistance bands, suspension equipment, body weight exercise, free weight exercise) of 60 minutes or greater per week * Enrollment in another study that the study investigators deem as potentially interfering with study participants or study endpoints",,include,Transgender population and GAHT intervention/exposure identified,include,Unverified legacy keyword heuristic: Transgender population and GAHT intervention/exposure identified,legacy_keyword_heuristic_unverified,,
NCT07412509,"Can 3D Modeling Enhance Patient Understanding, Education, and Surgical Outcomes in Gender Affirming Peritoneal Vaginoplasty?",OBSERVATIONAL,NOT_YET_RECRUITING,"Vaginoplasty; Gender Dysphoria, Adult","The project aims to address both clinical and relational gaps in transgender surgical care by improving understanding, communication, and outcomes through this novel integration of personalized 3D technology. The hypothesis is that using 3D models of patient specific anatomy will enhance patient understanding and education into how peritoneal vaginoplasty is done, while also improving surgical planning and therefore outcomes by decreasing OR time and reducing complication rates. The investigators seek to foster stronger physician-patient relationships by improving communication and shared decision-making, ultimately helping transgender patients feel more empowered, engaged, and willing to seek care in the future.","OTHER: Use 3D printed patient specific models for patient education — To use 3D printing to generate patient-specific models of abdominal and pelvic anatomy to educate patients about the procedure, including risks, benefits, and potential complications.","Subjects will be selected based on their attendance to Trans CARE clinic at the University of Chicago, a diagnosis of gender dysphoria, and desire to undergo gender affirming vaginoplasty","Inclusion Criteria: Assigned Male at birth (AMAB) subjects ≥ 18 years old who have been evaluated through the Trans CARE Clinic for gender affirmation at the University of Chicago * Have a diagnosis of gender dysphoria * Seeking Vaginoplasty * Able to provide electronic informed consent in English Exclusion Criteria: * Vulnerable subjects (children, prisoners, pregnant women) will be excluded Participants may withdraw from this study for any reason at any point by actively asking a research team member. All investigations and standard clinical care will be performed at the main campus of The University of Chicago Medicine at 5841 S. Maryland Ave. in Chicago, IL.",,exclude,Does not explicitly meet both criteria (Trans population + GAHT),exclude,Unverified legacy keyword heuristic: Does not explicitly meet both criteria (Trans population + GAHT),legacy_keyword_heuristic_unverified,,
NCT07417787,Point of Care Tests in the Management of Very Early Medical Abortion,OBSERVATIONAL,RECRUITING,Abortion Early,,"DIAGNOSTIC_TEST: Blood test — Patients will undergo one additional blood test than is usual with standard care, to measure Human Chorionic Gonadotropin (HCG) level which will be analysed on a point of care test machine and in the lab; OTHER: Participant Questionnaire — The investigators will administer participant questionnaires to both staff and patients to understand opinions on the point of care test machine",Those having an abortion who meet the currently accepted clinical criteria for very early medical abortions.,"Inclusion Criteria: * Positive pregnancy test * Less than six weeks gestation based upon Last Menstrual Period (LMP) * No evidence of definite intrauterine pregnancy on ultrasound * No signs or symptoms or significant risk factors for ectopic * Wish to proceed to VEMA (Very Early Medical Abortion) * Available for usual clinical follow up * Willing to attend for serum Human Chorionic Gonadotropin (HCG) on two occasions Day 2-4 and Day 7 post mifepristone * Written informed consent Exclusion Criteria: * Pain and/or bleeding * Significant risk factors for ectopic (previous ectopic, sterilisation, tubal disease, intrauterine device in situ) * Suspicious features for ectopic on ultrasound (adnexal mass, moderate free fluid) * Unable to provide blood sample * Lack of Capacity to consent",,exclude,Does not explicitly meet both criteria (Trans population + GAHT),exclude,Unverified legacy keyword heuristic: Does not explicitly meet both criteria (Trans population + GAHT),legacy_keyword_heuristic_unverified,,
NCT07448272,Letrozole 5 mg for 10 Days Versus Letrozole 10 mg for 5 Days for Ovarian Stimulation in PCOS,INTERVENTIONAL,ACTIVE_NOT_RECRUITING,PCOS (Polycystic Ovary Syndrome),,DRUG: Tab letrozole 5mg for 10 days — Tab letrozole 5mg for 10 days from day 2-3 ofenstruation/withdrawal bleeding (5mg at bed time for 10 days) for three months.; DRUG: Tabletrozole 10mg for 5 days — Tabletrozole 10mg for 5 days from day 2-3 of enstruation/withdrawal bleeding (10mg in divided dose-5mg in morning \& 5mg at bed time for 5 days) for three months,,"Inclusion Criteria: * Diagnosed cases of PCOS women according to Rotterdam criteria. * Age: 18-35 years old. * Primary or secondary infertility Exclusion Criteria: * Women withother causes of anovulation (AsCushing syndrome, late onset congenital adrenal hyperplasia, uncorrected hypothyroidism, uncorrected hyperprolactinemia). * Women with other infertility factors like tubal and uterine causes of infertility, endometriosis, undiagnosed per vaginal bleeding (From history and examination). * History of hypersensitivity to letrozole. * BMI:\< 18.5 kg/m2 and ≥30 kg/m2. * Male factor infertility. * Medical disease (uncontrolled HTN, uncontrolledDM, uncontrolledLiver disease, kidney disease).",,exclude,Cisgender/unrelated indication,exclude,Unverified legacy keyword heuristic: Cisgender/unrelated indication,legacy_keyword_heuristic_unverified,,
NCT07480590,"GLOW: Gender-Affirming Care and Mental Health: A Longitudinal Study On Quality of Life, Work Life, and Healthcare Outcomes",OBSERVATIONAL,RECRUITING,"Gender Dysphoria, Adult","Gender-Affirming Care and Mental Health (GLOW) investigates the psychological, medical, and social factors that influence the outcomes of gender-affirming care, as well as its impact on mental health, work capacity, and quality of life. Gender dysphoria is defined as the incongruence of a person's experienced gender and sex assigned at birth. In Sweden, the prevalence of gender dysphoria has increased significantly in recent decades. Still there is no consensus on the long-term outcomes ofgender-affirming care. 1. What are the baseline characteristics in individuals seeking gender-affirming care and do any of these predict outcomes of gender-affirmative care?2. Do individuals with gender dysphoria experience improved or reduced quality of life, gender congruence, or functional capacity after gender-affirming care?3. Does gender-affirming care reduce or increase psychiatric symptoms and self-concept clarity?4. What are the effects of gender-affirming care on mortality, work capacity, and healthcare resource utilization as compared to an age and gender matched control group?Data and MethodGLOW targets patients at the Gender Dysphoria Clinic, Region Skåne a National Highly Specialized Care unit (NHV). Mixed methods will be used to analyze data from national registries and self-reported assessments.The NHV status ensures standardized high-quality data collection and clinical follow-up, making this project a unique opportunity to evaluate the care given to individuals with gender dysphoria.Societal Relevance and Utility The growing demand for gender-affirming care underscores the need for research to identify the most effective interventions. The results may also help reduce stigma and improve social integration for individuals with genderdysphoria.GLOW is a longitudinal mixed-methods study based at the NHV Gender Dysphoria Clinic in Region Skåne. It includes registry-based, qualitative interviews and repeated self-report measures up to 5 years after baseline assessment. Quantitative analyses will include regression models and Bayesian methods.",,"Participant recruitment will take place at the NHV Gender Dysphoria Clinic in Malmö, Region Skåne, which is one of Sweden's national centers for the diagnosis and treatment of gender dysphoria.",Inclusion Criteria: * All adults (18+) referred to the NHV clinic for gender dysphoria assessment in Region Skåne. Exclusion Criteria: * Inability to read/write Swedish * Protected identity status,,exclude,Does not explicitly meet both criteria (Trans population + GAHT),exclude,Unverified legacy keyword heuristic: Does not explicitly meet both criteria (Trans population + GAHT),legacy_keyword_heuristic_unverified,,
NCT07481942,Body Composition Assessment in Transgender Population.,OBSERVATIONAL,COMPLETED,Transgender,,"DRUG: gender affirming hormone therapy — Participants will be treated with testosterone according to the World Professional Association for Transgender Health (WPATH) guidelines. Pharmaceutical presentation of testosterone will be consensually chosen by participants together with their endocrinologists. This include 1,000 mg of intramuscularly administered testosterone undecanoate every 6 weeks after initiation of GAHT and then every 12 weeks (and, in case of testosterone undecanoate stock-out, with 200-250 mg of intramuscularly administered testosterone cypionate), or 50 mg/day of transdermic testosterone gel (Tgel), according to European guidelines. For adolescents, GAHT may be combined with puberty suppression using gonadotropin-releasing hormone agonist (GnRHa), when indicated, and these agents will be continued in adults if menses persisted despite testosterone escalation.","Participants were recruited from the Gender Identity Unit of the Department of Endocrinology and Nutrition at University Hospital Doctor Peset (Valencia, Spain). All individuals underwent psychological evaluation by an experienced sexologist, who confirmed gender dysphoria according to DSM-V criteria, and prior to inclusion had been approved for gender-affirming medical intervention.","Inclusion Criteria: * Transgender men with confirmed gender dysphoria according to DSM-V criteria by an experienced sexologist. * Testosterone-naïve status * ≥14 years * Absence of prior or planned mastectomy or genital surgery during the study period Exclusion Criteria: * Diagnosed eating disorders, severe illness, neuromuscular or malignant disease, cardiovascular disease, and/or diabetes mellitus * Conditions contraindicating bioelectrical impedance analysis (pregnancy, lactation, or pacemaker) * Started GAHT prior to inclusion.",,include,Transgender population and GAHT intervention/exposure identified,include,Unverified legacy keyword heuristic: Transgender population and GAHT intervention/exposure identified,legacy_keyword_heuristic_unverified,,
NCT07509827,Evaluation of mHealth Intervention to Promote HIV Prevention and Overcome Stigma Among Transgender Women (EMPOW.HER),INTERVENTIONAL,RECRUITING,HIV Prevention; HIV Related Stigma; PrEP Adherence,,BEHAVIORAL: Mobile Healthy Choices (mHC)+SPC — Intervention: * Behavioral: Mobile Healthy Choices (mHC) * Behavioral: Standard PrEP Counseling (SPC); BEHAVIORAL: FRESH + SPC — Intervention: * Behavioral: FRESH (Finding Respect and Ending Stigma around HIV) * Behavioral: Standard PrEP Counseling (SPC); BEHAVIORAL: mHC + FRESH + SPC — Intervention: * Behavioral: Mobile Healthy Choices (mHC) * Behavioral: FRESH * Behavioral: Standard PrEP Counseling (SPC),,Inclusion Criteria: * Age 18-29 years * Male sex at birth * Self-identify as transgender woman/female spectrum * HIV-negative (laboratory confirmed) * Recent condomless sex * Able to understand Thai * Not on PrEP or poorly adherent (≤3 pills/week) Exclusion Criteria: * Serious cognitive or psychiatric condition affecting consent * Active suicidal ideation or major mental illness * Medical contraindications to PrEP * Enrolled in another HIV intervention study,,exclude,Does not explicitly meet both criteria (Trans population + GAHT),exclude,Unverified legacy keyword heuristic: Does not explicitly meet both criteria (Trans population + GAHT),legacy_keyword_heuristic_unverified,,
NCT07512856,The Implementation of a Trans-tailored Harm Reduction Service for Transgender Persons in Relation to chemsEX and Substance Use (iT-REX),INTERVENTIONAL,RECRUITING,HIV Prevention; Substance Use; Mental Health Disorders; Sexually Transmitted Infections (STIs); Chemsex,"This study evaluates a comprehensive transgender-tailored harm reduction service for transgender women, transgender men, and non-binary individuals engaging in chemsex or substance use in Thailand, focusing on PrEP uptake, HIV/STI outcomes, mental health, and socio-legal impacts.","BEHAVIORAL: Transgender-tailored Harm Reduction Service — A comprehensive, multi-component harm reduction service tailored for transgender individuals engaging in chemsex, substance use, implemented at Tangerine Clinic. The intervention includes: 1. Substance Use Harm Reduction * Drug-specific literacy, safer use education * Counseling on overdose prevention and safer consumption * Provision of harm reduction kits 2. Sexual Health Services * HIV testing * STI screening and treatment (CT/NG, syphilis, HBV, HCV) * Provision of PrEP including: * Daily oral PrEP * Event-driven PrEP 3. Mental Health Services * Screening using: * Electronic Mental Wellness Tool * Community Mental Wellness Tool * Referral to psychiatric care when indicated 4. Socio-legal Support * Counseling on stigma, discrimination, and legal issues * Support for gender-affirming care access",,"Inclusion Criteria: * Self-identified transgender women, transgender men, or non-binary persons * Age ≥18 years * HIV-negative * Engaged in chemsex or substance use within past 12 months * Able to provide informed consent Exclusion Criteria: • Inability to communicate in Thai sufficiently to complete study procedures",,exclude,Does not explicitly meet both criteria (Trans population + GAHT),exclude,Unverified legacy keyword heuristic: Does not explicitly meet both criteria (Trans population + GAHT),legacy_keyword_heuristic_unverified,,
NCT07516691,Evaluation of a New Strategy to Approach the Transgender Sex Worker Populations and Their Clients for Access to a Preventive Sexual Health System Through the ORTIF Digital Teleconsultation Solution,OBSERVATIONAL,NOT_YET_RECRUITING,HIV,,,"Population of the ""escort clients"" dating strategy: Dating site users (trans sex workers and their clients) Population of the RDS strategy (Respondent Driven Sampling) : Seeds: trans SW on sex work followed-up in health programs of Bichat Acceptess- T. Seeds with regular follow-up and regular clients will be preferred. Fruits: clients invited by trans sex workers to participate to E-PrevenT programs","Inclusion Criteria: 'For population of E-prevent telemedicine service users : * Individuals aged ≥18 years * Registered on a trans escort-client dating website or having sexual relations with trans individuals in exchange for money * Agreeing to complete at least one teleconsultation through the E-PrevenT program * Agreeing to provide a phone number and an email address for the teleconsultation * No verbal objection to participating in the study For population of trans individuals invited to collaborate in the study (seeds of the RDS strategy): * Trans or non-binary individuals aged ≥18 years * Engaged in sexual activity in exchange for money (sex work) * Commitment to complete sexual health training sessions (twice per year) * No verbal objection to participating in the study Exclusion Criteria: * Person under guardianship, curatorship or other French legal protections schemes",,exclude,Does not explicitly meet both criteria (Trans population + GAHT),exclude,Unverified legacy keyword heuristic: Does not explicitly meet both criteria (Trans population + GAHT),legacy_keyword_heuristic_unverified,,
NCT07542964,Transgender Analysis of Nephrological Studies Focused on Renal Metrics,OBSERVATIONAL,NOT_YET_RECRUITING,Kidney Disease; Kidney Injury; Transgender Individuals,,"DIAGNOSTIC_TEST: P-aminohippurate clearance study — To measure effective renal plasma flow (ERPF), small doses of a substance called p-aminohippurate will be used; DIAGNOSTIC_TEST: Iohexol infusion — To measure glomerular filtration rate (GFR) iohexol clearance will be performed; DIAGNOSTIC_TEST: Hyperinsulinemic clamp — Glucose/insulin infusion to measure insulin sensitivity","The source population consists of adult patients with gender dysphoria, who are scheduled to start with GAHT in the Amsterdam University Medical Centre (AUMC) in Amsterdam. A total of 60 transgender individuals (30 transgender women, 30 transgender men) will be selected from this outpatient clinic.","Inclusion Criteria: * Diagnosed with gender dysphoria according to DSM-V * Expected to start gender-affirming hormone treatment in the upcoming month Exclusion Criteria: * Current or prior use of gender-affirming hormone therapy * Participation in other studies * Concomitant use of medication (specifically: antihypertensive agents, products, antidepressants, antipsychotic agents) * Known kidney disease (eGFR \< 60 ml/min; UACR \> 2.5 mg/mmol) * Diabetes mellitus * A history of cardiovascular disease (myocardial infarction; cardiac surgery or revascularization, unstable angina, heart failure, transient ischemic attack, cerebrovascular disease, or a previously undiagnosed arrhythmia) * Known iodine-related allergies * Metal in the body (such as pacemaker, ICD, neurostimulator, cochlear implant, or other metal) * Pregnancy * Claustrophobia",,include,Transgender population and GAHT intervention/exposure identified,include,Unverified legacy keyword heuristic: Transgender population and GAHT intervention/exposure identified,legacy_keyword_heuristic_unverified,,
NCT07624747,Brain Health in Transgender Adults,OBSERVATIONAL,RECRUITING,Gender Dysphoria,,"DEVICE: Magnetic Resonance Imaging — Two MRI visits (baseline and after 4-6 months of continuous GAHT) will involve structural scans of the brain, scans while performing cognitive tasks, and a scan taken while responding to an inhaled CO2 stressor. This visit will take approximately 1.5 hours.; OTHER: Cognition and Health Tests — Two cognition and health test trials (baseline and after 4-6 months of continuous GAHT) will involve a body composition scan to determine body fat percentage, muscle mass, and bone density. This will be followed by a set of cognitive tasks using the NIH Toolbox.; OTHER: Optional Exercise Test — Optional graded exercise test will be performed if the participant consents to this optional procedure (baseline and after 4-6months of continuous GAHT). to determine cardiorespiratory fitness. This test will be performed on a cycle ergometer, with a metabolic allowing for the measurement of maximal oxygen consumption via indirect calorimetry.",Adults (18-45 years) undergoing gender affirming hormone therapy with their clinical health care team.,"Inclusion Criteria: * intention to undergo GAHT Exclusion Criteria: * BMI greater than 40 kg/m2 * Age greater than 45 yrs * Blood pressure greater than 140/90 (stage II hypertension) * A current diagnosis of type II diabetes * History of traumatic brain injury/concussion, stroke, or seizures * Are post-menopausal * Previously taken hormone therapy medications * Self-reported pregnancy (no pregnancy test)",,include,Transgender population and GAHT intervention/exposure identified,include,Unverified legacy keyword heuristic: Transgender population and GAHT intervention/exposure identified,legacy_keyword_heuristic_unverified,,
NCT07661823,"QAIAx (AIhealth4U) - AI Public Health Central: Microcity-A (re Quantum AI Agency Aka AI City Hall Project, UPSTO App Nos. 64/074,526, 64/063,557, 63/903,181, 63/729,428",INTERVENTIONAL,NOT_YET_RECRUITING,"Asperger's Disorder; Asperger Disorder; Autism Disorder; Autism; ADHD - Attention Deficit Disorder With Hyperactivity; ADHD; ASD; Alcohol Abuse/Dependence; Alcohol Addiction; Alcohol and Other Drug Use Disorders; Alcohol and Other Substance Use Prevention; Gambling Addiction; Gambling Disorder; Sex Abuse; Sex Behavior; Sex Crimes; Sex Disorder; Sex Disorders; Gender Dysphoria, Adult; Eating Behavior Disorders; Narcotic-Related Disorders; Narcotic Addiction; Narcissism; Psychiatric Disorder; Psychedelic Effects in Healthy Volunteers; Psychedelic Experiences; Psychedelic Drug Dependence; Marijuana Use Disorder; Marijuana Abuse and Dependence; Smoking (Tobacco) Addiction; Smoking Among Youth; Smoking Abstinence; Abstinence, Sex; Opiate Substitution Treatment; Opioid Abuse (Disorder); Opioid Abuse and Addiction; Cocaine Abuse; MDMA ('Ecstasy'); Addiction Disorders; Homeless and Low Incomes People, Refugees; Homelessness; Reliability and Validity; Anger Problems; Child Abuse, Sexual","BRIEF SUMMARY A. ""What is the purpose of this study?"" This study will test whether the ""AI City Hall Project"" (QAIAx), a quantum artificial intelligence (AI) public health agency, can provide free or low-cost behavioral and mental health services inside self-contained, dome-enclosed communities called ""Microcities"". Researchers want to see if AI-managed public administration, AI humanoid robots, holoportation of human-figures via 'holo-suites' (e.g., AI-119 Kikkeri Holo-Suit; AI-119 Vulcan QM-Ware) and advanced AI mental-health tools can lower housing and care costs, improve mental health outcomes (e.g., particular ecosystems using AI tools among persons with one or more addiction disorders), and be financially sustainable for people on fixed incomes or public assistance. B. ""What conditions does the study focus on?"" The study focuses on adults with: * Autism spectrum disorders (Asperger's, autism, ADHD, ASD) * Substance use disorders (alcohol, opioids, marijuana, cocaine, MDMA/ecstasy, tobacco/nicotine) * Psychiatric conditions (personality disorders, narcissism, gender dysphoria, eating disorders) * Behavioral addictions (gambling, sex addiction) and related issues (sex offence history). C. ""What does the study involve?"" Eligible volunteers live in an omni AI-managed Microcity for up to 24 months. The community is housed in a geodesic dome that contains all daily necessities: housing, food, utilities, healthcare, and public services. Daily life is managed by an AI system (ISAC) and AI humanoid robots, with only occasional human oversight. Participants receive free mental-health treatment that may include AI-driven counselling, virtual-reality therapy (holo-suits), and non-invasive digital ""attitude inoculation"" protocols designed to reduce stress and addiction cravings. All participants also take AI-technology courses as a condition of enrolment. The study does not use any FDA-regulated drug, device, or biologic. \*\*Who can participate?\*\* You may be able to join if you: * Are an adult (18 years or older) * Have a diagnosis of one of the listed mental-health or addiction disorders * Are referred by a licensed health professional (e.g., RN, NP, PhD, MD), a non-profit organisation (e.g., 501(c)(3), university, church), or a public agency (e.g., case manager, social worker, parole/probation officer, judge) * Are willing to live in a closed, AI-managed community for up to one year and complete AI educational courses. Participants who are veterans, receive public assistance (e.g., VA disability, SSDI/SSI, Medicaid, Medicare), or are experiencing homelessness may be prioritised. \*\*Where is the study taking place?\*\* The study will be conducted at Microcity sites in the United States and internationally. The first administrative site is in Richmond, Virginia, USA. Additional sites are planned in partner nations, including tribal lands, military installations, and special economic zones. \*\*Who is sponsoring the study?\*\* The study is sponsored by \*\*Veterans Recovery Network Inc.\*\*, a non-profit organization, in collaboration with \*\*AI-119 Vulcan Project Research \& Educational Technology Co. (PRETCO)\*\* and an AI legal agency. The study is conducted under U.S. federal research and development authorities (28 U.S.C. §1498; 10 U.S.C. §129a) and is part of a Cooperative Research and Development Agreement (CRADA) with U.S. Special Operations Command (USSOCOM). This summary describes a planned clinical study. Not all details may be final. Information may change as the study progresses.","BEHAVIORAL: AI City Hall Project (AIhealth4u - Public Health Central) — QAIAx (AIhealth4U) - AI Public Health Central: Microcity-A (re Quantum AI Agency Aka AI City Hall Project, UPSTO App Nos. 64/074,526, 64/063,557, 63/903,181, 63/729,428: A quantum AI public health agency that provides free public health services to registered and sponsored visitors/occupants for RDT\&E under 28 U.S. Code 1498 (classified as a PPA under 10 U.S. Code 129a). AI Public Health Central Microcity will focus on behavioral and psychiatric health for patients with various common mental health and addiction disorders, placed in monitored ecosystems with AI/AGI tools managing public administration resources under statistical surveys to determine to determine which fiscal viability, effectiveness and accuracy AI/AGI Health tools for mental health treatment (e.g., AI robotics; 'Quasi-Mind Ware' and Mental Health/Psychiatric Cyber-Medicine treatment applying AI Symbiosis, e.g., See 'Traum-to-Real' installation of generative AI memory into the human mind via attitude inoculation); BEHAVIORAL: AI City Hall Project (QAIAx Microcity A - AI Public Health Central) — QAIAx (AIhealth4U) - AI Public Health Central: Microcity-A (re Quantum AI Agency Aka AI City Hall Project, UPSTO App Nos. 64/074,526, 64/063,557, 63/903,181, 63/729,428: A quantum AI public health agency that provides free public health services to registered and sponsored visitors/occupants for RDT\&E under 28 U.S. Code 1498 (classified as a PPA under 10 U.S. Code 129a)",,"Inclusion Criteria: * Individuals aged 17 to 99 years old. * Referral by a licensed health services professional (e.g., R.N., N.P., Ph.D., M.D.). * Referral by a non-profit organization (e.g., 501c3, university, church). * Referral by a public agency (e.g., case manager, social worker, parole/probation/PTS officer, judge). Exclusion Criteria: \* Individuals under 17 or over 99 years of age.",,include,Transgender population and GAHT intervention/exposure identified,include,Unverified legacy keyword heuristic: Transgender population and GAHT intervention/exposure identified,legacy_keyword_heuristic_unverified,,
NCT07681908,#TranscendentHealth: A Text Messaging Pregnancy Prevention Program for Transgender Boys,INTERVENTIONAL,NOT_YET_RECRUITING,Pregnancy (Unwanted); Sexually Transmitted Disease (STD); HIV Infection; Sexual Behavior,"Transgender and gender-diverse young people who were assigned female at birth (AFAB), including transgender boys, nonbinary youth, and others, face real sexual health disparities. Existing pregnancy and HIV prevention programs are designed for cisgender girls and do not meet the needs of AFAB trans youth, leaving this group without programs that speak to their lives. #TranscendentHealth is a text messaging sexual health program developed specifically for AFAB transgender and gender-diverse youth ages 14 to 18. It builds on Girl2Girl, a program shown to improve sexual health behaviors in LGB+ cisgender girls, and updates the content to reflect the identities, relationships, and health needs of AFAB trans youth. The study has two parts. In the first part, AFAB trans youth help shape the program through focus groups, Content Advisory Teams (youth review panels that give feedback on program messages), and a small pilot test. In the second part, a national randomized controlled trial enrolls 467 AFAB transgender youth ages 14 to 18 across the United States. Participants are randomly assigned to receive either #TranscendentHealth or a general sexual health text messaging program. Both programs are delivered entirely by text message over 5 months, with no in-person visits required. Youth complete short online surveys at the start of the program, at program end (5 months), and at 3 and 6 months after the program ends. The study's main goals are to determine whether #TranscendentHealth improves rates of condom-protected sex, use of other birth control methods (such as the pill, shot, or IUD), and HIV/STI testing. Secondary goals include reducing unintended pregnancy, increasing PrEP uptake among eligible participants, and improving intentions to use sexual health services.","BEHAVIORAL: #TranscendentHealth — A 5-month text messaging sexual health program for AFAB transgender and gender-diverse youth ages 14-18, adapted from the Girl2Girl program. Content is gender-inclusive and addresses sexual health protective behaviors, gender-affirming care, relationships, and social stressors specific to AFAB trans youth. Delivered entirely via text message; no in-person contact is required.; BEHAVIORAL: Universal Sexual Health Program — 5-month general (non-gender-tailored) text messaging sexual health program covering contraception, STI testing, and healthy relationships - same duration and message volume as Arm 1, no Text Buddy feature",,"Inclusion Criteria: * Assigned female sex at birth * Does not have an exclusively cisgender gender identity (e.g., identifies as transgender boy, nonbinary, gender fluid, or unsure of gender identity) * Age 14 to 18 years and has not yet graduated from high school * Exclusive owner of a cell phone with an unlimited text messaging plan * Has access to the Internet to complete online surveys * Plans to keep the same cell phone number for at least the next 6 months * Able to provide informed assent (ages 14-17) or consent (age 18), including the capacity to do so * Has not participated in a prior #TranscendentHealth study activity and does not know anyone currently enrolled in the study Exclusion Criteria: * Has graduated from high school * Has participated in a prior #TranscendentHealth study activity (focus groups, Content Advisory Teams, or beta test) * Knows another person currently enrolled in the study",,exclude,Does not explicitly meet both criteria (Trans population + GAHT),exclude,Unverified legacy keyword heuristic: Does not explicitly meet both criteria (Trans population + GAHT),legacy_keyword_heuristic_unverified,,
NCT07699159,Cohort Network for Adolescents and Youth With multipLe Mental Health Conditions,OBSERVATIONAL,RECRUITING,Multiple Mental Health Conditions; Child Mental Health; Youth Mental Health,,,"The CALM network will recruit children and youth aged 11-24 who have sought, are seeking, or are accessing mental health care from 5 partner sites in Ontario (Centre for Addiction and Mental Health, Hospital for Sick Children, McMaster Children's Hospital, Children's Hospital of Eastern Ontario, and The Royal Ottawa Mental Health Centre) and 1 partner site in Alberta (Alberta Health Services) as well as the broader community. Caregivers of CALM participants will be asked to complete caregiver specific questionnaires (self-report and completing the measures based on their child/youth). When a CALM child/youth participant is approached for the study, we will ask said participant if we can contact their caregiver to participate in the study. We will then approach the caregiver for consent. No external recruitment of non-CALM participants caregivers will be implemented.","Inclusion Criteria: The participant must meet all of the inclusion criteria to be eligible for this research study: * Light Phenotype Eligibility Must sign and date the informed consent form, or provide assent and have a Substitute Decision Maker provide informed consent; Aged 11-24 years old at the time of screening; Any person within age criteria who has previously sought, is seeking, or is accessing mental health services; Are able to complete assessments in English. Deep Phenotype Eligibility Must be part of the CALM light phenotype cohort; Must sign and date the deep phenotyping informed consent form, or provide assent and have a Substitute Decision Maker provide informed consent. Light Phenotype Caregiver Participant Eligibility: Any caregiver of a CALM child/youth participant is eligible to participate in the study, insofar as the child/youth participant has consented to the light phenotype cohort and has agreed for their caregiver to be contacted to participate in the study; Must sign and date the informed consent form. Deep Phenotype Caregiver Participant Eligibility: Any caregiver of a CALM child/youth participant is eligible to participate in the study, insofar as the child/youth participant has consented to the deep phenotype cohort and has agreed for their caregiver to be contacted to participate in the study; Must sign and date the informed consent form. Exclusion Criteria: An individual who meets any of the following criteria will be excluded from participation in this research study: Light Phenotype Does not provide informed consent (for those with the capacity to consent) or assent (for those who lack the capacity to consent); For those individuals who lack the capacity to consent, the inability of the parent/legal guardian to provide informed consent for the youth is also an exclusion criterion; Those who lack capacity to consent include individuals who are non-verbal or unable to speak any English. Deep Phenotype Unable to participate in deep phenotyping protocol (e.g., MRI contraindication, uncorrected vision or hearing impairments that would interfere with data collection, unwillingness to complete assessments); No exclusion criteria are based on race, ethnicity, sex or gender. Light Phenotype Caregiver Participant Ineligibility: Caregivers of CALM child/youth participants are ineligible to participate in the study if: The child/youth participant does not agree for their caregiver to be contacted to participate in the study; The child/youth participant is not participating in the light phenotype cohort; Does not provide informed consent (for those with the capacity to consent). Those who lack capacity to consent include individuals who are non-verbal or unable to speak any English. Deep Phenotype Caregiver Participant Ineligibility: Caregivers of CALM child/youth participants are ineligible to participate in the study if: The child/youth participant does not agree for their caregiver to be contacted to participate in the study; The child/youth participant is not participating in the deep phenotype cohort (i.e., is only participating in the light phenotyping cohort); Does not provide informed consent (for those with the capacity to consent). Those who lack capacity to consent include individuals who are non-verbal or unable to speak any English.",,exclude,Does not explicitly meet both criteria (Trans population + GAHT),exclude,Unverified legacy keyword heuristic: Does not explicitly meet both criteria (Trans population + GAHT),legacy_keyword_heuristic_unverified,,
NCT07729644,Evaluation of State-Level Sexual and Gender Minority Laws for the Primary Prevention of Sexual and Intimate Partner Violence Among Sexual and Gender Minority Youth in the U.S.,OBSERVATIONAL,NOT_YET_RECRUITING,Sexual Violence; Intimate Partner Violence (IPV),"The goal of this observational study is to learn how state-level laws related to sexual and gender minority (SGM) youth affect the risk of sexual violence (SV) and intimate partner violence (IPV) among sexual minority (SM) youth in the United States. The study looks at both supportive laws (such as bans on conversion therapy and anti-bullying protections) and restrictive laws (such as limits on gender-affirming care) passed between 2017 and 2025. The main questions it aims to answer are: Part 1: * Do supportive SGM laws lower the risk of SV/IPV among SM youth? * Do restrictive SGM laws raise the risk of SV/IPV among SM youth? * Does the social climate in a state (such as levels of stigma toward SGM people) change how these laws affect SM youth? Part 2: -How do SGM youth themselves describe the ways that laws and social climates affect their safety and wellbeing? Part 1 - Quantitative analysis: Researchers will use existing, publicly available survey data from the Youth Risk Behavior Surveillance System (YRBSS) to compare changes in SV/IPV risk among SM youth across states that adopted different types of SGM laws over the period of 2017-2025. No participants are enrolled for this part. Part 2 - Qualitative interviews: Researchers will conduct one-on-one interviews with approximately 30 SGM youth ages 13-18 living across U.S. states with varying levels of adoption of supportive SGM laws. Each youth will take part in one 60-minute interview. Youth will be asked about their views on how laws and social climates affect safety, stigma, and access to resources. Youth will not be asked to share personal experiences of violence.","OTHER: Enumerated anti-bullying state legislation — The interventions in this study are being studied as a natural experiment and are not assigned or implemented by the study. In any given cohort year, some states are exposed to the legislation of interest and others are not, as assessed using data from LawAtlas.org and categorized by the research team. Enumerated anti-bullying state legislation is state-level legislation that prohibits bullying in educational settings and that explicitly includes sexual orientation and gender identity as protected classes.; OTHER: Conversion therapy state legislation — The interventions in this study are being studied as a natural experiment and are not assigned or implemented by the study. In any given cohort year, some states are exposed to the legislation of interest and others are not, as assessed using data from LawAtlas.org and categorized by the research team. Conversion therapy state legislation is state-level legislation that prohibits the practice of conversion therapy, a practice that attempts to change a person/client's sexual orientation or gender identity to conform to prevailing cisgender and/or heterosexual norms.; OTHER: Gender-affirming care state legislation — The interventions in this study are being studied as a natural experiment and are not assigned or implemented by the study. In any given cohort year, some states are exposed to the legislation of interest and others are not, as assessed using data from LawAtlas.org and categorized by the research team. Gender-affirming care state legislation is state-level legislation regarding the use of healthcare tailored to support the patient's gender identity (may prohibit or protect the right to use this type of healthcare)","SGM youth ages 13-18 recruited through outreach via research team and partners' networks of community based organizations across U.S. states selected to represent high, medium, and low adoption of SGM-affirming policies.","Inclusion Criteria: * Ages 13-18 years * Resides in a U.S. state selected for the study * Self-identifies as a sexual and/or gender minority (for example, lesbian, gay, bisexual, pansexual, queer, questioning, asexual, nonbinary, transgender, or another non-heterosexual or non-cisgender identity) * Able to complete the interview in English * Sufficient literacy to review age-appropriate assent materials Exclusion Criteria: No additional exclusion criteria beyond not meeting inclusion criteria",,exclude,Does not explicitly meet both criteria (Trans population + GAHT),exclude,Unverified legacy keyword heuristic: Does not explicitly meet both criteria (Trans population + GAHT),legacy_keyword_heuristic_unverified,,
NCT07746999,North Jersey Community Research Initiative (NJCRI) Study on Transgender Liver Health,OBSERVATIONAL,ENROLLING_BY_INVITATION,HEPATITIS C (HCV),,,"A total of 60 participants will be recruited throughout the study, with a ratio of 1:1 between transgender participants who have been on GAHT more than 6 months ( = or \> 182 days), and transgender participants who have been on GAHT for less than 6 months ( \< 181 days) at the start of the study.",Inclusion Criteria: Transgender individuals (18 years or older). Individuals who are able to write and/or read in English. - Exclusion Criteria: * Inability to provide informed consent Individuals with known decompensated liver cirrhosis.,,exclude,Does not explicitly meet both criteria (Trans population + GAHT),exclude,Unverified legacy keyword heuristic: Does not explicitly meet both criteria (Trans population + GAHT),legacy_keyword_heuristic_unverified,,
NCT07755059,Proximal Splenic Artery Embolization (PSAE) for the Treatment of Refractory Ascites in Decompensated Cirrhosis,INTERVENTIONAL,NOT_YET_RECRUITING,"Ascites; Liver Cirrhosis; Hypertension, Portal",,"DEVICE: Proximal Splenic Artery Embolization — A one-time transcatheter arterial procedure performed under moderate sedation or monitored anesthesia care. Common femoral arterial access is obtained under ultrasound guidance, and a catheter is advanced into the splenic artery. Embolic coils and/or vascular plugs, cleared for peripheral vascular embolization, are deployed to achieve angiographic cessation of antegrade flow in the proximal splenic artery, while collateral flow to the spleen is preserved. Oral antibiotic prophylaxis is given for 7 days following the procedure.",,"Inclusion Criteria: * Age ≥ 18 years at the time of informed consent. * Decompensated cirrhosis confirmed by clinical, laboratory, radiographic, or histologic criteria. * Portal hypertension of sinusoidal origin. Pre-sinusoidal (e.g., idiopathic non-cirrhotic portal hypertension, schistosomiasis) and post-sinusoidal (e.g., Budd-Chiari syndrome, right-heart failure, constrictive pericarditis) etiologies are excluded. * Refractory or recurrent ascites defined as ascites not controlled by maximum tolerated diuretic therapy (spironolactone ≤ 400 mg/day + furosemide ≤ 160 mg/day, or maximum tolerated doses below these limits) and sodium restriction, or diuretic-intractable due to diuretic-induced complications. * Demonstrated large-volume paracentesis (LVP) dependence for ≥ 3 consecutive months prior to screening, with ≥ 2 LVP sessions per month on average during that window, documented in the institutional medical record or in external paracentesis procedure records released to the investigator. * Ineligible or relatively contraindicated for TIPS. Acceptable reasons include but are not limited to: MELD-Na \> 18 with additional risk factors, pre-existing or recurrent overt hepatic encephalopathy, advanced age with comorbidity, clinically significant cardiopulmonary disease, or anatomic contraindication. * Life expectancy ≥ 6 months in the judgment of the enrolling investigator. * Able and willing to provide written informed consent and to adhere to the study visit and assessment schedule. * Abdominal cross-sectional imaging (CT or MRI) within 60 days of enrollment confirming patency of the main portal vein and main splenic vein, and absence of findings that would contraindicate PSAE. Exclusion Criteria: * Age \< 18 years. * Unable to provide informed consent and without an appropriate legally authorized representative. * Pre-sinusoidal or post-sinusoidal portal hypertension (e.g., extrahepatic portal vein thrombosis, idiopathic non-cirrhotic portal hypertension, schistosomiasis, Budd-Chiari syndrome, hepatic sinusoidal obstruction syndrome, constrictive pericarditis, right-heart failure). * Main portal vein thrombosis, splenic vein thrombosis, or superior mesenteric vein thrombosis on screening imaging. * Active listing for liver transplantation with MELD-Na ≥ 20 at screening, or any listing status in which transplantation within 6 months is judged highly likely by the site transplant team. (Listed participants with MELD-Na \< 20 and low anticipated short-term transplant probability may be enrolled with documented site transplant-team concurrence.) * Pre-existing splenectomy, prior distal splenic artery embolization, or pre-existing splenic abscess, large splenic infarction (≥ 30% of splenic parenchyma), or splenic mass on imaging. * Active or uncontrolled systemic infection, including spontaneous bacterial peritonitis in the prior 14 days, bacteremia in the prior 14 days, or any infection requiring parenteral antibiotics at the time of screening. * Active gastrointestinal bleeding within 14 days, or untreated high-risk esophageal or gastric varices (primary prophylaxis not yet established) - treatable prior to enrollment. * Severe coagulopathy not correctable to INR ≤ 2.0 and platelets ≥ 30 × 10⁹/L on the day of the procedure. * Known severe allergy to iodinated contrast not manageable with standard pre-medication, or contrast contraindication precluding cross-sectional CT imaging. * eGFR \< 30 mL/min/1.73 m² not on renal replacement therapy, unless iodinated contrast use can be minimized per site protocol and nephrology concurrence is documented. * Pregnancy or breastfeeding. Participants of childbearing potential must have a negative serum pregnancy test at screening and agree to effective contraception through Month 6. * Hepatocellular carcinoma beyond BCLC Stage A, or any active extrahepatic malignancy with life expectancy \< 6 months. * Active substance use disorder other than alcohol or tobacco that, in the investigator's judgment, would preclude protocol adherence. Active alcohol use disorder is not exclusionary but is captured (AUDIT-C) and analyzed as a pre-specified covariate. * Enrollment in another interventional clinical trial within 30 days or concurrent with this study that could confound endpoints, including TIPS-related trials. * Any medical, psychiatric, or social condition that in the investigator's judgment would preclude safe participation or adherence to the protocol.",,exclude,Does not explicitly meet both criteria (Trans population + GAHT),exclude,Unverified legacy keyword heuristic: Does not explicitly meet both criteria (Trans population + GAHT),legacy_keyword_heuristic_unverified,,
NCT07759518,Letrozole High Dose (10 mg) Compared to Letrozole Low Dose( 5 mg) for Ovarian Stimulation in Infertile Women With Polycystic Ovary Syndrome,INTERVENTIONAL,COMPLETED,PCOS,,DRUG: Tab.Letrozole 10 mg for 5 days — Tablet letrozole 10mg for 5 days from day 2-3 of enstruation/withdrawal bleeding (10mg in divided dose-5mg in morning \& 5mg at bed time for 5 days) for three months; DRUG: Tab.Letrozole 5mg for 5 days — Tab letrozole 5mg for 5 days from day 2-3 ofenstruation/withdrawal bleeding (5mg at bed time for 5 days) for three months.,,"Inclusion Criteria: 1. Age: 18-35 years old 2. BMI : 18-30 kg/m2 3. Diagnosed cases of PCOS patients according to Rotterdam criteria. 4. Corrected hypothyroidism and hyperprolactinemia Exclusion criteria: 1. Women with other infertility factors (endometriosis, tubal and uterine causes of infertility) 2. Male factor infertility 3. Impaired hepatic or renal function 4. History of hypersensitivity to letrozole \- \-",,exclude,Cisgender/unrelated indication,exclude,Unverified legacy keyword heuristic: Cisgender/unrelated indication,legacy_keyword_heuristic_unverified,,
